#pragma once
#include <stdint.h>

// Wygenerowane w SKALI SZAROSCI (gotowe do kolorowania w ESP)
// Transparent: 0xF81F

const int Dynamite_icon_width = 109;
const int Dynamite_icon_height = 148;

const uint16_t Dynamite_icon[16132] PROGMEM = {
    0xF81F, 0xF81F, 0xF81F, 0xF81F, 0xF81F, 0xF81F, 0xF81F, 0xF81F, 0xF81F, 0xF81F, 0xF81F, 0xF81F,
    0xF81F, 0xF81F, 0xF81F, 0xF81F, 0xF81F, 0xF81F, 0xF81F, 0xF81F, 0xF81F, 0xF81F, 0xF81F, 0xF81F,
    0xF81F, 0xF81F, 0xF81F, 0xF81F, 0xF81F, 0xF81F, 0xF81F, 0xF81F, 0xF81F, 0xF81F, 0xF81F, 0xF81F,
    0xF81F, 0xF81F, 0xF81F, 0xF81F, 0xF81F, 0xF81F, 0xF81F, 0xF81F, 0xF81F, 0xF81F, 0xF81F, 0xF81F,
    0xF81F, 0xF81F, 0xF81F, 0xF81F, 0xF81F, 0xF81F, 0xF81F, 0xF81F, 0xF81F, 0xF81F, 0xF81F, 0xF81F,
    0xF81F, 0xF81F, 0xF81F, 0xF81F, 0xF81F, 0xF81F, 0xF81F, 0xF81F, 0xF81F, 0x0000, 0x0000, 0x0000,
    0x0000, 0x0000, 0x0000, 0x0000, 0x0000, 0x0000, 0x0000, 0xF81F, 0xF81F, 0xF81F, 0xF81F, 0xF81F,
    0xF81F, 0xF81F, 0xF81F, 0xF81F, 0xF81F, 0xF81F, 0xF81F, 0xF81F, 0xF81F, 0xF81F, 0xF81F, 0xF81F,
    0xF81F, 0xF81F, 0xF81F, 0xF81F, 0xF81F, 0xF81F, 0xF81F, 0xF81F, 0xF81F, 0xF81F, 0xF81F, 0xF81F,
    0xF81F, 0xF81F, 0xF81F, 0xF81F, 0xF81F, 0xF81F, 0xF81F, 0xF81F, 0xF81F, 0xF81F, 0xF81F, 0xF81F,
    0xF81F, 0xF81F, 0xF81F, 0xF81F, 0xF81F, 0xF81F, 0xF81F, 0xF81F, 0xF81F, 0xF81F, 0xF81F, 0xF81F,
    0xF81F, 0xF81F, 0xF81F, 0xF81F, 0xF81F, 0xF81F, 0xF81F, 0xF81F, 0xF81F, 0xF81F, 0xF81F, 0xF81F,
    0xF81F, 0xF81F, 0xF81F, 0xF81F, 0xF81F, 0xF81F, 0xF81F, 0xF81F, 0xF81F, 0xF81F, 0xF81F, 0xF81F,
    0xF81F, 0xF81F, 0xF81F, 0xF81F, 0xF81F, 0xF81F, 0xF81F, 0xF81F, 0xF81F, 0xF81F, 0xF81F, 0xF81F,
    0xF81F, 0xF81F, 0xF81F, 0xF81F, 0xF81F, 0xF81F, 0xF81F, 0xF81F, 0xF81F, 0x0000, 0x0000, 0x0000,
    0x0000, 0x0000, 0x0000, 0x0000, 0x0000, 0x0000, 0x0000, 0x0000, 0x0000, 0xF81F, 0xF81F, 0xF81F,
    0xF81F, 0xF81F, 0xF81F, 0xF81F, 0xF81F, 0xF81F, 0xF81F, 0xF81F, 0xF81F, 0xF81F, 0xF81F, 0xF81F,
    0xF81F, 0xF81F, 0xF81F, 0xF81F, 0xF81F, 0xF81F, 0xF81F, 0xF81F, 0xF81F, 0xF81F, 0xF81F, 0xF81F,
    0xF81F, 0xF81F, 0xF81F, 0xF81F, 0xF81F, 0xF81F, 0xF81F, 0xF81F, 0xF81F, 0xF81F, 0xF81F, 0xF81F,
    0xF81F, 0xF81F, 0xF81F, 0xF81F, 0xF81F, 0xF81F, 0xF81F, 0xF81F, 0xF81F, 0xF81F, 0xF81F, 0xF81F,
    0xF81F, 0xF81F, 0xF81F, 0xF81F, 0xF81F, 0xF81F, 0xF81F, 0xF81F, 0xF81F, 0xF81F, 0xF81F, 0xF81F,
    0xF81F, 0xF81F, 0xF81F, 0xF81F, 0xF81F, 0xF81F, 0xF81F, 0xF81F, 0xF81F, 0xF81F, 0xF81F, 0xF81F,
    0xF81F, 0xF81F, 0xF81F, 0xF81F, 0xF81F, 0xF81F, 0xF81F, 0xF81F, 0xF81F, 0xF81F, 0xF81F, 0xF81F,
    0xF81F, 0xF81F, 0xF81F, 0xF81F, 0xF81F, 0xF81F, 0xF81F, 0xF81F, 0xF81F, 0x0000, 0x0000, 0x0000,
    0x2965, 0xFFDF, 0x9492, 0x0841, 0x0000, 0x0000, 0x0000, 0x0000, 0x0000, 0x0000, 0xF81F, 0xF81F,
    0xF81F, 0xF81F, 0xF81F, 0xF81F, 0xF81F, 0xF81F, 0xF81F, 0xF81F, 0xF81F, 0xF81F, 0xF81F, 0xF81F,
    0xF81F, 0xF81F, 0xF81F, 0xF81F, 0xF81F, 0xF81F, 0xF81F, 0xF81F, 0xF81F, 0xF81F, 0xF81F, 0xF81F,
    0xF81F, 0xF81F, 0xF81F, 0xF81F, 0xF81F, 0xF81F, 0xF81F, 0xF81F, 0xF81F, 0xF81F, 0xF81F, 0xF81F,
    0xF81F, 0xF81F, 0xF81F, 0xF81F, 0xF81F, 0xF81F, 0xF81F, 0xF81F, 0xF81F, 0xF81F, 0xF81F, 0xF81F,
    0xF81F, 0xF81F, 0xF81F, 0xF81F, 0xF81F, 0xF81F, 0xF81F, 0xF81F, 0xF81F, 0xF81F, 0xF81F, 0xF81F,
    0xF81F, 0xF81F, 0xF81F, 0xF81F, 0xF81F, 0xF81F, 0xF81F, 0xF81F, 0xF81F, 0xF81F, 0xF81F, 0xF81F,
    0xF81F, 0xF81F, 0xF81F, 0xF81F, 0xF81F, 0xF81F, 0xF81F, 0xF81F, 0xF81F, 0xF81F, 0xF81F, 0xF81F,
    0xF81F, 0xF81F, 0xF81F, 0xF81F, 0x0000, 0x0000, 0x0000, 0x0000, 0x0000, 0xF81F, 0x0000, 0x0000,
    0x2104, 0xFFDF, 0xFFDF, 0xFFDF, 0xD6BA, 0x2124, 0x0000, 0x0000, 0x0000, 0x0000, 0x0000, 0x0000,
    0xF81F, 0xF81F, 0xF81F, 0xF81F, 0xF81F, 0xF81F, 0xF81F, 0xF81F, 0xF81F, 0xF81F, 0xF81F, 0xF81F,
    0xF81F, 0xF81F, 0xF81F, 0xF81F, 0xF81F, 0xF81F, 0xF81F, 0xF81F, 0xF81F, 0xF81F, 0xF81F, 0xF81F,
    0xF81F, 0xF81F, 0xF81F, 0xF81F, 0xF81F, 0xF81F, 0xF81F, 0xF81F, 0xF81F, 0xF81F, 0xF81F, 0xF81F,
    0xF81F, 0xF81F, 0xF81F, 0xF81F, 0xF81F, 0xF81F, 0xF81F, 0xF81F, 0xF81F, 0xF81F, 0xF81F, 0xF81F,
    0xF81F, 0xF81F, 0xF81F, 0xF81F, 0xF81F, 0xF81F, 0xF81F, 0xF81F, 0xF81F, 0xF81F, 0xF81F, 0xF81F,
    0xF81F, 0xF81F, 0xF81F, 0xF81F, 0xF81F, 0xF81F, 0xF81F, 0xF81F, 0xF81F, 0xF81F, 0xF81F, 0xF81F,
    0xF81F, 0xF81F, 0xF81F, 0xF81F, 0xF81F, 0x0000, 0x0000, 0x0000, 0x0000, 0x0000, 0x0000, 0xF81F,
    0xF81F, 0x0000, 0x0000, 0x0000, 0x0000, 0x0000, 0x0000, 0x0000, 0x0000, 0x0000, 0x0000, 0x0000,
    0x0000, 0xEF5D, 0xFFDF, 0xFFDF, 0xFFDF, 0xFFDF, 0xF7BE, 0x6B4D, 0x0000, 0x0000, 0x0000, 0x0000,
    0x0000, 0x0000, 0x0000, 0xF81F, 0xF81F, 0xF81F, 0xF81F, 0xF81F, 0xF81F, 0xF81F, 0xF81F, 0xF81F,
    0xF81F, 0xF81F, 0xF81F, 0xF81F, 0xF81F, 0xF81F, 0xF81F, 0xF81F, 0xF81F, 0xF81F, 0xF81F, 0xF81F,
    0xF81F, 0xF81F, 0xF81F, 0xF81F, 0xF81F, 0xF81F, 0xF81F, 0xF81F, 0xF81F, 0xF81F, 0xF81F, 0xF81F,
    0xF81F, 0xF81F, 0x0000, 0x0000, 0x0000, 0x0000, 0xF81F, 0xF81F, 0xF81F, 0xF81F, 0xF81F, 0xF81F,
    0xF81F, 0xF81F, 0xF81F, 0xF81F, 0xF81F, 0xF81F, 0xF81F, 0xF81F, 0xF81F, 0xF81F, 0xF81F, 0xF81F,
    0xF81F, 0xF81F, 0xF81F, 0xF81F, 0xF81F, 0xF81F, 0xF81F, 0xF81F, 0xF81F, 0xF81F, 0xF81F, 0xF81F,
    0xF81F, 0xF81F, 0xF81F, 0xF81F, 0xF81F, 0x0000, 0x0000, 0x0000, 0x0000, 0x0000, 0x0000, 0x0000,
    0x0000, 0x0000, 0x0000, 0x0000, 0x0000, 0x0000, 0x0000, 0x0000, 0x18C3, 0x0861, 0x0000, 0x0000,
    0x0000, 0xA534, 0xEF5D, 0xFFDF, 0xFFDF, 0xFFDF, 0xFFDF, 0xF7BE, 0xF7BE, 0xF7BE, 0xD69A, 0x8C51,
    0x2124, 0x0000, 0x0000, 0x0000, 0x0000, 0xF81F, 0xF81F, 0xF81F, 0xF81F, 0xF81F, 0xF81F, 0xF81F,
    0xF81F, 0xF81F, 0xF81F, 0xF81F, 0xF81F, 0xF81F, 0xF81F, 0xF81F, 0xF81F, 0xF81F, 0xF81F, 0xF81F,
    0xF81F, 0xF81F, 0xF81F, 0xF81F, 0xF81F, 0xF81F, 0xF81F, 0xF81F, 0xF81F, 0xF81F, 0xF81F, 0xF81F,
    0xF81F, 0xF81F, 0x0000, 0x0000, 0x0000, 0x0000, 0x0000, 0x0000, 0xF81F, 0xF81F, 0xF81F, 0xF81F,
    0xF81F, 0xF81F, 0xF81F, 0xF81F, 0xF81F, 0xF81F, 0xF81F, 0xF81F, 0xF81F, 0xF81F, 0xF81F, 0xF81F,
    0xF81F, 0xF81F, 0xF81F, 0xF81F, 0xF81F, 0xF81F, 0xF81F, 0xF81F, 0xF81F, 0xF81F, 0xF81F, 0xF81F,
    0xF81F, 0xF81F, 0xF81F, 0xF81F, 0xF81F, 0xF81F, 0x0000, 0x0000, 0x0000, 0x0000, 0x0000, 0x0000,
    0x0000, 0x0000, 0x0000, 0x0000, 0x0000, 0x0000, 0x0000, 0x2124, 0xDEFB, 0xF7BE, 0xF7BE, 0x9CF3,
    0x4A69, 0x94B2, 0xF7BE, 0xF7BE, 0xFFDF, 0xFFDF, 0xFFDF, 0xFFDF, 0xFFDF, 0xFFDF, 0xFFDF, 0xFFDF,
    0xF7BE, 0xF7BE, 0x8C71, 0x0000, 0x0000, 0x0000, 0xF81F, 0xF81F, 0xF81F, 0xF81F, 0xF81F, 0xF81F,
    0xF81F, 0xF81F, 0xF81F, 0xF81F, 0xF81F, 0xF81F, 0xF81F, 0xF81F, 0xF81F, 0xF81F, 0xF81F, 0xF81F,
    0xF81F, 0xF81F, 0xF81F, 0xF81F, 0xF81F, 0xF81F, 0xF81F, 0xF81F, 0xF81F, 0xF81F, 0x0000, 0x0000,
    0x0000, 0x0000, 0x0000, 0x0000, 0x0000, 0x18E3, 0x39E7, 0x0000, 0x0000, 0xF81F, 0xF81F, 0xF81F,
    0xF81F, 0xF81F, 0xF81F, 0xF81F, 0xF81F, 0xF81F, 0xF81F, 0xF81F, 0xF81F, 0xF81F, 0xF81F, 0xF81F,
    0xF81F, 0xF81F, 0xF81F, 0xF81F, 0xF81F, 0xF81F, 0xF81F, 0xF81F, 0xF81F, 0xF81F, 0xF81F, 0xF81F,
    0xF81F, 0xF81F, 0xF81F, 0xF81F, 0xF81F, 0xF81F, 0xF81F, 0x0000, 0x0000, 0x0000, 0x0000, 0x0000,
    0x0000, 0x0000, 0x0000, 0x0000, 0x0000, 0x0000, 0x0000, 0x2124, 0xFFDF, 0xF7BE, 0xF7BE, 0xF7BE,
    0xF7BE, 0xF7BE, 0xF7BE, 0xF7BE, 0xF7BE, 0xFFDF, 0xFFDF, 0xFFDF, 0xFFDF, 0xFFDF, 0xFFDF, 0xFFDF,
    0xFFDF, 0xF7BE, 0xF7BE, 0xF7BE, 0x4A49, 0x0000, 0x0000, 0x0000, 0xF81F, 0xF81F, 0xF81F, 0xF81F,
    0xF81F, 0xF81F, 0xF81F, 0xF81F, 0xF81F, 0xF81F, 0xF81F, 0xF81F, 0xF81F, 0xF81F, 0xF81F, 0xF81F,
    0xF81F, 0xF81F, 0xF81F, 0xF81F, 0xF81F, 0xF81F, 0xF81F, 0xF81F, 0xF81F, 0xF81F, 0x0000, 0x0000,
    0x0000, 0x0000, 0x0000, 0x0000, 0x0000, 0x0000, 0x18E3, 0x6B6D, 0x0000, 0x0000, 0xF81F, 0xF81F,
    0xF81F, 0xF81F, 0xF81F, 0xF81F, 0xF81F, 0xF81F, 0xF81F, 0xF81F, 0xF81F, 0xF81F, 0xF81F, 0xF81F,
    0xF81F, 0xF81F, 0xF81F, 0xF81F, 0xF81F, 0xF81F, 0xF81F, 0xF81F, 0xF81F, 0xF81F, 0xF81F, 0xF81F,
    0xF81F, 0xF81F, 0xF81F, 0xF81F, 0xF81F, 0xF81F, 0xF81F, 0xF81F, 0x0000, 0x0000, 0x0000, 0x0000,
    0x2104, 0x0000, 0x0000, 0x0000, 0x0000, 0x0000, 0x0000, 0x2124, 0xFFDF, 0xFFDF, 0xF7BE, 0xF7BE,
    0xF7BE, 0xF7BE, 0xF7BE, 0xF7BE, 0xF7BE, 0xF7BE, 0xFFDF, 0xFFDF, 0xFFDF, 0xFFDF, 0xFFDF, 0xFFDF,
    0xF7BE, 0xFFDF, 0xF7BE, 0xF7BE, 0xF7BE, 0xF7BE, 0x18C3, 0x0000, 0x0000, 0x0000, 0x0000, 0xF81F,
    0xF81F, 0xF81F, 0xF81F, 0xF81F, 0xF81F, 0xF81F, 0xF81F, 0xF81F, 0xF81F, 0xF81F, 0xF81F, 0xF81F,
    0xF81F, 0xF81F, 0xF81F, 0xF81F, 0xF81F, 0xF81F, 0xF81F, 0xF81F, 0xF81F, 0xF81F, 0xF81F, 0x0000,
    0x0000, 0x2104, 0x0841, 0x0000, 0x0000, 0x0000, 0x0841, 0x0861, 0x6B6D, 0x0000, 0x0000, 0xF81F,
    0xF81F, 0xF81F, 0xF81F, 0xF81F, 0xF81F, 0xF81F, 0xF81F, 0xF81F, 0xF81F, 0xF81F, 0xF81F, 0xF81F,
    0xF81F, 0xF81F, 0xF81F, 0xF81F, 0xF81F, 0xF81F, 0xF81F, 0xF81F, 0xF81F, 0xF81F, 0xF81F, 0xF81F,
    0xF81F, 0xF81F, 0xF81F, 0xF81F, 0xF81F, 0xF81F, 0xF81F, 0xF81F, 0xF81F, 0x0000, 0x0000, 0x0000,
    0x0000, 0xEF5D, 0x4208, 0x0000, 0x0000, 0x0000, 0x0000, 0x2124, 0xFFDF, 0xFFDF, 0xFFDF, 0xF7BE,
    0xF7BE, 0xF7BE, 0xF7BE, 0xF7BE, 0xF7BE, 0xF7BE, 0xF7BE, 0xC638, 0xC638, 0xFFDF, 0xFFDF, 0xFFDF,
    0xFFDF, 0xFFDF, 0xFFDF, 0xF7BE, 0xF7BE, 0xF7BE, 0xF7BE, 0xC618, 0x0000, 0x0000, 0x0000, 0x0000,
    0x0000, 0xF81F, 0xF81F, 0xF81F, 0xF81F, 0xF81F, 0xF81F, 0xF81F, 0xF81F, 0xF81F, 0xF81F, 0xF81F,
    0xF81F, 0xF81F, 0xF81F, 0xF81F, 0xF81F, 0xF81F, 0xF81F, 0xF81F, 0xF81F, 0xF81F, 0xF81F, 0xF81F,
    0x0000, 0x0000, 0x7BEF, 0xB596, 0x10A2, 0x0000, 0x0000, 0x0000, 0x0861, 0x5ACB, 0x0000, 0x0000,
    0xF81F, 0x0000, 0x0000, 0x0000, 0x0000, 0x0000, 0xF81F, 0xF81F, 0xF81F, 0xF81F, 0xF81F, 0xF81F,
    0xF81F, 0xF81F, 0xF81F, 0xF81F, 0xF81F, 0xF81F, 0xF81F, 0xF81F, 0xF81F, 0xF81F, 0xF81F, 0xF81F,
    0xF81F, 0xF81F, 0xF81F, 0xF81F, 0xF81F, 0xF81F, 0xF81F, 0xF81F, 0xF81F, 0xF81F, 0x0000, 0x0000,
    0x0020, 0x2945, 0xF7BE, 0xF7BE, 0xAD75, 0x528A, 0x528A, 0xB596, 0xF7BE, 0xF7BE, 0xF7BE, 0xF7BE,
    0xF7BE, 0xF7BE, 0xF79E, 0xF79E, 0xF79E, 0xF79E, 0xCE79, 0x4228, 0x0000, 0x0000, 0x2124, 0xF7BE,
    0xF7BE, 0xF7BE, 0xF7BE, 0xF7BE, 0xF7BE, 0xF7BE, 0xF7BE, 0xF7BE, 0xF79E, 0x8C71, 0x0861, 0x0861,
    0x0000, 0x0000, 0xF81F, 0xF81F, 0xF81F, 0xF81F, 0xF81F, 0xF81F, 0xF81F, 0xF81F, 0xF81F, 0xF81F,
    0xF81F, 0xF81F, 0xF81F, 0xF81F, 0xF81F, 0xF81F, 0xF81F, 0xF81F, 0xF81F, 0xF81F, 0xF81F, 0xF81F,
    0xF81F, 0x0000, 0x0000, 0x0000, 0x7BEF, 0xA534, 0x10A2, 0x0000, 0x0000, 0x0000, 0x0000, 0x0000,
    0x0000, 0x0000, 0x0000, 0x0000, 0x0000, 0x0000, 0x0000, 0x0000, 0xF81F, 0xF81F, 0xF81F, 0xF81F,
    0xF81F, 0xF81F, 0xF81F, 0xF81F, 0xF81F, 0xF81F, 0xF81F, 0xF81F, 0xF81F, 0xF81F, 0xF81F, 0xF81F,
    0xF81F, 0xF81F, 0xF81F, 0xF81F, 0xF81F, 0xF81F, 0xF81F, 0xF81F, 0xF81F, 0xF81F, 0xF81F, 0x0000,
    0x0000, 0x0020, 0x4A49, 0xF7BE, 0xF7BE, 0xF7BE, 0xF7BE, 0xF7BE, 0xF7BE, 0xF7BE, 0xF7BE, 0xAD75,
    0x0000, 0x0000, 0x2104, 0x8C51, 0xF79E, 0xF79E, 0x4228, 0x0000, 0x0000, 0x0000, 0x0000, 0x0000,
    0x2124, 0xF7BE, 0xF7BE, 0xF7BE, 0xF7BE, 0xF7BE, 0xF7BE, 0xF7BE, 0xF7BE, 0xF79E, 0xF79E, 0xF79E,
    0x0861, 0x0000, 0x0000, 0xF81F, 0xF81F, 0xF81F, 0xF81F, 0xF81F, 0xF81F, 0xF81F, 0xF81F, 0xF81F,
    0xF81F, 0xF81F, 0xF81F, 0xF81F, 0xF81F, 0xF81F, 0xF81F, 0xF81F, 0xF81F, 0xF81F, 0xF81F, 0xF81F,
    0xF81F, 0xF81F, 0xF81F, 0x0000, 0x0000, 0x0000, 0x10A2, 0x10A2, 0x0000, 0x0000, 0x0000, 0x0000,
    0x0000, 0x0000, 0x0000, 0x0000, 0x2124, 0x4208, 0x0000, 0x0000, 0x0000, 0xF81F, 0xF81F, 0xF81F,
    0xF81F, 0xF81F, 0xF81F, 0xF81F, 0xF81F, 0xF81F, 0xF81F, 0xF81F, 0xF81F, 0xF81F, 0xF81F, 0xF81F,
    0xF81F, 0xF81F, 0xF81F, 0xF81F, 0xF81F, 0xF81F, 0xF81F, 0xF81F, 0xF81F, 0xF81F, 0xF81F, 0xF81F,
    0x0000, 0x0000, 0x0020, 0x2945, 0xF7BE, 0xF7BE, 0xF7BE, 0xF7BE, 0xF7BE, 0xF7BE, 0xF7BE, 0x8C51,
    0x0000, 0x4228, 0xAD75, 0x4228, 0x0000, 0x0000, 0x0000, 0x0000, 0x2124, 0x4228, 0x8C71, 0x2124,
    0x0000, 0x0000, 0x4A49, 0xF7BE, 0xF7BE, 0xF7BE, 0xF7BE, 0xF7BE, 0xF7BE, 0xF7BE, 0xF79E, 0xF79E,
    0xF79E, 0xD69A, 0x0000, 0x0000, 0x0000, 0xF81F, 0xF81F, 0xF81F, 0xF81F, 0xF81F, 0xF81F, 0xF81F,
    0xF81F, 0xF81F, 0xF81F, 0xF81F, 0xF81F, 0xF81F, 0xF81F, 0xF81F, 0xF81F, 0xF81F, 0xF81F, 0xF81F,
    0xF81F, 0xF81F, 0xF81F, 0xF81F, 0xF81F, 0x0000, 0x0000, 0x0000, 0x0000, 0x0000, 0x0000, 0x0000,
    0x0000, 0x0000, 0x0000, 0x0000, 0x0000, 0x0000, 0x0000, 0x0000, 0x0000, 0x0000, 0xF81F, 0xF81F,
    0xF81F, 0xF81F, 0xF81F, 0xF81F, 0xF81F, 0xF81F, 0xF81F, 0xF81F, 0xF81F, 0xF81F, 0xF81F, 0xF81F,
    0xF81F, 0xF81F, 0xF81F, 0xF81F, 0xF81F, 0xF81F, 0xF81F, 0xF81F, 0xF81F, 0xF81F, 0xF81F, 0xF81F,
    0xF81F, 0x0000, 0x0000, 0x0020, 0x0020, 0xF7BE, 0xF7BE, 0xF7BE, 0xF7BE, 0xF7BE, 0xF7BE, 0xAD75,
    0x0000, 0x4228, 0xF7BE, 0xF7BE, 0xF7BE, 0xD69A, 0x4228, 0x4228, 0xCE79, 0xF79E, 0xF79E, 0xF7BE,
    0xF7BE, 0xD69A, 0x2124, 0x0000, 0xB596, 0xF7BE, 0xF7BE, 0x9CD3, 0x31A6, 0x18C3, 0x18C3, 0x2965,
    0xD69A, 0xF79E, 0xF79E, 0x528A, 0x0000, 0x0000, 0xF81F, 0xF81F, 0xF81F, 0xF81F, 0xF81F, 0xF81F,
    0xF81F, 0xF81F, 0xF81F, 0xF81F, 0xF81F, 0xF81F, 0xF81F, 0xF81F, 0xF81F, 0xF81F, 0xF81F, 0xF81F,
    0xF81F, 0xF81F, 0xF81F, 0xF81F, 0xF81F, 0xF81F, 0xF81F, 0x0000, 0x0000, 0x0000, 0x0000, 0x0000,
    0x0000, 0x31A6, 0x31A6, 0x0000, 0x0000, 0x0000, 0x0000, 0x0000, 0x0000, 0x0000, 0xF81F, 0xF81F,
    0xF81F, 0xF81F, 0xF81F, 0xF81F, 0xF81F, 0xF81F, 0xF81F, 0xF81F, 0xF81F, 0xF81F, 0xF81F, 0xF81F,
    0xF81F, 0xF81F, 0xF81F, 0xF81F, 0xF81F, 0xF81F, 0xF81F, 0xF81F, 0xF81F, 0xF81F, 0xF81F, 0xF81F,
    0xF81F, 0xF81F, 0x0000, 0x0000, 0x0020, 0x0020, 0xAD55, 0xEF5D, 0xF7BE, 0xF7BE, 0xF7BE, 0xAD75,
    0x0000, 0x4A49, 0xF79E, 0xF79E, 0xFFDF, 0xF7BE, 0xFFDF, 0xFFDF, 0xF7BE, 0xFFDF, 0xF7BE, 0xFFDF,
    0xFFDF, 0xFFDF, 0xF7BE, 0xE71C, 0x0020, 0x0020, 0x2124, 0x0020, 0x0000, 0x2104, 0x2104, 0x0000,
    0x0000, 0x0000, 0xCE79, 0xF79E, 0xF79E, 0x0000, 0x0000, 0x0000, 0xF81F, 0xF81F, 0xF81F, 0xF81F,
    0xF81F, 0xF81F, 0xF81F, 0xF81F, 0xF81F, 0xF81F, 0xF81F, 0xF81F, 0xF81F, 0xF81F, 0xF81F, 0xF81F,
    0xF81F, 0xF81F, 0xF81F, 0xF81F, 0xF81F, 0xF81F, 0x0000, 0x0000, 0x0000, 0x0000, 0x0000, 0x0000,
    0x0000, 0x0000, 0x31A6, 0x8430, 0xBDD7, 0x10A2, 0x0000, 0x0000, 0x0000, 0xF81F, 0xF81F, 0xF81F,
    0xF81F, 0xF81F, 0xF81F, 0xF81F, 0xF81F, 0xF81F, 0xF81F, 0xF81F, 0xF81F, 0xF81F, 0xF81F, 0xF81F,
    0xF81F, 0xF81F, 0xF81F, 0xF81F, 0xF81F, 0xF81F, 0xF81F, 0xF81F, 0xF81F, 0xF81F, 0xF81F, 0xF81F,
    0xF81F, 0xF81F, 0xF81F, 0x0000, 0x0000, 0x0020, 0x0020, 0x0020, 0xEF5D, 0xF7BE, 0xF7BE, 0xAD75,
    0x2104, 0x0000, 0xF79E, 0xF79E, 0xF79E, 0xFFDF, 0xFFDF, 0xFFDF, 0xFFDF, 0xF7BE, 0xFFDF, 0xFFDF,
    0xF7BE, 0xFFDF, 0xF7BE, 0xF7BE, 0xFFDF, 0xD6BA, 0x6B6D, 0x6B6D, 0xB596, 0xF7BE, 0xF7BE, 0xF7BE,
    0xF7BE, 0x2104, 0x0000, 0x4228, 0xF79E, 0xF79E, 0x4228, 0x0000, 0x0000, 0xF81F, 0xF81F, 0xF81F,
    0xF81F, 0xF81F, 0xF81F, 0xF81F, 0xF81F, 0xF81F, 0xF81F, 0xF81F, 0xF81F, 0xF81F, 0xF81F, 0xF81F,
    0xF81F, 0xF81F, 0xF81F, 0xF81F, 0xF81F, 0xF81F, 0x0000, 0x0000, 0x0000, 0x0000, 0x0000, 0x0000,
    0x0000, 0x0000, 0x0000, 0x0000, 0x0000, 0x31A6, 0xAD75, 0x10A2, 0x0000, 0x0000, 0xF81F, 0xF81F,
    0xF81F, 0xF81F, 0xF81F, 0xF81F, 0xF81F, 0xF81F, 0xF81F, 0xF81F, 0xF81F, 0xF81F, 0xF81F, 0xF81F,
    0xF81F, 0xF81F, 0xF81F, 0xF81F, 0xF81F, 0xF81F, 0xF81F, 0xF81F, 0xF81F, 0xF81F, 0xF81F, 0xF81F,
    0xF81F, 0xF81F, 0xF81F, 0xF81F, 0x0000, 0x0000, 0x0020, 0x2124, 0x2124, 0x0020, 0x4228, 0x2104,
    0x0000, 0x2104, 0xF79E, 0xF79E, 0xF79E, 0xF79E, 0xFFDF, 0xF7BE, 0xFFDF, 0xFFDF, 0xFFDF, 0xF7BE,
    0xFFDF, 0xF7BE, 0xFFDF, 0xF7BE, 0xFFDF, 0xF7BE, 0xF7BE, 0xF7BE, 0xF7BE, 0xF7BE, 0xF7BE, 0xF7BE,
    0xF7BE, 0xF7BE, 0xCE79, 0x0000, 0x0000, 0xF79E, 0xF79E, 0xCE79, 0x0000, 0x0000, 0x0000, 0xF81F,
    0xF81F, 0xF81F, 0xF81F, 0xF81F, 0xF81F, 0xF81F, 0xF81F, 0xF81F, 0xF81F, 0xF81F, 0xF81F, 0xF81F,
    0xF81F, 0xF81F, 0xF81F, 0xF81F, 0xF81F, 0xF81F, 0xF81F, 0x0000, 0x0000, 0x0000, 0x0000, 0x0861,
    0x10A2, 0x0000, 0x0000, 0x0000, 0x0000, 0x0000, 0x0000, 0x4A49, 0xAD75, 0x0000, 0x0000, 0x0000,
    0xF81F, 0xF81F, 0xF81F, 0xF81F, 0xF81F, 0xF81F, 0xF81F, 0xF81F, 0xF81F, 0xF81F, 0xF81F, 0xF81F,
    0xF81F, 0xF81F, 0xF81F, 0xF81F, 0xF81F, 0xF81F, 0xF81F, 0xF81F, 0xF81F, 0xF81F, 0xF81F, 0xF81F,
    0xF81F, 0xF81F, 0xF81F, 0xF81F, 0xF81F, 0x0000, 0x0000, 0x0020, 0xAD55, 0xE73C, 0x4228, 0x0000,
    0x4228, 0xAD75, 0xF7BE, 0xF79E, 0xF79E, 0xF79E, 0xF79E, 0xFFDF, 0xFFDF, 0xFFDF, 0xFFDF, 0xF7BE,
    0xFFDF, 0xFFDF, 0xFFDF, 0xFFDF, 0xFFDF, 0xF7BE, 0xF7BE, 0xF7BE, 0xF7BE, 0xF7BE, 0xF7BE, 0xF7BE,
    0xF7BE, 0xF7BE, 0xF7BE, 0xF79E, 0x0000, 0x0000, 0xF79E, 0xF79E, 0xF79E, 0x2104, 0x0000, 0x0000,
    0xF81F, 0xF81F, 0xF81F, 0xF81F, 0xF81F, 0xF81F, 0xF81F, 0xF81F, 0xF81F, 0xF81F, 0xF81F, 0xF81F,
    0xF81F, 0xF81F, 0xF81F, 0xF81F, 0xF81F, 0xF81F, 0xF81F, 0xF81F, 0x0000, 0x0000, 0x0000, 0x39C7,
    0xB5B6, 0x18C3, 0x0000, 0x0000, 0x0000, 0x0000, 0x0000, 0x0000, 0x0000, 0xB5B6, 0x39E7, 0x0000,
    0x0000, 0xF81F, 0xF81F, 0xF81F, 0xF81F, 0xF81F, 0xF81F, 0xF81F, 0xF81F, 0xF81F, 0xF81F, 0xF81F,
    0xF81F, 0xF81F, 0xF81F, 0xF81F, 0xF81F, 0xF81F, 0xF81F, 0xF81F, 0xF81F, 0xF81F, 0xF81F, 0xF81F,
    0xF81F, 0xF81F, 0xF81F, 0xF81F, 0xF81F, 0xF81F, 0x0000, 0x0000, 0x0000, 0x94B2, 0xCE79, 0x18E3,
    0x0861, 0xD69A, 0x6B6D, 0x4A69, 0xAD75, 0xAD75, 0xF7BE, 0xF7BE, 0xFFDF, 0xFFDF, 0xF7BE, 0xFFDF,
    0xF7BE, 0xF7BE, 0xF7BE, 0xF7BE, 0xEF7D, 0xCE79, 0xCE79, 0xEF7D, 0xF7BE, 0xF7BE, 0xF7BE, 0xF7BE,
    0xF79E, 0xF79E, 0xF79E, 0xF79E, 0x4A69, 0x0841, 0x4A69, 0xF7BE, 0xF7BE, 0xF7BE, 0x2104, 0x0000,
    0x0000, 0xF81F, 0xF81F, 0xF81F, 0xF81F, 0xF81F, 0xF81F, 0xF81F, 0xF81F, 0xF81F, 0xF81F, 0xF81F,
    0xF81F, 0xF81F, 0xF81F, 0xF81F, 0xF81F, 0xF81F, 0xF81F, 0xF81F, 0xF81F, 0x0000, 0x0000, 0x39C7,
    0xD69A, 0x18C3, 0x0000, 0x0000, 0x0000, 0x0000, 0x18E3, 0x0020, 0x0000, 0x0000, 0x5ACB, 0x9CF3,
    0x0000, 0x0000, 0xF81F, 0xF81F, 0xF81F, 0xF81F, 0xF81F, 0xF81F, 0xF81F, 0xF81F, 0xF81F, 0xF81F,
    0xF81F, 0xF81F, 0xF81F, 0xF81F, 0xF81F, 0xF81F, 0xF81F, 0xF81F, 0xF81F, 0xF81F, 0xF81F, 0xF81F,
    0xF81F, 0xF81F, 0xF81F, 0xF81F, 0xF81F, 0xF81F, 0xF81F, 0xF81F, 0x0000, 0x0000, 0x5ACB, 0x5ACB,
    0x0000, 0xD69A, 0x6B6D, 0x0861, 0x0861, 0x0000, 0x0000, 0x4228, 0xF7BE, 0xFFDF, 0xFFDF, 0xF7BE,
    0xFFDF, 0xF7BE, 0xF7BE, 0x2965, 0x0841, 0x0000, 0x0000, 0x0000, 0x0000, 0xB596, 0xF7BE, 0xF7BE,
    0xF7BE, 0xF79E, 0xF79E, 0xF79E, 0x4A69, 0x0841, 0x2945, 0xF7BE, 0xF7BE, 0xF7BE, 0xF7BE, 0x4228,
    0x0000, 0x0000, 0xF81F, 0xF81F, 0xF81F, 0xF81F, 0xF81F, 0xF81F, 0xF81F, 0xF81F, 0xF81F, 0xF81F,
    0xF81F, 0xF81F, 0xF81F, 0xF81F, 0xF81F, 0xF81F, 0xF81F, 0xF81F, 0xF81F, 0xF81F, 0x0000, 0x0000,
    0x0000, 0x0000, 0x0000, 0x0000, 0x0000, 0x0000, 0x0000, 0x18E3, 0x39C7, 0x0000, 0x0000, 0x18E3,
    0xBDD7, 0x0000, 0x0000, 0xF81F, 0xF81F, 0xF81F, 0xF81F, 0xF81F, 0xF81F, 0xF81F, 0xF81F, 0xF81F,
    0xF81F, 0xF81F, 0xF81F, 0xF81F, 0xF81F, 0xF81F, 0xF81F, 0xF81F, 0xF81F, 0xF81F, 0xF81F, 0xF81F,
    0xF81F, 0xF81F, 0xF81F, 0xF81F, 0xF81F, 0xF81F, 0xF81F, 0xF81F, 0xF81F, 0x0000, 0x0000, 0x0000,
    0x0000, 0x39C7, 0xF79E, 0xF79E, 0xF79E, 0x9492, 0x2104, 0x0000, 0xD69A, 0xF7BE, 0xFFDF, 0xFFDF,
    0xFFDF, 0xF7BE, 0xF7BE, 0xF7BE, 0x0841, 0x0841, 0x0000, 0x2104, 0x8C51, 0xCE79, 0xF7BE, 0xF7BE,
    0xF7BE, 0xF7BE, 0xF7BE, 0xF79E, 0x4A69, 0x0841, 0x2945, 0xF7BE, 0xF7BE, 0xF7BE, 0xF7BE, 0xF7BE,
    0x2104, 0x0000, 0x0000, 0xF81F, 0xF81F, 0xF81F, 0xF81F, 0xF81F, 0xF81F, 0xF81F, 0xF81F, 0xF81F,
    0xF81F, 0xF81F, 0xF81F, 0xF81F, 0xF81F, 0xF81F, 0xF81F, 0xF81F, 0xF81F, 0xF81F, 0xF81F, 0xF81F,
    0x0000, 0x0000, 0x0000, 0x0000, 0x0000, 0xF81F, 0x0000, 0x0000, 0x0000, 0x0000, 0x0000, 0x0000,
    0x0000, 0xDEDB, 0x0000, 0x0000, 0x0000, 0xF81F, 0xF81F, 0xF81F, 0xF81F, 0xF81F, 0xF81F, 0xF81F,
    0xF81F, 0xF81F, 0xF81F, 0xF81F, 0xF81F, 0xF81F, 0xF81F, 0xF81F, 0xF81F, 0xF81F, 0xF81F, 0xF81F,
    0xF81F, 0xF81F, 0xF81F, 0xF81F, 0xF81F, 0xF81F, 0xF81F, 0xF81F, 0xF81F, 0x0000, 0x0000, 0x0000,
    0x0000, 0x0000, 0xD69A, 0xF79E, 0xF79E, 0xF79E, 0xF79E, 0xF7BE, 0xF7BE, 0xF7BE, 0xF7BE, 0xFFDF,
    0xFFDF, 0xFFDF, 0xFFDF, 0xF7BE, 0xF7BE, 0x6B6D, 0x2965, 0xCE79, 0xEF7D, 0xEF7D, 0xEF7D, 0xF7BE,
    0xF7BE, 0xF7BE, 0xF7BE, 0xF7BE, 0xF7BE, 0xF79E, 0x2965, 0x0841, 0xB596, 0xF7BE, 0xF7BE, 0xF7BE,
    0xF7BE, 0x2104, 0x0000, 0x0000, 0x0000, 0xF81F, 0xF81F, 0xF81F, 0xF81F, 0xF81F, 0xF81F, 0xF81F,
    0xF81F, 0xF81F, 0xF81F, 0xF81F, 0xF81F, 0xF81F, 0xF81F, 0xF81F, 0xF81F, 0xF81F, 0xF81F, 0xF81F,
    0xF81F, 0xF81F, 0xF81F, 0xF81F, 0xF81F, 0xF81F, 0xF81F, 0xF81F, 0x0000, 0x0000, 0x0000, 0x0000,
    0x0020, 0x0020, 0xD69A, 0x0020, 0x0000, 0x0000, 0xF81F, 0xF81F, 0xF81F, 0xF81F, 0xF81F, 0xF81F,
    0xF81F, 0xF81F, 0xF81F, 0xF81F, 0xF81F, 0xF81F, 0xF81F, 0xF81F, 0xF81F, 0xF81F, 0xF81F, 0xF81F,
    0xF81F, 0xF81F, 0xF81F, 0xF81F, 0xF81F, 0xF81F, 0xF81F, 0xF81F, 0xF81F, 0xF81F, 0x0000, 0x0000,
    0x0000, 0x0000, 0x2124, 0xFFDF, 0xFFDF, 0xFFDF, 0x4A69, 0xB596, 0xF7BE, 0xFFDF, 0xFFDF, 0xFFDF,
    0xF79E, 0xF79E, 0xF79E, 0xF79E, 0xF7BE, 0xF7BE, 0xF7BE, 0xF7BE, 0xF7BE, 0xF7BE, 0xF7BE, 0xF7BE,
    0xFFDF, 0xFFDF, 0xFFDF, 0xFFDF, 0xF79E, 0xF79E, 0x2945, 0x0841, 0x632C, 0x0000, 0x8C51, 0xEF7D,
    0xF79E, 0xF79E, 0x0000, 0x0000, 0x0000, 0x0000, 0xF81F, 0xF81F, 0xF81F, 0xF81F, 0xF81F, 0xF81F,
    0xF81F, 0xF81F, 0xF81F, 0xF81F, 0xF81F, 0xF81F, 0xF81F, 0xF81F, 0xF81F, 0xF81F, 0xF81F, 0xF81F,
    0xF81F, 0xF81F, 0xF81F, 0xF81F, 0xF81F, 0xF81F, 0xF81F, 0xF81F, 0xF81F, 0xF81F, 0xF81F, 0x0000,
    0x0000, 0x0020, 0x2104, 0xB5B6, 0x0020, 0x0000, 0x0000, 0xF81F, 0xF81F, 0xF81F, 0xF81F, 0xF81F,
    0xF81F, 0xF81F, 0xF81F, 0xF81F, 0xF81F, 0xF81F, 0xF81F, 0xF81F, 0xF81F, 0xF81F, 0xF81F, 0xF81F,
    0xF81F, 0xF81F, 0xF81F, 0xF81F, 0xF81F, 0xF81F, 0xF81F, 0xF81F, 0xF81F, 0xF81F, 0xF81F, 0x0000,
    0x0000, 0x0000, 0x0000, 0x6B6D, 0xFFDF, 0xFFDF, 0x738E, 0x0020, 0x0020, 0xFFDF, 0xFFDF, 0xF7BE,
    0xF7BE, 0xF79E, 0x2104, 0xAD75, 0xF79E, 0xF7BE, 0xF7BE, 0xF7BE, 0xD6BA, 0x0841, 0x6B6D, 0xF7BE,
    0xF7BE, 0xFFDF, 0xFFDF, 0xFFDF, 0xFFDF, 0xF79E, 0xF79E, 0xF79E, 0x2945, 0x2104, 0x632C, 0x0000,
    0xAD55, 0xF79E, 0xF79E, 0x0000, 0x0000, 0x0000, 0x0000, 0xF81F, 0xF81F, 0xF81F, 0xF81F, 0xF81F,
    0xF81F, 0xF81F, 0xF81F, 0xF81F, 0xF81F, 0xF81F, 0xF81F, 0xF81F, 0xF81F, 0xF81F, 0xF81F, 0xF81F,
    0xF81F, 0xF81F, 0xF81F, 0xF81F, 0xF81F, 0xF81F, 0xF81F, 0xF81F, 0xF81F, 0xF81F, 0xF81F, 0xF81F,
    0x0000, 0x0000, 0x0020, 0x94B2, 0x4208, 0x0020, 0x0000, 0x0000, 0xF81F, 0xF81F, 0xF81F, 0xF81F,
    0xF81F, 0xF81F, 0xF81F, 0xF81F, 0xF81F, 0xF81F, 0xF81F, 0xF81F, 0xF81F, 0xF81F, 0xF81F, 0xF81F,
    0xF81F, 0xF81F, 0xF81F, 0xF81F, 0xF81F, 0xF81F, 0xF81F, 0xF81F, 0xF81F, 0xF81F, 0xF81F, 0xF81F,
    0x0000, 0x0000, 0x0000, 0x0000, 0xFFDF, 0xFFDF, 0xFFDF, 0x2945, 0x0020, 0x0020, 0xFFDF, 0xFFDF,
    0xFFDF, 0xFFDF, 0xAD75, 0x0000, 0xF79E, 0xF79E, 0xF7BE, 0xF7BE, 0xF7BE, 0x31A6, 0x0841, 0x0841,
    0xF7BE, 0xF7BE, 0xFFDF, 0xFFDF, 0xFFDF, 0xFFDF, 0xF79E, 0xF79E, 0xAD75, 0xAD75, 0x4208, 0x18E3,
    0x632C, 0x2104, 0xF79E, 0x6B4D, 0x0000, 0x0000, 0x0000, 0x0000, 0xF81F, 0xF81F, 0xF81F, 0xF81F,
    0xF81F, 0xF81F, 0xF81F, 0xF81F, 0xF81F, 0xF81F, 0xF81F, 0xF81F, 0xF81F, 0xF81F, 0xF81F, 0xF81F,
    0xF81F, 0xF81F, 0xF81F, 0xF81F, 0xF81F, 0xF81F, 0xF81F, 0xF81F, 0xF81F, 0xF81F, 0xF81F, 0xF81F,
    0xF81F, 0x0000, 0x0000, 0x2104, 0x9492, 0x0020, 0x0020, 0x0000, 0x0000, 0xF81F, 0xF81F, 0xF81F,
    0xF81F, 0xF81F, 0xF81F, 0xF81F, 0xF81F, 0xF81F, 0xF81F, 0xF81F, 0xF81F, 0xF81F, 0xF81F, 0xF81F,
    0xF81F, 0xF81F, 0xF81F, 0xF81F, 0xF81F, 0xF81F, 0xF81F, 0xF81F, 0xF81F, 0xF81F, 0xF81F, 0xF81F,
    0xF81F, 0x0000, 0x0000, 0x0000, 0x2124, 0xFFDF, 0xFFDF, 0xFFDF, 0x2945, 0x0020, 0x0020, 0xFFDF,
    0xFFDF, 0xF7BE, 0xFFDF, 0x0000, 0x4228, 0xF79E, 0xF79E, 0xF7BE, 0xF7BE, 0xF7BE, 0x18C3, 0x0841,
    0x0841, 0xF7BE, 0xF7BE, 0xFFDF, 0xFFDF, 0xF7BE, 0xFFDF, 0xF79E, 0xF79E, 0x6B6D, 0x0841, 0x4208,
    0x18E3, 0x632C, 0x0000, 0xAD75, 0x2124, 0x0000, 0x0000, 0x0000, 0x0000, 0xF81F, 0xF81F, 0xF81F,
    0xF81F, 0xF81F, 0xF81F, 0xF81F, 0xF81F, 0xF81F, 0xF81F, 0xF81F, 0xF81F, 0xF81F, 0xF81F, 0xF81F,
    0xF81F, 0xF81F, 0xF81F, 0xF81F, 0xF81F, 0xF81F, 0xF81F, 0xF81F, 0xF81F, 0xF81F, 0xF81F, 0xF81F,
    0xF81F, 0x0000, 0x0000, 0x0000, 0x8C71, 0x10A2, 0x0000, 0x0000, 0x0000, 0x0000, 0xF81F, 0xF81F,
    0xF81F, 0xF81F, 0xF81F, 0xF81F, 0xF81F, 0xF81F, 0xF81F, 0xF81F, 0xF81F, 0xF81F, 0xF81F, 0xF81F,
    0xF81F, 0xF81F, 0xF81F, 0xF81F, 0xF81F, 0xF81F, 0xF81F, 0xF81F, 0xF81F, 0xF81F, 0xF81F, 0xF81F,
    0xF81F, 0xF81F, 0x0000, 0x0000, 0x0000, 0x6B4D, 0xF7BE, 0xF7BE, 0xF7BE, 0x6B4D, 0x0000, 0x4228,
    0xEF7D, 0xEF7D, 0xEF7D, 0x632C, 0x0841, 0xD6BA, 0xF7BE, 0xF7BE, 0xF7BE, 0xF7BE, 0xF7BE, 0x2104,
    0x0000, 0x2104, 0xF7BE, 0xF7BE, 0xFFDF, 0xFFDF, 0xFFDF, 0xFFDF, 0xF7BE, 0xF7BE, 0xF79E, 0xAD75,
    0x0841, 0x2945, 0x0841, 0x39C7, 0x31A6, 0x0000, 0x0000, 0x0000, 0x0000, 0x0000, 0xF81F, 0xF81F,
    0xF81F, 0xF81F, 0xF81F, 0xF81F, 0xF81F, 0xF81F, 0xF81F, 0xF81F, 0xF81F, 0xF81F, 0xF81F, 0xF81F,
    0xF81F, 0xF81F, 0xF81F, 0xF81F, 0xF81F, 0xF81F, 0xF81F, 0xF81F, 0xF81F, 0xF81F, 0xF81F, 0xF81F,
    0xF81F, 0x0000, 0x0000, 0x0000, 0x630C, 0x7BCF, 0x0000, 0x0000, 0x0000, 0x0000, 0x0000, 0xF81F,
    0xF81F, 0xF81F, 0xF81F, 0xF81F, 0xF81F, 0xF81F, 0xF81F, 0xF81F, 0xF81F, 0xF81F, 0xF81F, 0xF81F,
    0xF81F, 0xF81F, 0xF81F, 0xF81F, 0xF81F, 0xF81F, 0xF81F, 0xF81F, 0xF81F, 0xF81F, 0xF81F, 0xF81F,
    0xF81F, 0xF81F, 0xF81F, 0xF81F, 0x0000, 0x0000, 0xB596, 0xF7BE, 0xF7BE, 0xF7BE, 0xF7BE, 0xAD75,
    0xF7BE, 0xEF7D, 0xEF7D, 0x8C51, 0x0000, 0x2945, 0xF7BE, 0xF7BE, 0xF7BE, 0xF7BE, 0xF7BE, 0xF7BE,
    0x9CD3, 0x0000, 0x8C71, 0xF7BE, 0xF7BE, 0xF7BE, 0xFFDF, 0xFFDF, 0xFFDF, 0xF7BE, 0xF7BE, 0x4A69,
    0x4A69, 0x7BEF, 0x0841, 0x10A2, 0x10A2, 0x0000, 0x0000, 0x0000, 0x0000, 0x0000, 0xF81F, 0xF81F,
    0xF81F, 0xF81F, 0xF81F, 0xF81F, 0xF81F, 0xF81F, 0xF81F, 0xF81F, 0xF81F, 0xF81F, 0xF81F, 0xF81F,
    0xF81F, 0xF81F, 0xF81F, 0xF81F, 0xF81F, 0xF81F, 0xF81F, 0xF81F, 0xF81F, 0x0000, 0x0000, 0x0000,
    0x0000, 0x0000, 0x0000, 0x0000, 0x4A69, 0x8430, 0x0000, 0x0000, 0x0000, 0x0000, 0x0000, 0x0000,
    0xF81F, 0xF81F, 0xF81F, 0xF81F, 0xF81F, 0xF81F, 0xF81F, 0xF81F, 0xF81F, 0xF81F, 0xF81F, 0xF81F,
    0xF81F, 0xF81F, 0xF81F, 0xF81F, 0xF81F, 0xF81F, 0xF81F, 0xF81F, 0xF81F, 0xF81F, 0xF81F, 0xF81F,
    0xF81F, 0xF81F, 0xF81F, 0xF81F, 0xF81F, 0x0000, 0x0000, 0xF7BE, 0xF7BE, 0xF7BE, 0xF7BE, 0xF7BE,
    0xF7BE, 0xF7BE, 0xEF7D, 0xCE79, 0x0000, 0x0000, 0xF7BE, 0xF7BE, 0xF7BE, 0xF7BE, 0xF7BE, 0xF7BE,
    0xF7BE, 0xF7BE, 0xF7BE, 0xF7BE, 0xF7BE, 0xF7BE, 0xFFDF, 0xFFDF, 0xFFDF, 0xFFDF, 0xF7BE, 0xF7BE,
    0xAD75, 0x0841, 0x18C3, 0x5ACB, 0x0841, 0x10A2, 0x0000, 0x0000, 0xF81F, 0xF81F, 0xF81F, 0xF81F,
    0xF81F, 0xF81F, 0xF81F, 0xF81F, 0xF81F, 0xF81F, 0xF81F, 0xF81F, 0xF81F, 0xF81F, 0xF81F, 0xF81F,
    0xF81F, 0xF81F, 0xF81F, 0xF81F, 0xF81F, 0xF81F, 0xF81F, 0xF81F, 0xF81F, 0x0000, 0x0000, 0x0000,
    0x0000, 0x0000, 0x0000, 0x0000, 0x5AEB, 0x8430, 0x1082, 0x0000, 0x0000, 0x0000, 0x0000, 0x0000,
    0x0000, 0xF81F, 0xF81F, 0xF81F, 0xF81F, 0xF81F, 0xF81F, 0xF81F, 0xF81F, 0xF81F, 0xF81F, 0xF81F,
    0xF81F, 0xF81F, 0xF81F, 0xF81F, 0xF81F, 0xF81F, 0xF81F, 0xF81F, 0xF81F, 0xF81F, 0xF81F, 0xF81F,
    0xF81F, 0xF81F, 0xF81F, 0xF81F, 0xF81F, 0xF81F, 0x0000, 0x0000, 0xF7BE, 0xF7BE, 0xF7BE, 0xF7BE,
    0xF7BE, 0xF7BE, 0xF7BE, 0xEF7D, 0x0000, 0x0000, 0x8C51, 0xF7BE, 0xF7BE, 0xF7BE, 0xF7BE, 0xF7BE,
    0xF7BE, 0xF7BE, 0xF7BE, 0xF7BE, 0xF7BE, 0xF7BE, 0xF7BE, 0xFFDF, 0xFFDF, 0xFFDF, 0xFFDF, 0xF7BE,
    0xF7BE, 0xAD75, 0xD69A, 0x18C3, 0x6B6D, 0x18C3, 0x0841, 0x0000, 0x0000, 0xF81F, 0xF81F, 0xF81F,
    0xF81F, 0xF81F, 0xF81F, 0xF81F, 0xF81F, 0xF81F, 0xF81F, 0xF81F, 0xF81F, 0xF81F, 0xF81F, 0xF81F,
    0xF81F, 0xF81F, 0xF81F, 0xF81F, 0xF81F, 0xF81F, 0xF81F, 0xF81F, 0xF81F, 0xF81F, 0x0000, 0x0000,
    0x0000, 0x0000, 0x0000, 0x0000, 0x738E, 0x8430, 0x0000, 0x0000, 0x0000, 0x0000, 0x0000, 0x0000,
    0x0000, 0x0000, 0xF81F, 0xF81F, 0xF81F, 0xF81F, 0xF81F, 0xF81F, 0xF81F, 0xF81F, 0xF81F, 0xF81F,
    0xF81F, 0xF81F, 0xF81F, 0xF81F, 0xF81F, 0xF81F, 0xF81F, 0xF81F, 0xF81F, 0xF81F, 0xF81F, 0xF81F,
    0xF81F, 0xF81F, 0xF81F, 0xF81F, 0xF81F, 0xF81F, 0xF81F, 0x0000, 0x0000, 0xF7BE, 0xF7BE, 0xF7BE,
    0xFFDF, 0xFFDF, 0xFFDF, 0xFFDF, 0xCE79, 0x0000, 0x0000, 0xAD55, 0xF7BE, 0xF7BE, 0xF7BE, 0xF7BE,
    0xFFDF, 0xFFDF, 0xFFDF, 0xFFDF, 0xF7BE, 0xF7BE, 0xF7BE, 0xF7BE, 0xFFDF, 0xFFDF, 0xF7BE, 0xF7BE,
    0xF7BE, 0xF7BE, 0x4A69, 0x0841, 0xCE79, 0x2124, 0xAD55, 0x0020, 0x0000, 0x0000, 0xF81F, 0xF81F,
    0xF81F, 0xF81F, 0xF81F, 0xF81F, 0xF81F, 0xF81F, 0xF81F, 0xF81F, 0xF81F, 0xF81F, 0xF81F, 0xF81F,
    0xF81F, 0xF81F, 0xF81F, 0xF81F, 0xF81F, 0xF81F, 0xF81F, 0xF81F, 0xF81F, 0xF81F, 0xF81F, 0x0000,
    0x0000, 0x0000, 0x0000, 0x0000, 0x9CD3, 0x738E, 0x0000, 0x0000, 0x0000, 0x0000, 0x0000, 0x0000,
    0x0000, 0x0000, 0xF81F, 0xF81F, 0xF81F, 0xF81F, 0xF81F, 0xF81F, 0xF81F, 0xF81F, 0xF81F, 0xF81F,
    0xF81F, 0xF81F, 0xF81F, 0xF81F, 0xF81F, 0xF81F, 0xF81F, 0xF81F, 0xF81F, 0xF81F, 0xF81F, 0xF81F,
    0xF81F, 0xF81F, 0xF81F, 0xF81F, 0xF81F, 0xF81F, 0xF81F, 0xF81F, 0x0000, 0x0000, 0xF7BE, 0xF7BE,
    0xF7BE, 0xFFDF, 0xFFDF, 0xF7BE, 0xFFDF, 0xF79E, 0x4228, 0x0000, 0x2104, 0xF7BE, 0xF7BE, 0xF7BE,
    0xF7BE, 0xFFDF, 0xFFDF, 0xFFDF, 0xFFDF, 0xF7BE, 0xF7BE, 0xF7BE, 0xF7BE, 0xFFDF, 0xFFDF, 0xFFDF,
    0xFFDF, 0xF7BE, 0xF7BE, 0xF7BE, 0x0841, 0xAD55, 0xEF7D, 0x2124, 0x0020, 0x0000, 0x0000, 0xF81F,
    0xF81F, 0xF81F, 0xF81F, 0xF81F, 0xF81F, 0xF81F, 0xF81F, 0xF81F, 0xF81F, 0xF81F, 0xF81F, 0xF81F,
    0xF81F, 0xF81F, 0xF81F, 0xF81F, 0xF81F, 0xF81F, 0xF81F, 0xF81F, 0xF81F, 0xF81F, 0xF81F, 0xF81F,
    0x0000, 0x0000, 0x0000, 0x10A2, 0x9CD3, 0x5ACB, 0x0000, 0x0000, 0x0000, 0xF81F, 0xF81F, 0xF81F,
    0xF81F, 0xF81F, 0xF81F, 0xF81F, 0xF81F, 0xF81F, 0xF81F, 0xF81F, 0xF81F, 0xF81F, 0xF81F, 0xF81F,
    0xF81F, 0xF81F, 0xF81F, 0xF81F, 0xF81F, 0xF81F, 0xF81F, 0xF81F, 0xF81F, 0xF81F, 0xF81F, 0xF81F,
    0xF81F, 0xF81F, 0xF81F, 0xF81F, 0xF81F, 0xF81F, 0xF81F, 0xF81F, 0xF81F, 0x0000, 0x0000, 0xF7BE,
    0xF7BE, 0xF7BE, 0xFFDF, 0xFFDF, 0xFFDF, 0xFFDF, 0xF79E, 0xF79E, 0x0000, 0x0000, 0x630C, 0xF7BE,
    0xF7BE, 0xF7BE, 0xFFDF, 0xFFDF, 0xFFDF, 0xD6BA, 0x738E, 0xF7BE, 0xF7BE, 0xF7BE, 0xFFDF, 0xFFDF,
    0xFFDF, 0xFFDF, 0xF7BE, 0xF7BE, 0xF7BE, 0xD6BA, 0xEF7D, 0xEF7D, 0x6B4D, 0x0020, 0x0000, 0x0000,
    0xF81F, 0xF81F, 0xF81F, 0xF81F, 0xF81F, 0xF81F, 0xF81F, 0xF81F, 0xF81F, 0xF81F, 0xF81F, 0xF81F,
    0xF81F, 0xF81F, 0xF81F, 0xF81F, 0xF81F, 0xF81F, 0xF81F, 0xF81F, 0xF81F, 0xF81F, 0xF81F, 0xF81F,
    0xF81F, 0x0000, 0x0000, 0x0000, 0x9CF3, 0x4208, 0x0000, 0x0000, 0x0000, 0xF81F, 0xF81F, 0xF81F,
    0xF81F, 0xF81F, 0xF81F, 0xF81F, 0xF81F, 0xF81F, 0xF81F, 0xF81F, 0xF81F, 0xF81F, 0xF81F, 0xF81F,
    0xF81F, 0xF81F, 0xF81F, 0xF81F, 0xF81F, 0xF81F, 0xF81F, 0xF81F, 0xF81F, 0xF81F, 0xF81F, 0xF81F,
    0xF81F, 0xF81F, 0xF81F, 0xF81F, 0xF81F, 0xF81F, 0xF81F, 0xF81F, 0xF81F, 0xF81F, 0x0000, 0x0000,
    0xF7BE, 0xF7BE, 0xF7BE, 0xF7BE, 0xFFDF, 0xF7BE, 0xF7BE, 0xF79E, 0xF79E, 0xCE79, 0x632C, 0xE71C,
    0xF7BE, 0xF7BE, 0xF7BE, 0xFFDF, 0xFFDF, 0xFFDF, 0xEF7D, 0x0841, 0x0841, 0xF7BE, 0xF7BE, 0xFFDF,
    0xFFDF, 0xFFDF, 0xFFDF, 0xF7BE, 0xF7BE, 0xF7BE, 0xF7BE, 0xEF7D, 0xEF7D, 0xEF7D, 0x2124, 0x0000,
    0x0000, 0xF81F, 0xF81F, 0xF81F, 0xF81F, 0xF81F, 0xF81F, 0xF81F, 0xF81F, 0xF81F, 0xF81F, 0xF81F,
    0xF81F, 0xF81F, 0xF81F, 0xF81F, 0xF81F, 0xF81F, 0xF81F, 0xF81F, 0xF81F, 0xF81F, 0xF81F, 0xF81F,
    0xF81F, 0x0000, 0x0000, 0x0000, 0x632C, 0x8410, 0x0000, 0x0000, 0x0000, 0x0000, 0xF81F, 0xF81F,
    0xF81F, 0xF81F, 0xF81F, 0xF81F, 0xF81F, 0xF81F, 0xF81F, 0xF81F, 0xF81F, 0xF81F, 0xF81F, 0xF81F,
    0xF81F, 0xF81F, 0xF81F, 0xF81F, 0xF81F, 0xF81F, 0xF81F, 0xF81F, 0xF81F, 0xF81F, 0xF81F, 0xF81F,
    0xF81F, 0xF81F, 0xF81F, 0xF81F, 0xF81F, 0xF81F, 0xF81F, 0xF81F, 0xF81F, 0xF81F, 0xF81F, 0x0000,
    0x0000, 0xCE79, 0xF79E, 0xF79E, 0xF7BE, 0xF7BE, 0xF7BE, 0xF7BE, 0xF7BE, 0xF7BE, 0xF7BE, 0xF7BE,
    0xF7BE, 0xF7BE, 0xF7BE, 0xF7BE, 0xF79E, 0xF79E, 0xF79E, 0xD69A, 0x0000, 0x0000, 0x0000, 0x8410,
    0xF7BE, 0xF7BE, 0xF7BE, 0xF7BE, 0xF7BE, 0xF7BE, 0xFFDF, 0xFFDF, 0xF7BE, 0xF7BE, 0xF79E, 0x8C51,
    0x0000, 0x0000, 0xF81F, 0xF81F, 0xF81F, 0xF81F, 0xF81F, 0xF81F, 0xF81F, 0xF81F, 0xF81F, 0xF81F,
    0xF81F, 0xF81F, 0xF81F, 0xF81F, 0xF81F, 0xF81F, 0xF81F, 0xF81F, 0xF81F, 0xF81F, 0xF81F, 0xF81F,
    0xF81F, 0xF81F, 0x0000, 0x0000, 0x10A2, 0xB596, 0x18C3, 0x0000, 0x0000, 0x0000, 0xF81F, 0xF81F,
    0xF81F, 0xF81F, 0xF81F, 0xF81F, 0xF81F, 0xF81F, 0xF81F, 0xF81F, 0xF81F, 0xF81F, 0xF81F, 0xF81F,
    0xF81F, 0xF81F, 0xF81F, 0xF81F, 0xF81F, 0xF81F, 0xF81F, 0xF81F, 0xF81F, 0xF81F, 0xF81F, 0xF81F,
    0xF81F, 0xF81F, 0xF81F, 0xF81F, 0xF81F, 0xF81F, 0xF81F, 0xF81F, 0xF81F, 0xF81F, 0xF81F, 0xF81F,
    0x0000, 0x0000, 0x8C51, 0xF79E, 0xF79E, 0xF7BE, 0x4A69, 0x4A69, 0xF7BE, 0xF7BE, 0xF7BE, 0xF7BE,
    0xF7BE, 0xF7BE, 0xF7BE, 0xF7BE, 0xF7BE, 0xF79E, 0x6B6D, 0x2945, 0x0841, 0x39E7, 0x2104, 0x0000,
    0x0000, 0xA514, 0xF7BE, 0xF7BE, 0xF7BE, 0xF7BE, 0xFFDF, 0xFFDF, 0xF7BE, 0xF7BE, 0xF7BE, 0xF79E,
    0x8C51, 0x0000, 0x0000, 0xF81F, 0xF81F, 0xF81F, 0xF81F, 0xF81F, 0xF81F, 0xF81F, 0xF81F, 0xF81F,
    0xF81F, 0xF81F, 0xF81F, 0xF81F, 0xF81F, 0xF81F, 0xF81F, 0xF81F, 0xF81F, 0xF81F, 0xF81F, 0xF81F,
    0xF81F, 0x0000, 0x0000, 0x0000, 0x0000, 0x630C, 0x632C, 0x0000, 0x0000, 0x0000, 0xF81F, 0xF81F,
    0xF81F, 0xF81F, 0xF81F, 0xF81F, 0xF81F, 0xF81F, 0xF81F, 0xF81F, 0xF81F, 0xF81F, 0xF81F, 0xF81F,
    0xF81F, 0xF81F, 0xF81F, 0xF81F, 0xF81F, 0xF81F, 0xF81F, 0xF81F, 0xF81F, 0xF81F, 0xF81F, 0xF81F,
    0xF81F, 0xF81F, 0xF81F, 0xF81F, 0xF81F, 0xF81F, 0xF81F, 0xF81F, 0xF81F, 0xF81F, 0xF81F, 0xF81F,
    0xF81F, 0x0000, 0x0000, 0x4228, 0xF79E, 0xF79E, 0xB596, 0x0841, 0x0841, 0x4A69, 0x9CD3, 0x9CD3,
    0xF7BE, 0xF7BE, 0xF7BE, 0xB596, 0x738E, 0x3186, 0x0841, 0x0841, 0x4A69, 0xF79E, 0xE71C, 0x8410,
    0x0000, 0x0000, 0xA514, 0xF7BE, 0xF7BE, 0xF7BE, 0xFFDF, 0xFFDF, 0xF7BE, 0xFFDF, 0xF7BE, 0xF7BE,
    0xF79E, 0x4228, 0x0000, 0x0000, 0xF81F, 0xF81F, 0xF81F, 0xF81F, 0xF81F, 0xF81F, 0xF81F, 0xF81F,
    0xF81F, 0xF81F, 0xF81F, 0xF81F, 0xF81F, 0xF81F, 0xF81F, 0xF81F, 0xF81F, 0xF81F, 0xF81F, 0xF81F,
    0xF81F, 0x0000, 0x0000, 0x0000, 0x0000, 0x0000, 0xA534, 0x3186, 0x0000, 0x0000, 0xF81F, 0xF81F,
    0xF81F, 0xF81F, 0xF81F, 0xF81F, 0xF81F, 0xF81F, 0xF81F, 0xF81F, 0xF81F, 0xF81F, 0xF81F, 0xF81F,
    0xF81F, 0xF81F, 0xF81F, 0xF81F, 0xF81F, 0xF81F, 0xF81F, 0xF81F, 0xF81F, 0xF81F, 0xF81F, 0xF81F,
    0xF81F, 0xF81F, 0xF81F, 0xF81F, 0xF81F, 0xF81F, 0xF81F, 0xF81F, 0xF81F, 0xF81F, 0xF81F, 0xF81F,
    0xF81F, 0x0000, 0x0000, 0x0000, 0x2104, 0xF79E, 0xF79E, 0x4A69, 0x0841, 0x2965, 0x4A69, 0x39C7,
    0x18C3, 0x18C3, 0x18C3, 0x1082, 0x1082, 0x3186, 0x528A, 0xD69A, 0xF79E, 0xF79E, 0xD69A, 0x2104,
    0x0000, 0x39E7, 0x0000, 0xF7BE, 0xF7BE, 0xF7BE, 0xF7BE, 0xF7BE, 0xFFDF, 0xFFDF, 0xFFDF, 0xF7BE,
    0xF7BE, 0xAD75, 0x0000, 0x0000, 0x0000, 0xF81F, 0xF81F, 0xF81F, 0xF81F, 0xF81F, 0xF81F, 0xF81F,
    0xF81F, 0xF81F, 0xF81F, 0xF81F, 0xF81F, 0xF81F, 0xF81F, 0xF81F, 0xF81F, 0xF81F, 0xF81F, 0xF81F,
    0xF81F, 0xF81F, 0x0000, 0x0000, 0x0000, 0x0000, 0x0000, 0xC638, 0x0841, 0x0000, 0x0000, 0xF81F,
    0xF81F, 0xF81F, 0xF81F, 0xF81F, 0xF81F, 0xF81F, 0xF81F, 0xF81F, 0xF81F, 0xF81F, 0xF81F, 0xF81F,
    0xF81F, 0xF81F, 0xF81F, 0xF81F, 0xF81F, 0xF81F, 0xF81F, 0xF81F, 0xF81F, 0xF81F, 0xF81F, 0xF81F,
    0xF81F, 0xF81F, 0xF81F, 0xF81F, 0xF81F, 0xF81F, 0xF81F, 0xF81F, 0xF81F, 0xF81F, 0xF81F, 0xF81F,
    0xF81F, 0xF81F, 0x0000, 0x0000, 0x0000, 0x0000, 0xCE79, 0xEF7D, 0xF79E, 0x0000, 0x0000, 0x4228,
    0xAD55, 0xEF7D, 0xEF7D, 0xEF7D, 0xEF7D, 0xEF7D, 0xEF7D, 0xEF7D, 0xF79E, 0xCE79, 0x4228, 0x0000,
    0x4228, 0xF7BE, 0xF7BE, 0x0000, 0xF7BE, 0xFFDF, 0xFFDF, 0xFFDF, 0xF79E, 0xF79E, 0xF79E, 0xF79E,
    0xEF5D, 0x4208, 0x0000, 0x0000, 0x0000, 0xF81F, 0xF81F, 0xF81F, 0xF81F, 0xF81F, 0xF81F, 0xF81F,
    0xF81F, 0xF81F, 0xF81F, 0xF81F, 0xF81F, 0xF81F, 0xF81F, 0xF81F, 0xF81F, 0xF81F, 0xF81F, 0xF81F,
    0xF81F, 0xF81F, 0xF81F, 0x0000, 0x0000, 0x0000, 0x0000, 0x0000, 0xAD55, 0x0841, 0x0000, 0x0000,
    0xF81F, 0xF81F, 0xF81F, 0xF81F, 0xF81F, 0xF81F, 0xF81F, 0xF81F, 0xF81F, 0xF81F, 0xF81F, 0xF81F,
    0xF81F, 0xF81F, 0xF81F, 0xF81F, 0xF81F, 0xF81F, 0xF81F, 0xF81F, 0xF81F, 0xF81F, 0xF81F, 0xF81F,
    0xF81F, 0xF81F, 0xF81F, 0xF81F, 0xF81F, 0xF81F, 0xF81F, 0xF81F, 0xF81F, 0xF81F, 0xF81F, 0xF81F,
    0xF81F, 0xF81F, 0xF81F, 0x0000, 0x0000, 0x0000, 0x0000, 0x4228, 0xEF7D, 0xF79E, 0x8C51, 0x2104,
    0x632C, 0x0000, 0x0000, 0x4228, 0xAD55, 0xAD55, 0xAD55, 0xAD55, 0x4A49, 0x4228, 0x0000, 0x0000,
    0x8C51, 0xF7BE, 0xF7BE, 0xF7BE, 0x8C71, 0xF7BE, 0xF7BE, 0xFFDF, 0xFFDF, 0xF79E, 0xF79E, 0x4228,
    0x0000, 0x0000, 0x0000, 0x0000, 0x0000, 0xF81F, 0xF81F, 0xF81F, 0xF81F, 0xF81F, 0xF81F, 0xF81F,
    0xF81F, 0xF81F, 0xF81F, 0xF81F, 0xF81F, 0xF81F, 0xF81F, 0xF81F, 0xF81F, 0xF81F, 0xF81F, 0xF81F,
    0xF81F, 0xF81F, 0xF81F, 0xF81F, 0x0000, 0x0000, 0x0000, 0x0000, 0x0000, 0xAD55, 0x0841, 0x0000,
    0x0000, 0xF81F, 0xF81F, 0xF81F, 0xF81F, 0xF81F, 0xF81F, 0xF81F, 0xF81F, 0xF81F, 0xF81F, 0xF81F,
    0xF81F, 0xF81F, 0xF81F, 0xF81F, 0xF81F, 0xF81F, 0xF81F, 0xF81F, 0xF81F, 0xF81F, 0xF81F, 0xF81F,
    0xF81F, 0xF81F, 0xF81F, 0xF81F, 0xF81F, 0xF81F, 0xF81F, 0xF81F, 0xF81F, 0xF81F, 0xF81F, 0xF81F,
    0xF81F, 0xF81F, 0xF81F, 0xF81F, 0x0000, 0x0000, 0x0000, 0x0000, 0x0000, 0xEF7D, 0xF79E, 0xF79E,
    0xCE79, 0xF79E, 0xEF7D, 0x632C, 0x0000, 0x0000, 0x0020, 0x0020, 0x0020, 0x0020, 0x0000, 0x6B4D,
    0xF79E, 0xF79E, 0xF7BE, 0xF7BE, 0xF7BE, 0xF7BE, 0xFFDF, 0xFFDF, 0xFFDF, 0xF7BE, 0xF79E, 0xAD75,
    0x0000, 0x0000, 0x0000, 0x0000, 0x0000, 0xF81F, 0xF81F, 0xF81F, 0xF81F, 0xF81F, 0xF81F, 0xF81F,
    0xF81F, 0xF81F, 0xF81F, 0xF81F, 0xF81F, 0xF81F, 0xF81F, 0xF81F, 0xF81F, 0xF81F, 0xF81F, 0xF81F,
    0xF81F, 0xF81F, 0xF81F, 0xF81F, 0xF81F, 0x0000, 0x0000, 0x0000, 0x0000, 0x0000, 0xC638, 0x0841,
    0x0000, 0x0000, 0xF81F, 0xF81F, 0xF81F, 0xF81F, 0xF81F, 0xF81F, 0xF81F, 0xF81F, 0xF81F, 0xF81F,
    0xF81F, 0xF81F, 0xF81F, 0xF81F, 0xF81F, 0xF81F, 0xF81F, 0xF81F, 0xF81F, 0xF81F, 0xF81F, 0xF81F,
    0xF81F, 0xF81F, 0xF81F, 0xF81F, 0xF81F, 0xF81F, 0xF81F, 0xF81F, 0xF81F, 0xF81F, 0xF81F, 0xF81F,
    0xF81F, 0xF81F, 0xF81F, 0xF81F, 0xF81F, 0x0000, 0x0000, 0x0000, 0x0000, 0x0000, 0x4228, 0xF79E,
    0xF79E, 0xF79E, 0xF79E, 0xEF7D, 0xEF7D, 0xEF7D, 0xCE79, 0x4A49, 0x4228, 0x4A49, 0xAD75, 0xF79E,
    0xF79E, 0xF79E, 0xF79E, 0xF7BE, 0xF7BE, 0xF7BE, 0xF7BE, 0xF7BE, 0xF7BE, 0xFFDF, 0xFFDF, 0xF79E,
    0x0000, 0x0000, 0x0000, 0xF81F, 0xF81F, 0xF81F, 0xF81F, 0xF81F, 0xF81F, 0xF81F, 0xF81F, 0xF81F,
    0xF81F, 0xF81F, 0xF81F, 0xF81F, 0xF81F, 0xF81F, 0xF81F, 0xF81F, 0xF81F, 0xF81F, 0xF81F, 0xF81F,
    0xF81F, 0xF81F, 0xF81F, 0xF81F, 0xF81F, 0xF81F, 0x0000, 0x0000, 0x0000, 0x0000, 0x0000, 0xBDD7,
    0x10A2, 0x0000, 0x0000, 0xF81F, 0xF81F, 0xF81F, 0xF81F, 0xF81F, 0xF81F, 0xF81F, 0xF81F, 0xF81F,
    0xF81F, 0xF81F, 0xF81F, 0xF81F, 0xF81F, 0xF81F, 0xF81F, 0xF81F, 0xF81F, 0xF81F, 0xF81F, 0xF81F,
    0xF81F, 0xF81F, 0xF81F, 0xF81F, 0xF81F, 0xF81F, 0xF81F, 0xF81F, 0xF81F, 0xF81F, 0xF81F, 0xF81F,
    0xF81F, 0xF81F, 0xF81F, 0xF81F, 0xF81F, 0xF81F, 0x0000, 0x0000, 0x0000, 0x0000, 0x0000, 0x0000,
    0xD69A, 0xF7BE, 0xF7BE, 0xF7BE, 0xF7BE, 0xF7BE, 0xF7BE, 0x73AE, 0x2965, 0x0861, 0x0861, 0x738E,
    0xFFDF, 0xFFDF, 0xF7BE, 0xFFDF, 0xFFDF, 0xFFDF, 0xFFDF, 0xFFDF, 0xEF7D, 0xEF7D, 0xEF7D, 0xEF7D,
    0x1082, 0x0000, 0x0000, 0xF81F, 0xF81F, 0xF81F, 0xF81F, 0xF81F, 0xF81F, 0xF81F, 0xF81F, 0xF81F,
    0xF81F, 0xF81F, 0xF81F, 0xF81F, 0xF81F, 0xF81F, 0xF81F, 0xF81F, 0xF81F, 0xF81F, 0xF81F, 0xF81F,
    0xF81F, 0xF81F, 0xF81F, 0xF81F, 0xF81F, 0xF81F, 0xF81F, 0xF81F, 0x0000, 0x0000, 0x0000, 0x0000,
    0xA514, 0x3186, 0x0000, 0x0000, 0xF81F, 0xF81F, 0xF81F, 0xF81F, 0xF81F, 0xF81F, 0xF81F, 0xF81F,
    0xF81F, 0xF81F, 0xF81F, 0xF81F, 0xF81F, 0xF81F, 0xF81F, 0xF81F, 0xF81F, 0xF81F, 0xF81F, 0xF81F,
    0xF81F, 0xF81F, 0xF81F, 0xF81F, 0xF81F, 0xF81F, 0xF81F, 0xF81F, 0xF81F, 0xF81F, 0xF81F, 0xF81F,
    0xF81F, 0xF81F, 0xF81F, 0xF81F, 0xF81F, 0xF81F, 0xF81F, 0xF81F, 0x0000, 0x0000, 0x0000, 0x0000,
    0x0000, 0x0841, 0xF7BE, 0xF7BE, 0xF7BE, 0xF7BE, 0xF7BE, 0xF7BE, 0xBDF7, 0x2965, 0x0861, 0x2965,
    0xB596, 0xFFDF, 0xFFDF, 0xFFDF, 0xF7BE, 0xFFDF, 0xF7BE, 0xFFDF, 0xFFDF, 0xEF7D, 0xEF7D, 0xEF7D,
    0x0841, 0x0000, 0x0000, 0x0000, 0xF81F, 0xF81F, 0xF81F, 0xF81F, 0xF81F, 0xF81F, 0xF81F, 0xF81F,
    0xF81F, 0xF81F, 0xF81F, 0xF81F, 0xF81F, 0xF81F, 0xF81F, 0xF81F, 0xF81F, 0xF81F, 0xF81F, 0xF81F,
    0xF81F, 0xF81F, 0xF81F, 0xF81F, 0xF81F, 0xF81F, 0xF81F, 0xF81F, 0xF81F, 0xF81F, 0xF81F, 0x0000,
    0x0000, 0x6B4D, 0x8C71, 0x0000, 0x0000, 0x0000, 0x0000, 0x0000, 0x0000, 0x0000, 0x0000, 0xF81F,
    0xF81F, 0xF81F, 0xF81F, 0xF81F, 0xF81F, 0xF81F, 0xF81F, 0xF81F, 0xF81F, 0xF81F, 0xF81F, 0xF81F,
    0xF81F, 0xF81F, 0xF81F, 0xF81F, 0xF81F, 0xF81F, 0xF81F, 0xF81F, 0xF81F, 0xF81F, 0xF81F, 0xF81F,
    0xF81F, 0xF81F, 0xF81F, 0xF81F, 0xF81F, 0xF81F, 0xF81F, 0xF81F, 0xF81F, 0xF81F, 0xF81F, 0xF81F,
    0x0000, 0x0000, 0x0841, 0x4A69, 0xF7BE, 0xF7BE, 0xF7BE, 0xF7BE, 0xF7BE, 0xF7BE, 0xF7BE, 0xF7BE,
    0xF7BE, 0xF7BE, 0xFFDF, 0xFFDF, 0xFFDF, 0xFFDF, 0xFFDF, 0xFFDF, 0xF7BE, 0xFFDF, 0xEF7D, 0xEF7D,
    0x0841, 0x0841, 0x0000, 0x0000, 0x0000, 0x0000, 0x0000, 0x0000, 0x0000, 0x0000, 0x0000, 0xF81F,
    0xF81F, 0xF81F, 0xF81F, 0xF81F, 0xF81F, 0xF81F, 0xF81F, 0xF81F, 0xF81F, 0xF81F, 0xF81F, 0xF81F,
    0xF81F, 0xF81F, 0xF81F, 0xF81F, 0xF81F, 0xF81F, 0xF81F, 0xF81F, 0xF81F, 0xF81F, 0xF81F, 0xF81F,
    0x0000, 0x0000, 0x18C3, 0xA534, 0x10A2, 0x0000, 0x0000, 0x0000, 0x0000, 0x0000, 0x0000, 0x0000,
    0x0000, 0xF81F, 0xF81F, 0xF81F, 0xF81F, 0xF81F, 0xF81F, 0xF81F, 0xF81F, 0xF81F, 0xF81F, 0xF81F,
    0xF81F, 0xF81F, 0xF81F, 0xF81F, 0xF81F, 0xF81F, 0xF81F, 0xF81F, 0xF81F, 0xF81F, 0xF81F, 0xF81F,
    0xF81F, 0xF81F, 0xF81F, 0xF81F, 0xF81F, 0xF81F, 0xF81F, 0xF81F, 0xF81F, 0xF81F, 0xF81F, 0xF81F,
    0xF81F, 0x0000, 0x0000, 0x0841, 0x0841, 0x6B6D, 0xF7BE, 0xF7BE, 0xF7BE, 0xF7BE, 0xF7BE, 0xF7BE,
    0xF7BE, 0xF7BE, 0xF7BE, 0xFFDF, 0xFFDF, 0xFFDF, 0xF7BE, 0xF7BE, 0xFFDF, 0xFFDF, 0xFFDF, 0xCE79,
    0x0841, 0x0841, 0x0841, 0x0000, 0x0000, 0x0000, 0x0000, 0x0000, 0x0000, 0x0000, 0x0000, 0x0000,
    0x0000, 0xF81F, 0xF81F, 0xF81F, 0xF81F, 0xF81F, 0xF81F, 0xF81F, 0xF81F, 0xF81F, 0xF81F, 0xF81F,
    0xF81F, 0xF81F, 0xF81F, 0xF81F, 0xF81F, 0xF81F, 0xF81F, 0xF81F, 0xF81F, 0xF81F, 0xF81F, 0xF81F,
    0xF81F, 0x0000, 0x0000, 0x0000, 0x94B2, 0x7BCF, 0x0000, 0x0000, 0x0000, 0x0000, 0x0000, 0x0000,
    0x0000, 0x0000, 0xF81F, 0xF81F, 0xF81F, 0xF81F, 0xF81F, 0xF81F, 0xF81F, 0xF81F, 0xF81F, 0xF81F,
    0xF81F, 0xF81F, 0xF81F, 0xF81F, 0xF81F, 0xF81F, 0xF81F, 0xF81F, 0xF81F, 0xF81F, 0xF81F, 0xF81F,
    0xF81F, 0xF81F, 0xF81F, 0xF81F, 0xF81F, 0xF81F, 0xF81F, 0xF81F, 0xF81F, 0xF81F, 0xF81F, 0xF81F,
    0xF81F, 0xF81F, 0x0000, 0x0000, 0x0000, 0x0000, 0x0000, 0x528A, 0xEF7D, 0xEF7D, 0xEF7D, 0xEF7D,
    0xF7BE, 0xF7BE, 0xF7BE, 0xF7BE, 0xFFDF, 0xFFDF, 0xFFDF, 0xFFDF, 0xF7BE, 0xF7BE, 0xF7BE, 0x528A,
    0x0000, 0x0000, 0x0000, 0x0000, 0x6B4D, 0x4228, 0x0000, 0x0000, 0x0020, 0x0020, 0x0020, 0x0000,
    0x0000, 0x0000, 0xF81F, 0xF81F, 0xF81F, 0xF81F, 0xF81F, 0xF81F, 0xF81F, 0xF81F, 0xF81F, 0xF81F,
    0xF81F, 0xF81F, 0xF81F, 0xF81F, 0xF81F, 0xF81F, 0xF81F, 0xF81F, 0xF81F, 0xF81F, 0xF81F, 0xF81F,
    0xF81F, 0xF81F, 0x0000, 0x0000, 0x0000, 0x18E3, 0xBDD7, 0x39E7, 0x5AEB, 0xE73C, 0x4228, 0x0000,
    0x0000, 0x0000, 0x0000, 0xF81F, 0xF81F, 0xF81F, 0xF81F, 0xF81F, 0xF81F, 0xF81F, 0xF81F, 0xF81F,
    0xF81F, 0xF81F, 0xF81F, 0xF81F, 0xF81F, 0xF81F, 0xF81F, 0xF81F, 0xF81F, 0xF81F, 0xF81F, 0xF81F,
    0xF81F, 0xF81F, 0xF81F, 0xF81F, 0xF81F, 0xF81F, 0xF81F, 0xF81F, 0xF81F, 0xF81F, 0xF81F, 0xF81F,
    0xF81F, 0xF81F, 0xF81F, 0xF81F, 0x0000, 0x0000, 0x0000, 0x0000, 0x0000, 0x4228, 0xEF7D, 0xEF7D,
    0xEF7D, 0xF7BE, 0xF7BE, 0xF7BE, 0xF7BE, 0xFFDF, 0xFFDF, 0xF7BE, 0xF7BE, 0xF7BE, 0xF7BE, 0xC638,
    0x528A, 0x4228, 0xCE79, 0x0000, 0x0000, 0xFFDF, 0xFFDF, 0xFFDF, 0x2104, 0x0020, 0x0020, 0x0020,
    0x0020, 0x0000, 0x0000, 0x0000, 0xF81F, 0xF81F, 0xF81F, 0xF81F, 0xF81F, 0xF81F, 0xF81F, 0xF81F,
    0xF81F, 0xF81F, 0xF81F, 0xF81F, 0xF81F, 0xF81F, 0xF81F, 0xF81F, 0xF81F, 0xF81F, 0xF81F, 0xF81F,
    0xF81F, 0xF81F, 0xF81F, 0xF81F, 0x0000, 0x0000, 0x0000, 0x7BCF, 0xDEDB, 0x7BEF, 0xC638, 0xE73C,
    0x4228, 0x0000, 0x0000, 0x0000, 0xF81F, 0xF81F, 0xF81F, 0xF81F, 0xF81F, 0xF81F, 0xF81F, 0xF81F,
    0xF81F, 0xF81F, 0xF81F, 0xF81F, 0xF81F, 0xF81F, 0xF81F, 0xF81F, 0xF81F, 0xF81F, 0xF81F, 0xF81F,
    0xF81F, 0xF81F, 0xF81F, 0xF81F, 0xF81F, 0xF81F, 0xF81F, 0xF81F, 0xF81F, 0xF81F, 0xF81F, 0xF81F,
    0xF81F, 0x0000, 0x0000, 0x0000, 0x0000, 0x0000, 0x0000, 0x0000, 0x0000, 0x0000, 0x0000, 0x0000,
    0x632C, 0xEF7D, 0xF7BE, 0xF7BE, 0xF7BE, 0xF7BE, 0xF7BE, 0xF7BE, 0xFFDF, 0xFFDF, 0xF7BE, 0xF7BE,
    0xF7BE, 0xF7BE, 0xEF7D, 0x2124, 0x0000, 0x4228, 0xFFDF, 0xFFDF, 0xFFDF, 0x2104, 0x0020, 0xD69A,
    0x4A49, 0x0020, 0x0000, 0x0000, 0x0000, 0x0000, 0x0000, 0x0000, 0x0000, 0x0000, 0x0000, 0xF81F,
    0xF81F, 0xF81F, 0xF81F, 0xF81F, 0xF81F, 0xF81F, 0xF81F, 0xF81F, 0xF81F, 0xF81F, 0xF81F, 0xF81F,
    0xF81F, 0xF81F, 0xF81F, 0xF81F, 0x0000, 0x0000, 0x0000, 0x39E7, 0x0000, 0x9CF3, 0x7BEF, 0xE73C,
    0xC638, 0x4228, 0x0000, 0x0000, 0x0000, 0xF81F, 0xF81F, 0xF81F, 0xF81F, 0xF81F, 0xF81F, 0xF81F,
    0xF81F, 0xF81F, 0xF81F, 0xF81F, 0xF81F, 0xF81F, 0xF81F, 0xF81F, 0xF81F, 0xF81F, 0xF81F, 0xF81F,
    0xF81F, 0xF81F, 0xF81F, 0xF81F, 0xF81F, 0xF81F, 0xF81F, 0xF81F, 0xF81F, 0xF81F, 0xF81F, 0xF81F,
    0xF81F, 0x0000, 0x0000, 0x0000, 0x0000, 0x0000, 0x0000, 0x0000, 0x0000, 0x0000, 0x0000, 0x8C51,
    0x632C, 0x0000, 0x0000, 0x4208, 0xC618, 0xF7BE, 0xF7BE, 0xFFDF, 0xF7BE, 0xFFDF, 0xFFDF, 0xF7BE,
    0xF7BE, 0xF7BE, 0xDEFB, 0x2124, 0x0000, 0x2124, 0xF79E, 0xFFDF, 0xFFDF, 0xFFDF, 0x0000, 0x2124,
    0xF7BE, 0xF7BE, 0xF7BE, 0x9CD3, 0x10A2, 0x0000, 0x0000, 0x0000, 0x0000, 0x0000, 0x0000, 0x0000,
    0x0000, 0xF81F, 0xF81F, 0xF81F, 0xF81F, 0xF81F, 0xF81F, 0xF81F, 0xF81F, 0xF81F, 0xF81F, 0xF81F,
    0xF81F, 0xF81F, 0xF81F, 0xF81F, 0xF81F, 0x0000, 0x0000, 0x2104, 0xB596, 0x52AA, 0x52AA, 0xF79E,
    0xF79E, 0xAD55, 0x2104, 0x4228, 0x0000, 0x0000, 0x0000, 0xF81F, 0xF81F, 0xF81F, 0xF81F, 0xF81F,
    0xF81F, 0xF81F, 0xF81F, 0xF81F, 0xF81F, 0xF81F, 0xF81F, 0xF81F, 0xF81F, 0xF81F, 0xF81F, 0xF81F,
    0xF81F, 0xF81F, 0xF81F, 0xF81F, 0xF81F, 0xF81F, 0xF81F, 0xF81F, 0xF81F, 0xF81F, 0xF81F, 0xF81F,
    0xF81F, 0xF81F, 0x0000, 0x0000, 0x0000, 0x0000, 0x0000, 0x0000, 0x2104, 0x8C51, 0x4228, 0x0000,
    0xAD75, 0xF79E, 0xAD75, 0x0000, 0x0000, 0x0000, 0x2104, 0x4208, 0x4A69, 0x4A69, 0x4A69, 0xEF7D,
    0xEF7D, 0xEF7D, 0x8430, 0x0000, 0x0000, 0x2104, 0xF7BE, 0xF7BE, 0xEF7D, 0xEF7D, 0xCE79, 0x0000,
    0x528A, 0xF7BE, 0xF7BE, 0xF7BE, 0xF7BE, 0xF7BE, 0x9CD3, 0x18C3, 0x0000, 0x0000, 0x0000, 0x0000,
    0x0000, 0x0000, 0xF81F, 0xF81F, 0xF81F, 0xF81F, 0xF81F, 0xF81F, 0xF81F, 0xF81F, 0xF81F, 0xF81F,
    0xF81F, 0xF81F, 0xF81F, 0xF81F, 0xF81F, 0xF81F, 0x0000, 0x0000, 0x528A, 0xB596, 0xF79E, 0xF79E,
    0xF79E, 0xCE79, 0xAD55, 0x0000, 0xCE79, 0x4228, 0x0000, 0x0000, 0x0000, 0xF81F, 0xF81F, 0xF81F,
    0xF81F, 0xF81F, 0xF81F, 0xF81F, 0xF81F, 0xF81F, 0xF81F, 0xF81F, 0xF81F, 0xF81F, 0xF81F, 0xF81F,
    0xF81F, 0xF81F, 0xF81F, 0xF81F, 0xF81F, 0xF81F, 0xF81F, 0xF81F, 0xF81F, 0xF81F, 0xF81F, 0xF81F,
    0xF81F, 0xF81F, 0xF81F, 0x0000, 0x0000, 0x0000, 0x0000, 0x2124, 0xD69A, 0xF79E, 0xF79E, 0xCE79,
    0x0000, 0x2104, 0xF79E, 0xF79E, 0x4228, 0x0000, 0x0000, 0x0000, 0x0000, 0x2965, 0x4A69, 0xCE79,
    0xAD75, 0x632C, 0x0000, 0x0000, 0x0000, 0x4228, 0xF7BE, 0xF7BE, 0xF7BE, 0xEF7D, 0xEF7D, 0x2104,
    0x0000, 0xAD75, 0xF7BE, 0xF7BE, 0xF7BE, 0xF7BE, 0xF7BE, 0xF7BE, 0xF7BE, 0x6B4D, 0x2124, 0x0000,
    0x0000, 0x0000, 0x0000, 0xF81F, 0xF81F, 0xF81F, 0xF81F, 0xF81F, 0xF81F, 0xF81F, 0xF81F, 0xF81F,
    0xF81F, 0xF81F, 0xF81F, 0xF81F, 0xF81F, 0xF81F, 0xF81F, 0x0000, 0x0000, 0x2104, 0xF79E, 0xD69A,
    0xD69A, 0xB596, 0x8C51, 0x0000, 0x8C51, 0xF79E, 0xFFDF, 0x2104, 0x0000, 0x0000, 0x0000, 0xF81F,
    0xF81F, 0xF81F, 0xF81F, 0xF81F, 0xF81F, 0xF81F, 0xF81F, 0xF81F, 0xF81F, 0xF81F, 0xF81F, 0xF81F,
    0xF81F, 0xF81F, 0xF81F, 0xF81F, 0xF81F, 0xF81F, 0xF81F, 0xF81F, 0xF81F, 0xF81F, 0xF81F, 0xF81F,
    0xF81F, 0xF81F, 0xF81F, 0x0000, 0x0000, 0x0000, 0x2124, 0xD69A, 0xF7BE, 0xF7BE, 0xF79E, 0xF79E,
    0xF79E, 0x4228, 0x0000, 0x4228, 0xF79E, 0xF79E, 0x630C, 0x0000, 0x0000, 0x0000, 0x0841, 0x0841,
    0x0841, 0x0841, 0x0000, 0x0000, 0x4208, 0xCE59, 0xF7BE, 0xF7BE, 0xF7BE, 0xF7BE, 0xEF7D, 0xCE79,
    0x0000, 0x2104, 0xF7BE, 0xF7BE, 0xF7BE, 0xF7BE, 0xF7BE, 0xF7BE, 0xF7BE, 0xF7BE, 0xFFDF, 0xFFDF,
    0x2124, 0x0000, 0x0000, 0x0000, 0x0000, 0x0000, 0x0000, 0xF81F, 0xF81F, 0xF81F, 0xF81F, 0xF81F,
    0xF81F, 0xF81F, 0xF81F, 0xF81F, 0xF81F, 0xF81F, 0xF81F, 0xF81F, 0x0000, 0x0000, 0x0000, 0x10A2,
    0x52AA, 0x52AA, 0x10A2, 0x0000, 0x4228, 0xF79E, 0xF79E, 0xFFDF, 0xFFDF, 0x0000, 0x0000, 0x0000,
    0x0000, 0xF81F, 0xF81F, 0xF81F, 0xF81F, 0xF81F, 0xF81F, 0xF81F, 0xF81F, 0xF81F, 0xF81F, 0xF81F,
    0xF81F, 0xF81F, 0xF81F, 0xF81F, 0xF81F, 0xF81F, 0xF81F, 0xF81F, 0xF81F, 0xF81F, 0xF81F, 0xF81F,
    0xF81F, 0xF81F, 0xF81F, 0x0000, 0x0000, 0x0000, 0x31A6, 0xF7BE, 0xF7BE, 0xF7BE, 0xF7BE, 0xF79E,
    0xF79E, 0xF79E, 0xF79E, 0x2104, 0x0000, 0x8C51, 0xF79E, 0xE73C, 0xE73C, 0x8410, 0x4208, 0x0841,
    0x0841, 0x0841, 0x2965, 0x8430, 0xEF7D, 0xEF7D, 0xEF7D, 0xF7BE, 0xF7BE, 0xF7BE, 0xF7BE, 0x8C51,
    0x0000, 0x0000, 0xAD55, 0xF7BE, 0xF7BE, 0xF7BE, 0xF7BE, 0xF7BE, 0xF7BE, 0xF7BE, 0xF7BE, 0xFFDF,
    0xFFDF, 0xFFDF, 0x6B4D, 0x0000, 0x0000, 0x0000, 0x0000, 0x0000, 0x0000, 0xF81F, 0xF81F, 0xF81F,
    0xF81F, 0xF81F, 0xF81F, 0xF81F, 0xF81F, 0xF81F, 0xF81F, 0xF81F, 0xF81F, 0xF81F, 0x0000, 0x0000,
    0x0020, 0x0020, 0x2124, 0x4A49, 0xC618, 0xEF7D, 0xF7BE, 0xF7BE, 0xF7BE, 0xF7BE, 0x8C71, 0x0000,
    0x0000, 0x0000, 0xF81F, 0xF81F, 0xF81F, 0xF81F, 0xF81F, 0xF81F, 0xF81F, 0xF81F, 0xF81F, 0xF81F,
    0xF81F, 0xF81F, 0xF81F, 0xF81F, 0xF81F, 0xF81F, 0xF81F, 0xF81F, 0xF81F, 0xF81F, 0xF81F, 0xF81F,
    0xF81F, 0xF81F, 0xF81F, 0x0000, 0x0000, 0x0000, 0x4228, 0xF7BE, 0xF7BE, 0xFFDF, 0xFFDF, 0xFFDF,
    0xFFDF, 0xFFDF, 0xF7BE, 0xF7BE, 0xF79E, 0x0841, 0x0841, 0x2945, 0xD69A, 0xF7BE, 0xF7BE, 0xF7BE,
    0xF79E, 0xF79E, 0xF7BE, 0xF7BE, 0xFFDF, 0xFFDF, 0xFFDF, 0xFFDF, 0xF79E, 0xF79E, 0xD69A, 0x0841,
    0x0020, 0x0020, 0x6B4D, 0xF7BE, 0xFFDF, 0xFFDF, 0xFFDF, 0xFFDF, 0xFFDF, 0xFFDF, 0xF7BE, 0xFFDF,
    0xFFDF, 0xF7BE, 0xFFDF, 0xF7BE, 0xD69A, 0x0841, 0x0841, 0x0841, 0x0000, 0x0000, 0xF81F, 0xF81F,
    0xF81F, 0xF81F, 0xF81F, 0xF81F, 0xF81F, 0xF81F, 0xF81F, 0xF81F, 0xF81F, 0xF81F, 0xF81F, 0x0000,
    0x0000, 0x0020, 0x2124, 0xF7BE, 0xF7BE, 0xF7BE, 0xF7BE, 0xF7BE, 0xF7BE, 0xF7BE, 0xF7BE, 0xF7BE,
    0x2124, 0x0000, 0x0000, 0xF81F, 0xF81F, 0xF81F, 0xF81F, 0xF81F, 0xF81F, 0xF81F, 0xF81F, 0xF81F,
    0xF81F, 0xF81F, 0xF81F, 0xF81F, 0xF81F, 0xF81F, 0xF81F, 0xF81F, 0xF81F, 0xF81F, 0xF81F, 0xF81F,
    0xF81F, 0xF81F, 0xF81F, 0xF81F, 0x0000, 0x0000, 0x2104, 0xF7BE, 0xF7BE, 0xFFDF, 0xFFDF, 0xFFDF,
    0xF7BE, 0xFFDF, 0xFFDF, 0xFFDF, 0xFFDF, 0xF79E, 0xF79E, 0x2945, 0x0841, 0x0841, 0x0841, 0x2945,
    0x4A69, 0x8C51, 0xD69A, 0xF7BE, 0xF7BE, 0xFFDF, 0xFFDF, 0xFFDF, 0xFFDF, 0xF79E, 0xF79E, 0x2965,
    0x0841, 0x4A49, 0xF79E, 0xF7BE, 0xF7BE, 0xFFDF, 0xF7BE, 0xFFDF, 0xFFDF, 0xFFDF, 0xFFDF, 0xFFDF,
    0xFFDF, 0xFFDF, 0xFFDF, 0xFFDF, 0xFFDF, 0xF79E, 0xF79E, 0x2945, 0x0841, 0x0000, 0x0000, 0xF81F,
    0xF81F, 0xF81F, 0xF81F, 0xF81F, 0xF81F, 0xF81F, 0xF81F, 0xF81F, 0xF81F, 0xF81F, 0xF81F, 0xF81F,
    0x0000, 0x0000, 0x0020, 0x0020, 0x6B6D, 0xF7BE, 0xF7BE, 0xF7BE, 0xF7BE, 0xF7BE, 0xF7BE, 0xF7BE,
    0xF7BE, 0xD69A, 0x0000, 0x0000, 0x0000, 0x0000, 0x0000, 0xF81F, 0xF81F, 0xF81F, 0xF81F, 0xF81F,
    0xF81F, 0xF81F, 0xF81F, 0xF81F, 0xF81F, 0xF81F, 0xF81F, 0xF81F, 0xF81F, 0xF81F, 0xF81F, 0xF81F,
    0xF81F, 0xF81F, 0xF81F, 0xF81F, 0x0000, 0x0000, 0x0000, 0xD69A, 0xF7BE, 0xF7BE, 0xFFDF, 0xFFDF,
    0xFFDF, 0xFFDF, 0xF7BE, 0xFFDF, 0xFFDF, 0xFFDF, 0xF79E, 0xF79E, 0xF79E, 0xD69A, 0x2945, 0x0841,
    0x0841, 0x0841, 0x0000, 0x0000, 0x8C51, 0xF7BE, 0xFFDF, 0xFFDF, 0xFFDF, 0xF7BE, 0xF79E, 0xF79E,
    0x0841, 0x0841, 0xF7BE, 0xF7BE, 0xF7BE, 0xF7BE, 0xFFDF, 0xFFDF, 0xFFDF, 0xFFDF, 0xFFDF, 0xFFDF,
    0xFFDF, 0xFFDF, 0xF7BE, 0xF7BE, 0xFFDF, 0xF7BE, 0xF79E, 0xF79E, 0xF79E, 0x2945, 0x0000, 0x0000,
    0x0000, 0x0000, 0x0000, 0xF81F, 0xF81F, 0xF81F, 0xF81F, 0xF81F, 0xF81F, 0xF81F, 0xF81F, 0xF81F,
    0xF81F, 0x0000, 0x0000, 0x0020, 0x0020, 0x0020, 0xD69A, 0xF7BE, 0xF7BE, 0xF7BE, 0xF7BE, 0xF7BE,
    0xF7BE, 0xF7BE, 0xF7BE, 0x7BCF, 0x0000, 0x0000, 0x0000, 0x0000, 0x0000, 0xF81F, 0xF81F, 0xF81F,
    0xF81F, 0xF81F, 0xF81F, 0xF81F, 0xF81F, 0xF81F, 0xF81F, 0xF81F, 0xF81F, 0xF81F, 0xF81F, 0xF81F,
    0xF81F, 0xF81F, 0xF81F, 0xF81F, 0x0000, 0x0000, 0x0000, 0x4228, 0xF7BE, 0xF7BE, 0xF7BE, 0xFFDF,
    0xFFDF, 0xFFDF, 0xFFDF, 0xF7BE, 0xFFDF, 0xFFDF, 0xFFDF, 0xF79E, 0xF79E, 0xF79E, 0xF79E, 0xF7BE,
    0xF7BE, 0xF7BE, 0xB596, 0x8C51, 0x0000, 0x2104, 0xF7BE, 0xFFDF, 0xFFDF, 0xFFDF, 0xFFDF, 0xF79E,
    0xF79E, 0x2965, 0x0841, 0xF7BE, 0xF7BE, 0xF7BE, 0xF7BE, 0xFFDF, 0xFFDF, 0xFFDF, 0xF7BE, 0xFFDF,
    0xFFDF, 0xFFDF, 0xF7BE, 0xFFDF, 0xFFDF, 0xF7BE, 0xFFDF, 0xF79E, 0xF79E, 0xF79E, 0xF79E, 0x31A6,
    0x0000, 0x0000, 0x0000, 0x0000, 0x0000, 0xF81F, 0xF81F, 0xF81F, 0xF81F, 0xF81F, 0xF81F, 0xF81F,
    0xF81F, 0xF81F, 0x0000, 0x0000, 0x0000, 0x0000, 0x0000, 0x10A2, 0xF7BE, 0xF7BE, 0xF7BE, 0xF7BE,
    0xFFDF, 0xFFDF, 0xF7BE, 0xF7BE, 0xFFDF, 0x2124, 0x0000, 0x0000, 0x0000, 0x0000, 0xF81F, 0xF81F,
    0xF81F, 0xF81F, 0xF81F, 0xF81F, 0xF81F, 0xF81F, 0xF81F, 0xF81F, 0xF81F, 0xF81F, 0xF81F, 0xF81F,
    0xF81F, 0xF81F, 0xF81F, 0xF81F, 0xF81F, 0x0000, 0x0000, 0x2104, 0xF7BE, 0xFFDF, 0xFFDF, 0xFFDF,
    0xFFDF, 0xFFDF, 0xFFDF, 0xFFDF, 0xFFDF, 0xFFDF, 0xFFDF, 0xFFDF, 0xFFDF, 0xFFDF, 0xFFDF, 0xFFDF,
    0xFFDF, 0xFFDF, 0xFFDF, 0xFFDF, 0xF79E, 0x0020, 0x0020, 0xF79E, 0xF7BE, 0xFFDF, 0xFFDF, 0xFFDF,
    0xFFDF, 0xFFDF, 0x6B4D, 0x0000, 0x9CD3, 0xFFDF, 0xFFDF, 0xFFDF, 0xFFDF, 0xFFDF, 0xFFDF, 0xFFDF,
    0xF7BE, 0xF7BE, 0xF7BE, 0xF7BE, 0xFFDF, 0xFFDF, 0xFFDF, 0xFFDF, 0xFFDF, 0xFFDF, 0xFFDF, 0xFFDF,
    0xF7BE, 0x4A49, 0x0020, 0x0020, 0x0000, 0x0000, 0xF81F, 0xF81F, 0xF81F, 0xF81F, 0xF81F, 0xF81F,
    0xF81F, 0xF81F, 0xF81F, 0xF81F, 0x0000, 0x0000, 0x0000, 0x0000, 0x0000, 0x4A49, 0xF7BE, 0xF7BE,
    0xF7BE, 0xF7BE, 0xFFDF, 0xFFDF, 0xFFDF, 0xFFDF, 0xFFDF, 0x0000, 0x0000, 0x0000, 0x0000, 0x0000,
    0x0000, 0xF81F, 0xF81F, 0xF81F, 0xF81F, 0xF81F, 0xF81F, 0xF81F, 0xF81F, 0xF81F, 0xF81F, 0xF81F,
    0xF81F, 0xF81F, 0xF81F, 0xF81F, 0xF81F, 0x0000, 0x0000, 0x0000, 0xAD55, 0xFFDF, 0xFFDF, 0xFFDF,
    0xFFDF, 0xFFDF, 0xFFDF, 0xFFDF, 0xFFDF, 0xFFDF, 0xF7BE, 0xFFDF, 0xFFDF, 0xFFDF, 0xFFDF, 0xFFDF,
    0xFFDF, 0xFFDF, 0xF7BE, 0xFFDF, 0xF7BE, 0xF79E, 0x4A49, 0x0020, 0xF79E, 0xFFDF, 0xFFDF, 0xFFDF,
    0xFFDF, 0xFFDF, 0xFFDF, 0xB596, 0x0000, 0x5ACB, 0xFFDF, 0xFFDF, 0xFFDF, 0xFFDF, 0xFFDF, 0xFFDF,
    0xFFDF, 0xF7BE, 0xF7BE, 0xF7BE, 0xF7BE, 0xFFDF, 0xFFDF, 0xFFDF, 0xFFDF, 0xFFDF, 0xF7BE, 0xF7BE,
    0xFFDF, 0xF7BE, 0xF7BE, 0x2945, 0x0020, 0x0000, 0x0000, 0xF81F, 0xF81F, 0xF81F, 0xF81F, 0xF81F,
    0xF81F, 0xF81F, 0xF81F, 0xF81F, 0xF81F, 0xF81F, 0xF81F, 0xF81F, 0x0000, 0x0000, 0x0020, 0xB596,
    0xF7BE, 0xF7BE, 0xFFDF, 0xFFDF, 0xFFDF, 0xF7BE, 0xFFDF, 0xFFDF, 0x6B6D, 0x0000, 0x0000, 0x0000,
    0x0000, 0x0000, 0x0000, 0xF81F, 0xF81F, 0xF81F, 0xF81F, 0xF81F, 0xF81F, 0xF81F, 0xF81F, 0xF81F,
    0xF81F, 0xF81F, 0xF81F, 0xF81F, 0xF81F, 0x0000, 0x0000, 0x0000, 0x2104, 0xEF7D, 0xFFDF, 0xFFDF,
    0xFFDF, 0xFFDF, 0xFFDF, 0xFFDF, 0xFFDF, 0xFFDF, 0xFFDF, 0xFFDF, 0xFFDF, 0xF7BE, 0xFFDF, 0xFFDF,
    0xFFDF, 0xFFDF, 0xFFDF, 0xFFDF, 0xFFDF, 0xFFDF, 0xF79E, 0x6B4D, 0x0020, 0xAD75, 0xFFDF, 0xFFDF,
    0xFFDF, 0xFFDF, 0xFFDF, 0xFFDF, 0xFFDF, 0x0000, 0x39C7, 0xFFDF, 0xFFDF, 0xFFDF, 0xF7BE, 0xF7BE,
    0xFFDF, 0xFFDF, 0xF7BE, 0xF7BE, 0xF7BE, 0xF7BE, 0xF7BE, 0xFFDF, 0xFFDF, 0xFFDF, 0xFFDF, 0xFFDF,
    0xFFDF, 0xFFDF, 0xF7BE, 0xF7BE, 0xF7BE, 0x2945, 0x0000, 0x0000, 0x0000, 0x0000, 0x0000, 0xF81F,
    0xF81F, 0xF81F, 0xF81F, 0xF81F, 0xF81F, 0xF81F, 0xF81F, 0xF81F, 0xF81F, 0x0000, 0x0000, 0x0020,
    0x0020, 0xD6BA, 0xF7BE, 0xFFDF, 0xF7BE, 0xF7BE, 0xF7BE, 0xFFDF, 0xFFDF, 0xFFDF, 0x2124, 0x0000,
    0x0000, 0x31A6, 0x0000, 0x0000, 0x0000, 0xF81F, 0xF81F, 0xF81F, 0xF81F, 0xF81F, 0xF81F, 0xF81F,
    0xF81F, 0xF81F, 0xF81F, 0xF81F, 0xF81F, 0x0000, 0x0000, 0x0000, 0x0000, 0xCE59, 0xEF7D, 0xFFDF,
    0xFFDF, 0xF7BE, 0xF7BE, 0xF7BE, 0xFFDF, 0xFFDF, 0xFFDF, 0xFFDF, 0xFFDF, 0xFFDF, 0xFFDF, 0xFFDF,
    0xF7BE, 0xFFDF, 0xFFDF, 0xF7BE, 0xF7BE, 0xFFDF, 0xFFDF, 0xF79E, 0xAD75, 0x0020, 0x4A49, 0xF7BE,
    0xFFDF, 0xF7BE, 0xFFDF, 0xFFDF, 0xFFDF, 0xFFDF, 0x2104, 0x18C3, 0xFFDF, 0xFFDF, 0xFFDF, 0xFFDF,
    0xFFDF, 0xFFDF, 0xFFDF, 0xB596, 0xF7BE, 0xF7BE, 0xF7BE, 0xFFDF, 0xFFDF, 0xFFDF, 0xFFDF, 0xF7BE,
    0xFFDF, 0xFFDF, 0xFFDF, 0xF7BE, 0xF7BE, 0xF7BE, 0xF7BE, 0x10A2, 0x0000, 0x0000, 0x0000, 0x0000,
    0x0000, 0xF81F, 0xF81F, 0xF81F, 0xF81F, 0xF81F, 0xF81F, 0xF81F, 0xF81F, 0xF81F, 0x0000, 0x0000,
    0x0000, 0x0000, 0x2124, 0xFFFF, 0xF7BE, 0xF7BE, 0xF7BE, 0xF7BE, 0xFFDF, 0xF7BE, 0xFFDF, 0xF79E,
    0x0000, 0x0000, 0xF7BE, 0x6B4D, 0x0000, 0x0000, 0x0000, 0xF81F, 0xF81F, 0xF81F, 0xF81F, 0xF81F,
    0xF81F, 0xF81F, 0xF81F, 0xF81F, 0xF81F, 0xF81F, 0x0000, 0x0000, 0x0841, 0x4A69, 0xF7BE, 0xF7BE,
    0xFFDF, 0xFFDF, 0xFFDF, 0xFFDF, 0xFFDF, 0xFFDF, 0xFFDF, 0xFFDF, 0xFFDF, 0xFFDF, 0xF7BE, 0xFFDF,
    0xFFDF, 0xFFDF, 0xFFDF, 0xFFDF, 0xF7BE, 0xFFDF, 0xF7BE, 0xF7BE, 0xF79E, 0xF79E, 0x0000, 0x6B4D,
    0xFFDF, 0xF7BE, 0xFFDF, 0xFFDF, 0xF7BE, 0xF7BE, 0xF7BE, 0x528A, 0x0000, 0xF79E, 0xF79E, 0xF79E,
    0xFFDF, 0xFFDF, 0xFFDF, 0xFFDF, 0x0841, 0x738E, 0xF7BE, 0xF7BE, 0xFFDF, 0xF7BE, 0xF7BE, 0xFFDF,
    0xFFDF, 0xF7BE, 0xFFDF, 0xFFDF, 0xFFDF, 0xFFDF, 0xF7BE, 0xFFDF, 0xD69A, 0x0000, 0x0000, 0x0000,
    0x0000, 0x0000, 0xF81F, 0xF81F, 0xF81F, 0xF81F, 0xF81F, 0xF81F, 0xF81F, 0xF81F, 0xF81F, 0xF81F,
    0x0000, 0x0000, 0x0000, 0x0000, 0x6B6D, 0xF7BE, 0xF7BE, 0xF7BE, 0xF7BE, 0xFFDF, 0xFFDF, 0xFFDF,
    0xFFDF, 0x4228, 0x2104, 0xF7BE, 0xF7BE, 0x18C3, 0x0000, 0x0000, 0xF81F, 0xF81F, 0xF81F, 0xF81F,
    0xF81F, 0xF81F, 0xF81F, 0xF81F, 0xF81F, 0xF81F, 0x0000, 0x0000, 0x0000, 0x0841, 0xF7BE, 0xF7BE,
    0xF7BE, 0xFFDF, 0xFFDF, 0xFFDF, 0xF7BE, 0xF7BE, 0xFFDF, 0xFFDF, 0xFFDF, 0xFFDF, 0xFFDF, 0xFFDF,
    0xFFDF, 0xFFDF, 0xFFDF, 0xFFDF, 0xFFDF, 0xFFDF, 0xFFDF, 0xF7BE, 0xFFDF, 0xF79E, 0xF79E, 0x0000,
    0x2104, 0xFFDF, 0xFFDF, 0xFFDF, 0xFFDF, 0xF7BE, 0xF7BE, 0xF7BE, 0x8410, 0x0000, 0xD69A, 0xF79E,
    0xF79E, 0xFFDF, 0xF7BE, 0xFFDF, 0xFFDF, 0x2965, 0x0841, 0xF7BE, 0xF7BE, 0xFFDF, 0xFFDF, 0xFFDF,
    0xFFDF, 0xFFDF, 0xFFDF, 0xFFDF, 0xFFDF, 0xFFDF, 0xFFDF, 0xFFDF, 0xFFDF, 0xF7BE, 0x6B4D, 0x0000,
    0x0000, 0x0000, 0x0000, 0xF81F, 0xF81F, 0xF81F, 0xF81F, 0xF81F, 0xF81F, 0xF81F, 0xF81F, 0xF81F,
    0xF81F, 0xF81F, 0xF81F, 0x0000, 0x0000, 0x0000, 0xB5B6, 0xF7BE, 0xF7BE, 0xF7BE, 0xF7BE, 0xF7BE,
    0xFFDF, 0xFFDF, 0x6B4D, 0x2104, 0xF7BE, 0xF7BE, 0x39C7, 0x0000, 0x0000, 0x0000, 0x0000, 0xF81F,
    0xF81F, 0xF81F, 0xF81F, 0xF81F, 0xF81F, 0x0000, 0x0000, 0x0000, 0x0000, 0x2104, 0xF7BE, 0xF7BE,
    0xF7BE, 0xF7BE, 0xFFDF, 0xFFDF, 0xFFDF, 0xFFDF, 0xFFDF, 0xFFDF, 0xFFDF, 0xFFDF, 0xFFDF, 0xFFDF,
    0xFFDF, 0xFFDF, 0xFFDF, 0xFFDF, 0xFFDF, 0xFFDF, 0xF7BE, 0xF7BE, 0xFFDF, 0xFFDF, 0xF79E, 0xF79E,
    0x2104, 0x2104, 0xFFDF, 0xFFDF, 0xFFDF, 0xF7BE, 0xF7BE, 0xF7BE, 0xF7BE, 0xDEFB, 0x0000, 0xAD75,
    0xF79E, 0xF79E, 0xFFDF, 0xF7BE, 0xFFDF, 0xFFDF, 0x4A69, 0x0841, 0xF7BE, 0xF7BE, 0xFFDF, 0xFFDF,
    0xFFDF, 0xFFDF, 0xFFDF, 0xFFDF, 0xFFDF, 0xFFDF, 0xFFDF, 0xF7BE, 0xFFDF, 0xFFDF, 0xF7BE, 0xF7BE,
    0x2124, 0x0000, 0x0000, 0x0000, 0xF81F, 0xF81F, 0xF81F, 0xF81F, 0xF81F, 0xF81F, 0xF81F, 0xF81F,
    0xF81F, 0xF81F, 0xF81F, 0xF81F, 0xF81F, 0x0000, 0x0000, 0x10A2, 0xF7BE, 0xF7BE, 0xF7BE, 0xF7BE,
    0xF7BE, 0xFFDF, 0xF7BE, 0x8C51, 0x0000, 0xF7BE, 0xF7BE, 0xCE59, 0x0000, 0x0000, 0x0000, 0x0000,
    0x0000, 0xF81F, 0xF81F, 0xF81F, 0xF81F, 0x0000, 0x0000, 0x0000, 0x0000, 0x2104, 0xDEFB, 0xF7BE,
    0xF7BE, 0xF7BE, 0xF7BE, 0xFFDF, 0xFFDF, 0xFFDF, 0xFFDF, 0xFFDF, 0xFFDF, 0xFFDF, 0xFFDF, 0xFFDF,
    0xFFDF, 0xF7BE, 0xFFDF, 0xFFDF, 0xF7BE, 0xFFDF, 0xF7BE, 0xF7BE, 0xF7BE, 0xF7BE, 0xFFDF, 0xF79E,
    0xF79E, 0x4228, 0x0000, 0xF7BE, 0xFFDF, 0xFFDF, 0xFFDF, 0xF7BE, 0xF7BE, 0xF7BE, 0xF7BE, 0x0000,
    0x4A49, 0xF79E, 0xF79E, 0xFFDF, 0xFFDF, 0xFFDF, 0xFFDF, 0x4A69, 0x0841, 0xB596, 0xF7BE, 0xFFDF,
    0xFFDF, 0xFFDF, 0xFFDF, 0xFFDF, 0xFFDF, 0xFFDF, 0xFFDF, 0xFFDF, 0xFFDF, 0xFFDF, 0xFFDF, 0xF7BE,
    0xF7BE, 0xD69A, 0x0000, 0x0000, 0x0000, 0xF81F, 0xF81F, 0xF81F, 0xF81F, 0xF81F, 0xF81F, 0xF81F,
    0xF81F, 0xF81F, 0xF81F, 0xF81F, 0xF81F, 0xF81F, 0x0000, 0x0000, 0x0020, 0x2124, 0xEF5D, 0xEF5D,
    0xF7BE, 0xF7BE, 0xF7BE, 0xF7BE, 0xF79E, 0x0000, 0x632C, 0xF79E, 0xF79E, 0x6B6D, 0x0020, 0x0020,
    0x0000, 0x0000, 0xF81F, 0xF81F, 0x0000, 0x0000, 0x0000, 0x0000, 0x0000, 0x4A49, 0xFFDF, 0xFFDF,
    0xFFDF, 0xFFDF, 0xFFDF, 0xFFDF, 0xF7BE, 0xF7BE, 0xF7BE, 0xF7BE, 0xF79E, 0xF79E, 0xF79E, 0xF79E,
    0xFFDF, 0xFFDF, 0xFFDF, 0xFFDF, 0xFFDF, 0xFFDF, 0xFFDF, 0xFFDF, 0xFFDF, 0xFFDF, 0xF7BE, 0xF7BE,
    0xF79E, 0xF79E, 0x4A49, 0x0000, 0xC638, 0xF7BE, 0xF7BE, 0xF7BE, 0xF7BE, 0xF7BE, 0xFFDF, 0xF7BE,
    0x2104, 0x4228, 0xF7BE, 0xF7BE, 0xFFDF, 0xFFDF, 0xFFDF, 0xF7BE, 0xB596, 0x0841, 0x6B6D, 0xF7BE,
    0xF7BE, 0xF7BE, 0xF7BE, 0xF7BE, 0xFFDF, 0xFFDF, 0xFFDF, 0xFFDF, 0xFFDF, 0xFFDF, 0xFFDF, 0xFFDF,
    0xF7BE, 0xF7BE, 0xF7BE, 0x528A, 0x0000, 0x0000, 0xF81F, 0xF81F, 0xF81F, 0xF81F, 0xF81F, 0xF81F,
    0xF81F, 0xF81F, 0xF81F, 0xF81F, 0xF81F, 0xF81F, 0xF81F, 0x0000, 0x0000, 0x0020, 0x0020, 0x8C51,
    0xEF5D, 0xF79E, 0xF7BE, 0xF7BE, 0xF7BE, 0xF79E, 0x4228, 0x0000, 0xCE79, 0xF79E, 0xF79E, 0xAD75,
    0x0020, 0x0000, 0x0000, 0x0000, 0x0000, 0x0000, 0x0000, 0x0000, 0x2104, 0xB596, 0xFFDF, 0xFFDF,
    0xFFDF, 0xFFDF, 0xFFDF, 0xFFDF, 0xFFDF, 0xF7BE, 0xF7BE, 0xF7BE, 0xB5B6, 0x0000, 0xAD75, 0xF79E,
    0xF79E, 0xFFDF, 0xFFDF, 0xFFDF, 0xF7BE, 0xFFDF, 0xFFDF, 0xFFDF, 0xF7BE, 0xFFDF, 0xFFDF, 0xFFDF,
    0xFFDF, 0xF79E, 0xF79E, 0x6B4D, 0x0000, 0x9CD3, 0xF7BE, 0xF7BE, 0xF7BE, 0xFFDF, 0xFFDF, 0xFFDF,
    0xFFDF, 0x6B4D, 0x2104, 0xF7BE, 0xF7BE, 0xFFDF, 0xFFDF, 0xFFDF, 0xFFDF, 0xD69A, 0x0841, 0x4A69,
    0xF7BE, 0xF7BE, 0xF7BE, 0xF7BE, 0x8C51, 0xD6BA, 0xFFDF, 0xFFDF, 0xFFDF, 0xFFDF, 0xFFDF, 0xFFDF,
    0xFFDF, 0xF7BE, 0xF7BE, 0xF7BE, 0xC638, 0x0000, 0x0000, 0x0000, 0xF81F, 0xF81F, 0xF81F, 0xF81F,
    0xF81F, 0xF81F, 0xF81F, 0xF81F, 0xF81F, 0xF81F, 0xF81F, 0xF81F, 0x0000, 0x0000, 0x0020, 0x0020,
    0x0020, 0xAD55, 0xD69A, 0xF79E, 0xF79E, 0xF79E, 0xF79E, 0xCE79, 0x0000, 0x4228, 0xF79E, 0xF79E,
    0xF79E, 0xF79E, 0x632C, 0x0000, 0x0000, 0x0000, 0x0000, 0x2104, 0x8C51, 0xF7BE, 0xFFDF, 0xFFDF,
    0xFFDF, 0xFFDF, 0xFFDF, 0xFFDF, 0xFFDF, 0xFFDF, 0xF7BE, 0xF7BE, 0xF7BE, 0x8430, 0x0000, 0x4A49,
    0xF79E, 0xF79E, 0xFFDF, 0xFFDF, 0xFFDF, 0xFFDF, 0xFFDF, 0xFFDF, 0xF7BE, 0xF7BE, 0xFFDF, 0xF7BE,
    0xFFDF, 0xFFDF, 0xF79E, 0xF79E, 0xAD55, 0x0000, 0x6B6D, 0xF7BE, 0xF7BE, 0xF7BE, 0xFFDF, 0xFFDF,
    0xFFDF, 0xFFDF, 0x8C51, 0x0000, 0xF7BE, 0xF7BE, 0xFFDF, 0xFFDF, 0xFFDF, 0xFFDF, 0xF7BE, 0x0841,
    0x2945, 0xF79E, 0xF7BE, 0xF7BE, 0xD69A, 0x0000, 0x0861, 0xFFDF, 0xFFDF, 0xFFDF, 0xFFDF, 0xFFDF,
    0xFFDF, 0xFFDF, 0xF7BE, 0xF7BE, 0xF7BE, 0xF7BE, 0x2104, 0x0000, 0x0000, 0xF81F, 0xF81F, 0xF81F,
    0xF81F, 0xF81F, 0xF81F, 0xF81F, 0xF81F, 0xF81F, 0xF81F, 0xF81F, 0xF81F, 0x0000, 0x0000, 0x0000,
    0x0020, 0x0020, 0x0020, 0x0000, 0x0000, 0x0000, 0x0000, 0x8C51, 0xF79E, 0x632C, 0x0000, 0xD69A,
    0xF79E, 0xF79E, 0xF79E, 0xF79E, 0xCE79, 0x2104, 0x0000, 0x8C51, 0xF79E, 0xF7BE, 0xF7BE, 0xFFDF,
    0xFFDF, 0xFFDF, 0xFFDF, 0xF7BE, 0xFFDF, 0xFFDF, 0xFFDF, 0xF7BE, 0xF7BE, 0xF7BE, 0x94B2, 0x0000,
    0x4A49, 0xF79E, 0xF79E, 0xFFDF, 0xFFDF, 0xF7BE, 0xFFDF, 0xF7BE, 0xFFDF, 0xFFDF, 0xFFDF, 0xFFDF,
    0xFFDF, 0xFFDF, 0xFFDF, 0xF79E, 0xF79E, 0xF79E, 0x0000, 0x52AA, 0xF7BE, 0xF7BE, 0xF7BE, 0xFFDF,
    0xFFDF, 0xFFDF, 0xFFDF, 0xAD75, 0x0000, 0xF7BE, 0xF7BE, 0xFFDF, 0xFFDF, 0xFFDF, 0xFFDF, 0xF7BE,
    0x0841, 0x0841, 0xF79E, 0xF7BE, 0xF7BE, 0x2104, 0x0000, 0x0861, 0xFFDF, 0xFFDF, 0xFFDF, 0xFFDF,
    0xFFDF, 0xFFDF, 0xFFDF, 0xF7BE, 0xF7BE, 0xF7BE, 0xF7BE, 0x73AE, 0x0000, 0x0000, 0xF81F, 0xF81F,
    0xF81F, 0xF81F, 0xF81F, 0xF81F, 0xF81F, 0xF81F, 0xF81F, 0xF81F, 0xF81F, 0xF81F, 0x0000, 0x0000,
    0x0000, 0x0000, 0x0000, 0x0000, 0x0000, 0x528A, 0x2945, 0x0000, 0x0000, 0xAD75, 0xF79E, 0x2124,
    0x0841, 0xEF5D, 0xEF5D, 0xEF5D, 0xF79E, 0xF79E, 0xF79E, 0x0841, 0x0841, 0xF7BE, 0xF7BE, 0xF7BE,
    0xFFDF, 0xFFDF, 0xFFDF, 0xFFDF, 0xFFDF, 0xFFDF, 0xFFDF, 0xF7BE, 0xFFDF, 0xFFDF, 0xFFDF, 0xCE59,
    0x0020, 0x2945, 0xF7BE, 0xF7BE, 0xFFDF, 0xF7BE, 0xFFDF, 0xFFDF, 0xFFDF, 0xFFDF, 0xFFDF, 0xFFDF,
    0xFFDF, 0xFFDF, 0xFFDF, 0xF7BE, 0xF7BE, 0xF7BE, 0xF7BE, 0x0861, 0x4228, 0xF7BE, 0xF7BE, 0xF7BE,
    0xF7BE, 0xFFDF, 0xFFDF, 0xFFDF, 0xF7BE, 0x0000, 0xB596, 0xF7BE, 0xFFDF, 0xF7BE, 0xFFDF, 0xFFDF,
    0xF7BE, 0x0020, 0x0020, 0xF7BE, 0xEF7D, 0x8C51, 0x0000, 0x2104, 0xE73C, 0xF7BE, 0xFFDF, 0xFFDF,
    0xFFDF, 0xFFDF, 0xFFDF, 0xFFDF, 0xFFDF, 0xFFDF, 0xFFDF, 0xFFDF, 0x94B2, 0x0000, 0x0000, 0xF81F,
    0xF81F, 0xF81F, 0xF81F, 0xF81F, 0xF81F, 0xF81F, 0xF81F, 0xF81F, 0xF81F, 0xF81F, 0xF81F, 0x0000,
    0x0000, 0x0000, 0x0000, 0x0000, 0x632C, 0xCE59, 0xF7BE, 0xFFFF, 0xCE59, 0x0000, 0x4228, 0xF79E,
    0xF79E, 0x0841, 0x0841, 0xEF5D, 0xEF5D, 0xF79E, 0xF79E, 0xF79E, 0xAD75, 0x0841, 0x4A69, 0xF7BE,
    0xF7BE, 0xFFDF, 0xFFDF, 0xFFDF, 0xFFDF, 0xFFDF, 0xFFDF, 0xFFDF, 0xFFDF, 0xFFDF, 0xFFDF, 0xFFDF,
    0xFFDF, 0x0020, 0x0020, 0xF7BE, 0xF7BE, 0xFFDF, 0xFFDF, 0xFFDF, 0xFFDF, 0xFFDF, 0xFFDF, 0xFFDF,
    0xFFDF, 0xFFDF, 0xF7BE, 0xF7BE, 0xF7BE, 0xF7BE, 0xF7BE, 0xF7BE, 0x0861, 0x2104, 0xF7BE, 0xF7BE,
    0xF7BE, 0xFFDF, 0xFFDF, 0xFFDF, 0xFFDF, 0xF7BE, 0x2104, 0xB596, 0xF7BE, 0xFFDF, 0xFFDF, 0xFFDF,
    0xFFDF, 0xF7BE, 0x2945, 0x0020, 0xB596, 0xEF7D, 0x0000, 0x0000, 0xCE79, 0xFFDF, 0xFFDF, 0xFFDF,
    0xF7BE, 0xFFDF, 0xFFDF, 0xFFDF, 0xF7BE, 0xF7BE, 0xFFDF, 0xFFDF, 0xFFDF, 0x94B2, 0x0000, 0x0000,
    0xF81F, 0xF81F, 0xF81F, 0xF81F, 0xF81F, 0xF81F, 0xF81F, 0xF81F, 0xF81F, 0xF81F, 0xF81F, 0xF81F,
    0x0000, 0x0000, 0x0000, 0x0000, 0xCE59, 0xEF5D, 0xF7BE, 0xF7BE, 0xF7BE, 0xCE59, 0x0000, 0x2124,
    0xF79E, 0xF79E, 0xEF5D, 0x0841, 0x0841, 0xAD55, 0xF79E, 0xF79E, 0xF79E, 0xF79E, 0x0841, 0x0841,
    0xF7BE, 0xF7BE, 0xF7BE, 0xFFDF, 0xFFDF, 0xFFDF, 0xFFDF, 0xFFDF, 0xFFDF, 0xFFDF, 0xFFDF, 0xFFDF,
    0xFFDF, 0xFFDF, 0x0020, 0x0020, 0xF7BE, 0xF7BE, 0xFFDF, 0xFFDF, 0xFFDF, 0xFFDF, 0xFFDF, 0xFFDF,
    0xFFDF, 0xFFDF, 0xFFDF, 0xFFDF, 0xFFDF, 0xFFDF, 0xF7BE, 0xF7BE, 0xF7BE, 0x0861, 0x2104, 0xF7BE,
    0xF7BE, 0xF7BE, 0xFFDF, 0xFFDF, 0xFFDF, 0xFFDF, 0xF7BE, 0x2104, 0x4228, 0xF7BE, 0xFFDF, 0xFFDF,
    0xFFDF, 0xF7BE, 0xF7BE, 0x4A49, 0x0020, 0x8C71, 0x632C, 0x0000, 0x8C51, 0xEF7D, 0xF7BE, 0xFFDF,
    0xF7BE, 0xF7BE, 0xFFDF, 0xFFDF, 0xFFDF, 0xFFDF, 0xFFDF, 0xFFDF, 0xFFDF, 0xFFDF, 0x8410, 0x0000,
    0x0000, 0xF81F, 0xF81F, 0xF81F, 0xF81F, 0xF81F, 0xF81F, 0xF81F, 0xF81F, 0xF81F, 0xF81F, 0xF81F,
    0xF81F, 0x0000, 0x0000, 0x0000, 0xCE59, 0xEF5D, 0xEF5D, 0xF79E, 0xF7BE, 0xF7BE, 0x528A, 0x0000,
    0x2124, 0x6B4D, 0xF79E, 0xEF5D, 0xEF5D, 0x2945, 0x0841, 0x4A49, 0xF79E, 0xF79E, 0xF79E, 0x6B6D,
    0x0841, 0xB596, 0xF7BE, 0xFFDF, 0xFFDF, 0xFFDF, 0xFFDF, 0xFFDF, 0xFFDF, 0xFFDF, 0xFFDF, 0xFFDF,
    0xFFDF, 0xFFDF, 0xFFDF, 0x0020, 0x0020, 0xF7BE, 0xF7BE, 0xFFDF, 0xFFDF, 0xFFDF, 0xFFDF, 0xFFDF,
    0xFFDF, 0xF7BE, 0xFFDF, 0xFFDF, 0xFFDF, 0xFFDF, 0xFFDF, 0xF7BE, 0xF7BE, 0xF7BE, 0x2965, 0x0000,
    0xF7BE, 0xF7BE, 0xF7BE, 0xFFDF, 0xF7BE, 0xFFDF, 0xFFDF, 0xF7BE, 0x4228, 0x4228, 0xF7BE, 0xF7BE,
    0xF7BE, 0xFFDF, 0xFFDF, 0xF7BE, 0x8C71, 0x0020, 0x4A49, 0x0000, 0x2104, 0xEF7D, 0xEF7D, 0xFFDF,
    0xF7BE, 0xFFDF, 0xFFDF, 0xFFDF, 0xFFDF, 0xFFDF, 0xFFDF, 0xFFDF, 0xFFDF, 0xFFDF, 0xFFDF, 0x39E7,
    0x0000, 0x0000, 0xF81F, 0xF81F, 0xF81F, 0xF81F, 0xF81F, 0xF81F, 0xF81F, 0xF81F, 0xF81F, 0xF81F,
    0xF81F, 0xF81F, 0x0000, 0x0000, 0x2124, 0xF79E, 0xF79E, 0xF79E, 0xEF7D, 0xEF7D, 0x6B4D, 0x0841,
    0x0020, 0x0020, 0x0020, 0x2124, 0xF7BE, 0xF7BE, 0xF7BE, 0x8430, 0x0000, 0x0000, 0xAD55, 0xF79E,
    0xF7BE, 0x0000, 0x4A49, 0xF7BE, 0xFFDF, 0xFFDF, 0xFFDF, 0xFFDF, 0xFFDF, 0xF7BE, 0xFFDF, 0xFFDF,
    0xF7BE, 0xF7BE, 0xF7BE, 0xF7BE, 0x0000, 0x0000, 0xF79E, 0xF79E, 0xFFDF, 0xFFDF, 0xFFDF, 0xFFDF,
    0xFFDF, 0xFFDF, 0xFFDF, 0xFFDF, 0xFFDF, 0xFFDF, 0xF7BE, 0xFFDF, 0xF7BE, 0xF7BE, 0xF7BE, 0x4A69,
    0x0000, 0xF79E, 0xF79E, 0xF79E, 0xFFDF, 0xFFDF, 0xFFDF, 0xFFDF, 0xF7BE, 0x4A69, 0x2945, 0xF7BE,
    0xFFDF, 0xFFDF, 0xFFDF, 0xFFDF, 0xF79E, 0xAD75, 0x0000, 0x0000, 0x0841, 0xB596, 0xF7BE, 0xF7BE,
    0xFFDF, 0xFFDF, 0xFFDF, 0xFFDF, 0xF7BE, 0xFFDF, 0xFFDF, 0xFFDF, 0xF7BE, 0xF7BE, 0xF7BE, 0xF7BE,
    0x0000, 0x0000, 0x0000, 0xF81F, 0xF81F, 0xF81F, 0xF81F, 0xF81F, 0xF81F, 0xF81F, 0xF81F, 0xF81F,
    0xF81F, 0xF81F, 0xF81F, 0x0000, 0x0000, 0x0000, 0xCE79, 0xF79E, 0xF79E, 0xAD55, 0x2945, 0x0841,
    0x0841, 0xCE79, 0xCE79, 0x2124, 0x0020, 0xF7BE, 0xF7BE, 0xF7BE, 0xF7BE, 0xCE79, 0x2104, 0x0000,
    0xF79E, 0xF7BE, 0x2124, 0x4A49, 0xF7BE, 0xFFDF, 0xFFDF, 0xFFDF, 0xFFDF, 0xFFDF, 0xFFDF, 0xFFDF,
    0xFFDF, 0xF7BE, 0xF7BE, 0xF7BE, 0xF7BE, 0x0000, 0x0000, 0xCE79, 0xF79E, 0xFFDF, 0xFFDF, 0xF7BE,
    0xFFDF, 0xF7BE, 0xFFDF, 0xFFDF, 0xFFDF, 0xF7BE, 0xFFDF, 0xF7BE, 0xFFDF, 0xF7BE, 0xF7BE, 0xF7BE,
    0x4A69, 0x0000, 0xCE79, 0xF79E, 0xF79E, 0xFFDF, 0xFFDF, 0xFFDF, 0xFFDF, 0xF7BE, 0x6B6D, 0x0841,
    0xF7BE, 0xFFDF, 0xFFDF, 0xF7BE, 0xFFDF, 0xF79E, 0xF79E, 0x0000, 0x0000, 0x0841, 0xF7BE, 0xF7BE,
    0xF7BE, 0xFFDF, 0xFFDF, 0xFFDF, 0xFFDF, 0xFFDF, 0xFFDF, 0xFFDF, 0xFFDF, 0xF7BE, 0xF7BE, 0xF7BE,
    0x4A49, 0x0000, 0x0000, 0xF81F, 0xF81F, 0xF81F, 0xF81F, 0xF81F, 0xF81F, 0xF81F, 0xF81F, 0xF81F,
    0xF81F, 0xF81F, 0xF81F, 0xF81F, 0x0000, 0x0000, 0x0000, 0x0000, 0x0000, 0x0000, 0x0841, 0x0841,
    0x0841, 0xEF7D, 0xEF5D, 0xEF5D, 0x2124, 0x0020, 0xDEDB, 0xF7BE, 0xF7BE, 0xF7BE, 0xF79E, 0xF79E,
    0x0000, 0x632C, 0xF7BE, 0x0000, 0x4A49, 0xF7BE, 0xFFDF, 0xFFDF, 0xFFDF, 0xFFDF, 0xFFDF, 0xFFDF,
    0xF7BE, 0xFFDF, 0xF7BE, 0xF7BE, 0xF7BE, 0x2965, 0x0000, 0x0000, 0xAD75, 0xF79E, 0xFFDF, 0xFFDF,
    0xFFDF, 0xFFDF, 0xFFDF, 0xFFDF, 0xFFDF, 0xFFDF, 0xFFDF, 0xFFDF, 0xFFDF, 0xF7BE, 0xF7BE, 0xF7BE,
    0xF7BE, 0x632C, 0x0000, 0xAD55, 0xF79E, 0xF79E, 0xFFDF, 0xFFDF, 0xFFDF, 0xF7BE, 0xF7BE, 0xB596,
    0x0841, 0xF7BE, 0xFFDF, 0xFFDF, 0xFFDF, 0xFFDF, 0xF79E, 0xF79E, 0x0000, 0x0000, 0x4A69, 0xF7BE,
    0xF7BE, 0xF7BE, 0xFFDF, 0xFFDF, 0xF7BE, 0xFFDF, 0xFFDF, 0xFFDF, 0xFFDF, 0xFFDF, 0xF7BE, 0xF7BE,
    0xD69A, 0x0020, 0x0000, 0x0000, 0xF81F, 0xF81F, 0xF81F, 0xF81F, 0xF81F, 0xF81F, 0xF81F, 0xF81F,
    0xF81F, 0xF81F, 0xF81F, 0xF81F, 0xF81F, 0x0000, 0x0000, 0x0000, 0x0000, 0x0000, 0x0000, 0x4A49,
    0xCE79, 0xEF7D, 0xEF7D, 0xEF5D, 0xEF5D, 0x0020, 0x0020, 0x3186, 0xDEDB, 0xF7BE, 0xF7BE, 0xF79E,
    0xF79E, 0x8C51, 0x0000, 0x8C71, 0x0000, 0x8C71, 0xF7BE, 0xF7BE, 0xFFDF, 0xFFDF, 0xFFDF, 0xFFDF,
    0xFFDF, 0xFFDF, 0xFFDF, 0xF7BE, 0xD6BA, 0x0841, 0x0841, 0x0000, 0x0000, 0xAD75, 0xF79E, 0xFFDF,
    0xFFDF, 0xFFDF, 0xFFDF, 0xFFDF, 0xFFDF, 0xFFDF, 0xF7BE, 0xFFDF, 0xFFDF, 0xFFDF, 0xFFDF, 0xF7BE,
    0xF7BE, 0xF7BE, 0x94B2, 0x0000, 0xAD55, 0xF79E, 0xF79E, 0xFFDF, 0xFFDF, 0xFFDF, 0xFFDF, 0xF7BE,
    0xB596, 0x0841, 0xF7BE, 0xF7BE, 0xFFDF, 0xFFDF, 0xFFDF, 0xF79E, 0xF79E, 0x0000, 0x0000, 0xB596,
    0xF7BE, 0xF7BE, 0xF7BE, 0xFFDF, 0xFFDF, 0xF7BE, 0xFFDF, 0xFFDF, 0xFFDF, 0xFFDF, 0xFFDF, 0xF7BE,
    0xF7BE, 0x2945, 0x0020, 0x0000, 0x0000, 0xF81F, 0xF81F, 0xF81F, 0xF81F, 0xF81F, 0xF81F, 0xF81F,
    0xF81F, 0xF81F, 0xF81F, 0xF81F, 0xF81F, 0xF81F, 0x0000, 0x0000, 0x0000, 0x0000, 0x0000, 0x39C7,
    0xF79E, 0xF79E, 0xF79E, 0xF79E, 0xF79E, 0x2104, 0x0000, 0x0000, 0x0000, 0x0000, 0xAD55, 0xEF7D,
    0xF7BE, 0xF7BE, 0xF7BE, 0x18C3, 0x0000, 0x0000, 0xF79E, 0xF7BE, 0xF7BE, 0xF7BE, 0xF7BE, 0xF7BE,
    0xF79E, 0xF79E, 0xF79E, 0xF79E, 0x73AE, 0x1082, 0x0000, 0x0000, 0x0000, 0x0000, 0x6B6D, 0xFFFF,
    0xFFDF, 0xFFDF, 0xFFDF, 0xFFDF, 0xFFDF, 0xFFDF, 0xFFDF, 0xFFDF, 0xFFDF, 0xFFDF, 0xF7BE, 0xFFDF,
    0xF7BE, 0xF7BE, 0xF7BE, 0x9CD3, 0x0000, 0xB596, 0xF7BE, 0xF7BE, 0xFFDF, 0xFFDF, 0xFFDF, 0xF7BE,
    0xF7BE, 0xF7BE, 0x0000, 0xB596, 0xF7BE, 0xF7BE, 0xF7BE, 0xF7BE, 0xF79E, 0xF79E, 0x2945, 0x0020,
    0xAD75, 0xF79E, 0xF79E, 0xF79E, 0xFFDF, 0xF7BE, 0xFFDF, 0xF7BE, 0xF7BE, 0xF7BE, 0xF7BE, 0xF7BE,
    0xEF5D, 0x630C, 0x0000, 0x0000, 0x0000, 0x0000, 0xF81F, 0xF81F, 0xF81F, 0xF81F, 0xF81F, 0xF81F,
    0xF81F, 0xF81F, 0xF81F, 0xF81F, 0xF81F, 0xF81F, 0xF81F, 0xF81F, 0x0000, 0x0000, 0x0000, 0x0000,
    0x528A, 0xFFFF, 0xF79E, 0xF79E, 0xF79E, 0x2104, 0x0000, 0x4228, 0xCE79, 0x8C51, 0x0000, 0x4208,
    0xEF7D, 0xF7BE, 0xF7BE, 0xF7BE, 0xD6BA, 0x0000, 0x0000, 0xF79E, 0xF79E, 0xF7BE, 0xF7BE, 0xF7BE,
    0xF7BE, 0xF79E, 0xCE79, 0x4228, 0x2104, 0x0000, 0x0000, 0x0000, 0x0000, 0x0000, 0x0000, 0x4A49,
    0xFFFF, 0xF7BE, 0xFFDF, 0xF7BE, 0xFFDF, 0xFFDF, 0xFFDF, 0xF7BE, 0xFFDF, 0xFFDF, 0xFFDF, 0xFFDF,
    0xFFDF, 0xF7BE, 0xF7BE, 0xF7BE, 0x9CD3, 0x0000, 0x4A49, 0xF7BE, 0xF7BE, 0xFFDF, 0xFFDF, 0xFFDF,
    0xF7BE, 0xF7BE, 0xF7BE, 0x0000, 0xB596, 0xF7BE, 0xF7BE, 0xF7BE, 0xF7BE, 0xF79E, 0x4A49, 0x0020,
    0x0020, 0x6B4D, 0xF79E, 0xF79E, 0xF79E, 0xFFDF, 0xFFDF, 0xFFDF, 0xFFDF, 0xF7BE, 0xF7BE, 0xF7BE,
    0xF7BE, 0xC638, 0x0000, 0x0000, 0x0000, 0x0000, 0xF81F, 0xF81F, 0xF81F, 0xF81F, 0xF81F, 0xF81F,
    0xF81F, 0xF81F, 0xF81F, 0xF81F, 0xF81F, 0xF81F, 0xF81F, 0xF81F, 0xF81F, 0xF81F, 0xF81F, 0x0000,
    0x0000, 0x0000, 0x0841, 0x3186, 0x0841, 0x0841, 0x0000, 0x4228, 0xF79E, 0xF79E, 0xAD55, 0x0000,
    0x632C, 0xEF7D, 0xF7BE, 0xF7BE, 0xF7BE, 0xF7BE, 0x4A49, 0x0000, 0x0000, 0x0000, 0x0841, 0x0841,
    0x0841, 0x0841, 0x0000, 0x0000, 0x0000, 0x0000, 0x0000, 0x0000, 0x0000, 0x0000, 0x0000, 0x0000,
    0x4A49, 0xFFFF, 0xFFDF, 0xFFDF, 0xFFDF, 0xFFDF, 0xF7BE, 0xFFDF, 0xFFDF, 0xFFDF, 0xFFDF, 0xFFDF,
    0xFFDF, 0xFFDF, 0xF7BE, 0xF7BE, 0xF7BE, 0x9CD3, 0x0000, 0x4A49, 0xF7BE, 0xF7BE, 0xFFDF, 0xFFDF,
    0xFFDF, 0xFFDF, 0xF7BE, 0xF7BE, 0x0000, 0x6B4D, 0xF7BE, 0xF7BE, 0xF7BE, 0xD6BA, 0x0020, 0x0020,
    0x0020, 0x0020, 0x4A49, 0xF79E, 0xF79E, 0xF79E, 0xFFDF, 0xFFDF, 0xF7BE, 0xFFDF, 0xF7BE, 0xF7BE,
    0xF7BE, 0xDEDB, 0x2104, 0x0000, 0x0000, 0xF81F, 0xF81F, 0xF81F, 0xF81F, 0xF81F, 0xF81F, 0xF81F,
    0xF81F, 0xF81F, 0xF81F, 0xF81F, 0xF81F, 0xF81F, 0xF81F, 0xF81F, 0xF81F, 0xF81F, 0xF81F, 0xF81F,
    0xF81F, 0x0000, 0x0000, 0x0841, 0x0841, 0x0841, 0x0841, 0x8C51, 0xF79E, 0xF79E, 0xF79E, 0x2104,
    0x0000, 0xEF7D, 0xEF7D, 0xF7BE, 0xF7BE, 0xF7BE, 0xF7BE, 0xF7BE, 0x0000, 0x0000, 0x0000, 0x0841,
    0x0841, 0x0841, 0x0841, 0x0000, 0x0000, 0x0000, 0x0000, 0x0000, 0xF81F, 0x0000, 0x0000, 0x0000,
    0x0000, 0x4A49, 0xFFFF, 0xFFDF, 0xFFDF, 0xFFDF, 0xFFDF, 0xFFDF, 0xFFDF, 0xF7BE, 0xFFDF, 0xFFDF,
    0xFFDF, 0xFFDF, 0xFFDF, 0xF7BE, 0xF7BE, 0xF7BE, 0xCE79, 0x0000, 0x4A49, 0xF7BE, 0xF7BE, 0xFFDF,
    0xF7BE, 0xFFDF, 0xF7BE, 0xF7BE, 0xF7BE, 0x0000, 0x2124, 0xF7BE, 0xF7BE, 0x4A69, 0x0861, 0x0020,
    0xAD55, 0xAD55, 0x0020, 0x0000, 0x4A49, 0x8C71, 0xF79E, 0xFFDF, 0xFFDF, 0xFFDF, 0xFFDF, 0xF7BE,
    0xF7BE, 0xF7BE, 0x31A6, 0x0000, 0x0000, 0x0000, 0xF81F, 0xF81F, 0xF81F, 0xF81F, 0xF81F, 0xF81F,
    0xF81F, 0xF81F, 0xF81F, 0xF81F, 0xF81F, 0xF81F, 0xF81F, 0xF81F, 0xF81F, 0xF81F, 0xF81F, 0xF81F,
    0xF81F, 0xF81F, 0x0000, 0x0000, 0x0000, 0x0000, 0x0000, 0xF7BE, 0xFFFF, 0xEF7D, 0xEF7D, 0x0020,
    0x0000, 0x2124, 0xF7BE, 0xF7BE, 0xF7BE, 0xFFDF, 0xFFDF, 0xFFDF, 0xF7BE, 0xD6BA, 0x0000, 0x0000,
    0x0000, 0x0000, 0x0000, 0x0000, 0x0000, 0x0000, 0xF81F, 0xF81F, 0xF81F, 0xF81F, 0x0000, 0x0000,
    0x0000, 0x0000, 0x4A69, 0xFFFF, 0xF79E, 0xF79E, 0xF79E, 0xF79E, 0xF7BE, 0xF7BE, 0xF7BE, 0xF7BE,
    0xF7BE, 0xF7BE, 0xF7BE, 0xF7BE, 0xF7BE, 0xF7BE, 0xF79E, 0xF79E, 0x0000, 0x4A49, 0xF7BE, 0xF7BE,
    0xF7BE, 0xFFDF, 0xFFDF, 0xFFDF, 0xF79E, 0xF79E, 0x0000, 0x0000, 0x2104, 0x0000, 0x0000, 0x632C,
    0xF7BE, 0xF7BE, 0xD69A, 0x0000, 0x0000, 0x0000, 0x0000, 0x0000, 0x4208, 0xEF7D, 0xEF7D, 0xEF7D,
    0xFFDF, 0xFFDF, 0x4A49, 0x0000, 0x0000, 0x0000, 0xF81F, 0xF81F, 0xF81F, 0xF81F, 0xF81F, 0xF81F,
    0xF81F, 0xF81F, 0xF81F, 0xF81F, 0xF81F, 0xF81F, 0xF81F, 0xF81F, 0xF81F, 0xF81F, 0xF81F, 0xF81F,
    0xF81F, 0xF81F, 0xF81F, 0xF81F, 0x0000, 0x0000, 0x0000, 0x0000, 0xD69A, 0x7BCF, 0x528A, 0x0020,
    0x0020, 0x0000, 0x4A49, 0xF7BE, 0xF7BE, 0xFFDF, 0xFFDF, 0xFFDF, 0xFFDF, 0xF7BE, 0xF7BE, 0x4228,
    0x0000, 0x0000, 0x0000, 0x0000, 0x0000, 0x0000, 0xF81F, 0xF81F, 0xF81F, 0xF81F, 0xF81F, 0x0000,
    0x0000, 0x0000, 0x0000, 0x0000, 0x4A69, 0xD69A, 0xF79E, 0xF79E, 0xF79E, 0xF7BE, 0xF7BE, 0xF7BE,
    0xF7BE, 0xF7BE, 0xF7BE, 0xF7BE, 0xF7BE, 0xF7BE, 0xF79E, 0xF79E, 0x632C, 0x0000, 0x4A49, 0xF7BE,
    0xF7BE, 0xFFDF, 0xF7BE, 0xFFDF, 0xF7BE, 0xF79E, 0xF79E, 0x0000, 0x0000, 0x2104, 0x8C51, 0xF79E,
    0xF79E, 0xF7BE, 0xF7BE, 0xF7BE, 0x0000, 0x0000, 0xEF7D, 0x632C, 0x0000, 0x0000, 0x0000, 0xCE59,
    0xEF7D, 0xFFDF, 0x6B4D, 0x0000, 0x0000, 0x0000, 0x0000, 0xF81F, 0xF81F, 0xF81F, 0xF81F, 0xF81F,
    0xF81F, 0xF81F, 0xF81F, 0xF81F, 0xF81F, 0xF81F, 0xF81F, 0xF81F, 0xF81F, 0xF81F, 0xF81F, 0xF81F,
    0xF81F, 0xF81F, 0xF81F, 0xF81F, 0xF81F, 0xF81F, 0xF81F, 0x0000, 0x0000, 0x0000, 0x0020, 0x0020,
    0x0020, 0x0020, 0x0000, 0x0000, 0xB596, 0xF7BE, 0xFFDF, 0xFFDF, 0xF7BE, 0xF7BE, 0xF7BE, 0xF7BE,
    0xF7BE, 0x2104, 0x0000, 0x0000, 0xF81F, 0xF81F, 0xF81F, 0xF81F, 0xF81F, 0xF81F, 0xF81F, 0xF81F,
    0x0000, 0x0000, 0x0000, 0x0000, 0x0000, 0x0000, 0x0020, 0x0020, 0x4A49, 0xAD75, 0xF7BE, 0xF7BE,
    0xF7BE, 0xF7BE, 0xF7BE, 0xF7BE, 0xF7BE, 0xF7BE, 0xAD75, 0x632C, 0x0000, 0x0000, 0x2124, 0xF7BE,
    0xF7BE, 0xF7BE, 0xFFDF, 0xFFDF, 0xFFDF, 0xFFDF, 0xF79E, 0xF79E, 0xCE79, 0xF79E, 0xF7BE, 0xF7BE,
    0xF7BE, 0xF7BE, 0xF7BE, 0xF7BE, 0xF7BE, 0x0000, 0x0000, 0xEF7D, 0xEF7D, 0xEF7D, 0x632C, 0x0000,
    0x0000, 0xCE59, 0x6B4D, 0x0000, 0x0000, 0x0000, 0x0000, 0x0000, 0xF81F, 0xF81F, 0xF81F, 0xF81F,
    0xF81F, 0xF81F, 0xF81F, 0xF81F, 0xF81F, 0xF81F, 0xF81F, 0xF81F, 0xF81F, 0xF81F, 0xF81F, 0xF81F,
    0xF81F, 0xF81F, 0xF81F, 0xF81F, 0xF81F, 0xF81F, 0xF81F, 0xF81F, 0xF81F, 0x0000, 0x0000, 0x0020,
    0x0020, 0x0000, 0x0000, 0x0000, 0x0000, 0x0000, 0xF7BE, 0xF7BE, 0xF7BE, 0xFFDF, 0xFFDF, 0xF7BE,
    0xF7BE, 0xF7BE, 0x2104, 0x0000, 0x0000, 0xF81F, 0xF81F, 0xF81F, 0xF81F, 0xF81F, 0xF81F, 0xF81F,
    0xF81F, 0x0000, 0x0000, 0x0000, 0x0000, 0x2945, 0x2945, 0x0020, 0x0020, 0x0020, 0x0020, 0x0000,
    0x0000, 0x2104, 0x2104, 0x1082, 0x1082, 0x1082, 0x1082, 0x0000, 0x0000, 0x0000, 0x8C51, 0xF7BE,
    0xF7BE, 0xF7BE, 0xF7BE, 0xFFDF, 0xFFDF, 0xFFDF, 0xFFDF, 0xF79E, 0xF79E, 0xF79E, 0xF79E, 0xF7BE,
    0xF7BE, 0xF7BE, 0xF7BE, 0xF7BE, 0xF7BE, 0xF7BE, 0x0000, 0x0000, 0xAD55, 0xEF7D, 0xEF7D, 0xEF5D,
    0x8430, 0x0000, 0x0000, 0x0000, 0x0000, 0x0000, 0x0000, 0x0000, 0x0000, 0xF81F, 0xF81F, 0xF81F,
    0xF81F, 0xF81F, 0xF81F, 0xF81F, 0xF81F, 0xF81F, 0xF81F, 0xF81F, 0xF81F, 0xF81F, 0xF81F, 0xF81F,
    0xF81F, 0xF81F, 0xF81F, 0xF81F, 0xF81F, 0xF81F, 0xF81F, 0xF81F, 0xF81F, 0xF81F, 0x0000, 0x0000,
    0x0000, 0x0000, 0x0000, 0x0000, 0x0000, 0x0000, 0x0000, 0x52AA, 0xF79E, 0xF79E, 0xF79E, 0xF79E,
    0xFFDF, 0xFFDF, 0xFFDF, 0x2104, 0x0000, 0x0000, 0xF81F, 0xF81F, 0xF81F, 0xF81F, 0xF81F, 0xF81F,
    0xF81F, 0xF81F, 0x0000, 0x0000, 0x0000, 0x0000, 0x4228, 0xEF7D, 0xF7BE, 0xDEFB, 0x8410, 0x528A,
    0x4228, 0x2104, 0x2104, 0x0000, 0x0000, 0x2104, 0x2104, 0x4228, 0x630C, 0xB5B6, 0xF7BE, 0xF7BE,
    0xFFDF, 0xF7BE, 0xFFDF, 0xFFDF, 0xFFDF, 0xFFDF, 0xF7BE, 0xFFDF, 0xFFDF, 0xF7BE, 0xFFDF, 0xFFDF,
    0xF7BE, 0xFFDF, 0xFFDF, 0xFFDF, 0xF7BE, 0xF7BE, 0xF7BE, 0x0841, 0x0000, 0xAD75, 0xF7BE, 0xF7BE,
    0xF7BE, 0xF7BE, 0x4A49, 0x0000, 0x0000, 0x0000, 0x0000, 0x0000, 0x0000, 0x0000, 0xF81F, 0xF81F,
    0xF81F, 0xF81F, 0xF81F, 0xF81F, 0xF81F, 0xF81F, 0xF81F, 0xF81F, 0xF81F, 0xF81F, 0xF81F, 0xF81F,
    0xF81F, 0xF81F, 0xF81F, 0xF81F, 0xF81F, 0xF81F, 0xF81F, 0xF81F, 0xF81F, 0xF81F, 0xF81F, 0xF81F,
    0x0000, 0x0000, 0x0000, 0x0000, 0x0000, 0x0000, 0x0000, 0x0000, 0x0000, 0x6B4D, 0xF79E, 0xF79E,
    0xF79E, 0xFFDF, 0xD6BA, 0x4228, 0x0000, 0x0000, 0x0000, 0xF81F, 0xF81F, 0xF81F, 0xF81F, 0xF81F,
    0xF81F, 0xF81F, 0xF81F, 0xF81F, 0x0000, 0x0000, 0x0000, 0xAD55, 0xEF7D, 0xF7BE, 0xF7BE, 0xF7BE,
    0xF7BE, 0xF7BE, 0xF7BE, 0xF7BE, 0xF7BE, 0xF7BE, 0xF7BE, 0xF7BE, 0xF7BE, 0xF7BE, 0xF7BE, 0xF7BE,
    0xF7BE, 0xFFDF, 0xFFDF, 0xF7BE, 0xFFDF, 0xFFDF, 0xFFDF, 0xFFDF, 0xFFDF, 0xFFDF, 0xFFDF, 0xFFDF,
    0xFFDF, 0xFFDF, 0xFFDF, 0xFFDF, 0xFFDF, 0xF7BE, 0xF7BE, 0xF7BE, 0x0841, 0x0000, 0xAD75, 0xF7BE,
    0xF7BE, 0xF7BE, 0xF7BE, 0xF7BE, 0x0000, 0x0000, 0x0000, 0x0000, 0x0000, 0x0000, 0xF81F, 0xF81F,
    0xF81F, 0xF81F, 0xF81F, 0xF81F, 0xF81F, 0xF81F, 0xF81F, 0xF81F, 0xF81F, 0xF81F, 0xF81F, 0xF81F,
    0xF81F, 0xF81F, 0xF81F, 0xF81F, 0xF81F, 0xF81F, 0xF81F, 0xF81F, 0xF81F, 0xF81F, 0xF81F, 0xF81F,
    0xF81F, 0xF81F, 0xF81F, 0xF81F, 0xF81F, 0xF81F, 0xF81F, 0xF81F, 0x0000, 0x0000, 0x0020, 0x6B4D,
    0xD69A, 0xD69A, 0x4228, 0x0000, 0x0000, 0x0000, 0x0000, 0xF81F, 0xF81F, 0xF81F, 0xF81F, 0xF81F,
    0xF81F, 0xF81F, 0xF81F, 0xF81F, 0xF81F, 0x0000, 0x0000, 0x0000, 0xAD55, 0xF79E, 0xF7BE, 0xF7BE,
    0xF7BE, 0xF7BE, 0xF7BE, 0xF7BE, 0xF7BE, 0xF7BE, 0xF7BE, 0xF7BE, 0xF7BE, 0xF7BE, 0xF7BE, 0xF7BE,
    0xF7BE, 0xF7BE, 0xFFDF, 0xFFDF, 0xFFDF, 0xF7BE, 0xFFDF, 0xFFDF, 0xFFDF, 0xFFDF, 0xFFDF, 0xFFDF,
    0xFFDF, 0xFFDF, 0xFFDF, 0xFFDF, 0xF7BE, 0xFFDF, 0xF7BE, 0xF7BE, 0x4A69, 0x0841, 0x0000, 0x4228,
    0xF7BE, 0xF7BE, 0xF7BE, 0xF7BE, 0xD69A, 0x0000, 0x0000, 0x0000, 0xF81F, 0xF81F, 0xF81F, 0xF81F,
    0xF81F, 0xF81F, 0xF81F, 0xF81F, 0xF81F, 0xF81F, 0xF81F, 0xF81F, 0xF81F, 0xF81F, 0xF81F, 0xF81F,
    0xF81F, 0xF81F, 0xF81F, 0xF81F, 0xF81F, 0xF81F, 0xF81F, 0xF81F, 0xF81F, 0xF81F, 0xF81F, 0xF81F,
    0xF81F, 0xF81F, 0xF81F, 0xF81F, 0xF81F, 0xF81F, 0xF81F, 0xF81F, 0xF81F, 0x0000, 0x0000, 0x0020,
    0x0020, 0x0020, 0x0020, 0x0000, 0x0000, 0x0000, 0x0000, 0xF81F, 0xF81F, 0xF81F, 0xF81F, 0xF81F,
    0xF81F, 0xF81F, 0xF81F, 0xF81F, 0xF81F, 0x0000, 0x0000, 0x0000, 0x0000, 0xF79E, 0xF79E, 0xF7BE,
    0xF7BE, 0xF7BE, 0xF7BE, 0xF7BE, 0xF7BE, 0xF7BE, 0xF7BE, 0xF7BE, 0xF7BE, 0xF7BE, 0xF7BE, 0xF7BE,
    0xF7BE, 0xF7BE, 0xF7BE, 0xFFDF, 0xFFDF, 0xFFDF, 0xFFDF, 0xFFDF, 0xFFDF, 0xFFDF, 0xFFDF, 0xFFDF,
    0xFFDF, 0xFFDF, 0xFFDF, 0xFFDF, 0xFFDF, 0xFFDF, 0xFFDF, 0xF7BE, 0x738E, 0x0841, 0x0841, 0x0000,
    0x4228, 0xF7BE, 0xF7BE, 0xF7BE, 0xF7BE, 0x2124, 0x0000, 0x0000, 0x0000, 0xF81F, 0xF81F, 0xF81F,
    0xF81F, 0xF81F, 0xF81F, 0xF81F, 0xF81F, 0xF81F, 0xF81F, 0xF81F, 0xF81F, 0xF81F, 0xF81F, 0xF81F,
    0xF81F, 0xF81F, 0xF81F, 0xF81F, 0xF81F, 0xF81F, 0xF81F, 0xF81F, 0xF81F, 0xF81F, 0xF81F, 0xF81F,
    0xF81F, 0xF81F, 0xF81F, 0xF81F, 0xF81F, 0xF81F, 0xF81F, 0xF81F, 0xF81F, 0xF81F, 0x0000, 0x0000,
    0x0000, 0x0000, 0x0000, 0x0000, 0x0000, 0x0000, 0xF81F, 0xF81F, 0xF81F, 0xF81F, 0xF81F, 0xF81F,
    0xF81F, 0xF81F, 0xF81F, 0xF81F, 0xF81F, 0xF81F, 0x0000, 0x0000, 0x0020, 0x0020, 0xF7BE, 0xF7BE,
    0xFFDF, 0xFFDF, 0xFFDF, 0xFFDF, 0xFFDF, 0xFFDF, 0xFFDF, 0xFFDF, 0xFFDF, 0xFFDF, 0xFFDF, 0xF7BE,
    0xFFDF, 0xF7BE, 0xFFDF, 0xFFDF, 0xFFDF, 0xFFDF, 0xFFDF, 0xFFDF, 0xFFDF, 0xFFDF, 0xFFDF, 0xFFDF,
    0xFFDF, 0xFFDF, 0xFFDF, 0xFFDF, 0xF79E, 0xF79E, 0xF79E, 0xF79E, 0x630C, 0x0000, 0x0000, 0x2104,
    0x0020, 0x4A69, 0xFFDF, 0xFFDF, 0xFFFF, 0x2124, 0x0000, 0x0000, 0x0000, 0x0000, 0xF81F, 0xF81F,
    0xF81F, 0xF81F, 0xF81F, 0xF81F, 0xF81F, 0xF81F, 0xF81F, 0xF81F, 0xF81F, 0xF81F, 0xF81F, 0xF81F,
    0xF81F, 0xF81F, 0xF81F, 0xF81F, 0xF81F, 0xF81F, 0xF81F, 0xF81F, 0xF81F, 0xF81F, 0xF81F, 0xF81F,
    0xF81F, 0xF81F, 0xF81F, 0xF81F, 0xF81F, 0xF81F, 0xF81F, 0xF81F, 0xF81F, 0xF81F, 0xF81F, 0xF81F,
    0x0000, 0x0000, 0x0000, 0x0000, 0x0000, 0x0000, 0xF81F, 0xF81F, 0xF81F, 0xF81F, 0xF81F, 0xF81F,
    0xF81F, 0xF81F, 0xF81F, 0xF81F, 0xF81F, 0xF81F, 0xF81F, 0x0000, 0x0000, 0x0020, 0x0020, 0xF7BE,
    0xF7BE, 0xF7BE, 0xFFDF, 0xFFDF, 0xFFDF, 0xFFDF, 0xFFDF, 0xFFDF, 0xF7BE, 0xFFDF, 0xFFDF, 0xF7BE,
    0xFFDF, 0xFFDF, 0xFFDF, 0xFFDF, 0xFFDF, 0xFFDF, 0xF7BE, 0xFFDF, 0xFFDF, 0xFFDF, 0xFFDF, 0xFFDF,
    0xFFDF, 0xFFDF, 0xFFDF, 0xFFDF, 0xFFDF, 0xF79E, 0xF79E, 0xF79E, 0x2945, 0x0000, 0x0000, 0x8410,
    0x8410, 0x0020, 0x4A69, 0xFFDF, 0x738E, 0x2124, 0x0000, 0x0000, 0x0000, 0x0000, 0xF81F, 0xF81F,
    0xF81F, 0xF81F, 0xF81F, 0xF81F, 0xF81F, 0xF81F, 0xF81F, 0xF81F, 0xF81F, 0xF81F, 0xF81F, 0xF81F,
    0xF81F, 0xF81F, 0xF81F, 0xF81F, 0xF81F, 0xF81F, 0xF81F, 0xF81F, 0xF81F, 0xF81F, 0xF81F, 0xF81F,
    0xF81F, 0xF81F, 0xF81F, 0xF81F, 0xF81F, 0xF81F, 0xF81F, 0xF81F, 0xF81F, 0xF81F, 0xF81F, 0xF81F,
    0xF81F, 0xF81F, 0xF81F, 0xF81F, 0xF81F, 0xF81F, 0xF81F, 0xF81F, 0xF81F, 0xF81F, 0xF81F, 0xF81F,
    0xF81F, 0xF81F, 0xF81F, 0xF81F, 0xF81F, 0xF81F, 0xF81F, 0xF81F, 0x0000, 0x0000, 0x0020, 0x0020,
    0xF7BE, 0xF7BE, 0xFFDF, 0xFFDF, 0xFFDF, 0xFFDF, 0xF7BE, 0xFFDF, 0xF7BE, 0xFFDF, 0xFFDF, 0xFFDF,
    0xFFDF, 0xFFDF, 0xFFDF, 0xFFDF, 0xFFDF, 0xFFDF, 0xFFDF, 0xFFDF, 0xFFDF, 0xF7BE, 0xFFDF, 0xF7BE,
    0xFFDF, 0xFFDF, 0xFFDF, 0xFFDF, 0xFFDF, 0xFFDF, 0xF79E, 0xD69A, 0x0020, 0x0020, 0x0000, 0x8430,
    0xE73C, 0xA534, 0x0020, 0x4A69, 0x9492, 0x0020, 0x0000, 0x0000, 0x0000, 0xF81F, 0xF81F, 0xF81F,
    0xF81F, 0xF81F, 0xF81F, 0xF81F, 0xF81F, 0xF81F, 0xF81F, 0xF81F, 0xF81F, 0xF81F, 0xF81F, 0xF81F,
    0xF81F, 0xF81F, 0xF81F, 0xF81F, 0xF81F, 0xF81F, 0xF81F, 0xF81F, 0xF81F, 0xF81F, 0xF81F, 0xF81F,
    0xF81F, 0xF81F, 0xF81F, 0xF81F, 0xF81F, 0xF81F, 0xF81F, 0xF81F, 0xF81F, 0xF81F, 0xF81F, 0xF81F,
    0xF81F, 0xF81F, 0xF81F, 0xF81F, 0xF81F, 0xF81F, 0xF81F, 0xF81F, 0xF81F, 0xF81F, 0xF81F, 0xF81F,
    0xF81F, 0xF81F, 0xF81F, 0xF81F, 0xF81F, 0xF81F, 0xF81F, 0xF81F, 0xF81F, 0x0000, 0x0000, 0x0020,
    0x2945, 0xF7BE, 0xF7BE, 0xF7BE, 0xFFDF, 0xFFDF, 0xFFDF, 0xFFDF, 0xFFDF, 0xFFDF, 0xFFDF, 0xFFDF,
    0xFFDF, 0xFFDF, 0xFFDF, 0xFFDF, 0xFFDF, 0xFFDF, 0xFFDF, 0xF7BE, 0xFFDF, 0xFFDF, 0xFFDF, 0xFFDF,
    0xFFDF, 0xF7BE, 0xFFDF, 0xFFDF, 0xFFDF, 0xFFDF, 0xF7BE, 0x4A49, 0x0020, 0x0020, 0x0020, 0xC638,
    0xE73C, 0xE73C, 0xA534, 0x0020, 0x2945, 0xFFDF, 0x738E, 0x2124, 0x0000, 0x0000, 0x0000, 0xF81F,
    0xF81F, 0xF81F, 0xF81F, 0xF81F, 0xF81F, 0xF81F, 0xF81F, 0xF81F, 0xF81F, 0xF81F, 0xF81F, 0xF81F,
    0xF81F, 0xF81F, 0xF81F, 0xF81F, 0xF81F, 0xF81F, 0xF81F, 0xF81F, 0xF81F, 0xF81F, 0xF81F, 0xF81F,
    0xF81F, 0xF81F, 0xF81F, 0xF81F, 0xF81F, 0xF81F, 0xF81F, 0xF81F, 0xF81F, 0xF81F, 0xF81F, 0xF81F,
    0xF81F, 0xF81F, 0xF81F, 0xF81F, 0xF81F, 0xF81F, 0xF81F, 0xF81F, 0xF81F, 0xF81F, 0xF81F, 0xF81F,
    0xF81F, 0xF81F, 0xF81F, 0xF81F, 0xF81F, 0xF81F, 0xF81F, 0xF81F, 0xF81F, 0xF81F, 0x0000, 0x0000,
    0x0020, 0x4A49, 0xFFDF, 0xFFDF, 0xF7BE, 0xF7BE, 0xF7BE, 0xF7BE, 0xFFDF, 0xFFDF, 0xFFDF, 0xFFDF,
    0xFFDF, 0xFFDF, 0xFFDF, 0xF7BE, 0xFFDF, 0xFFDF, 0xFFDF, 0xFFDF, 0xF7BE, 0xF7BE, 0xF7BE, 0xF7BE,
    0xF7BE, 0xF7BE, 0xF7BE, 0xF7BE, 0xF79E, 0xF79E, 0x6B6D, 0x0020, 0x0000, 0x0000, 0x2104, 0xF7BE,
    0xF7BE, 0xF7BE, 0xF7BE, 0x9CD3, 0x0000, 0x2104, 0xF7BE, 0xF7BE, 0xF7BE, 0x2104, 0x0000, 0x0000,
    0xF81F, 0xF81F, 0xF81F, 0xF81F, 0xF81F, 0xF81F, 0xF81F, 0xF81F, 0xF81F, 0xF81F, 0xF81F, 0xF81F,
    0xF81F, 0xF81F, 0xF81F, 0xF81F, 0xF81F, 0xF81F, 0xF81F, 0xF81F, 0xF81F, 0xF81F, 0xF81F, 0xF81F,
    0xF81F, 0xF81F, 0xF81F, 0xF81F, 0xF81F, 0xF81F, 0xF81F, 0xF81F, 0xF81F, 0xF81F, 0xF81F, 0xF81F,
    0xF81F, 0xF81F, 0xF81F, 0xF81F, 0xF81F, 0xF81F, 0xF81F, 0xF81F, 0xF81F, 0xF81F, 0xF81F, 0xF81F,
    0xF81F, 0xF81F, 0xF81F, 0xF81F, 0xF81F, 0xF81F, 0xF81F, 0xF81F, 0xF81F, 0xF81F, 0xF81F, 0x0000,
    0x0000, 0x0020, 0x0020, 0x4A49, 0xFFDF, 0xF7BE, 0xF7BE, 0xF7BE, 0xF7BE, 0xFFDF, 0xFFDF, 0xFFDF,
    0xFFDF, 0xFFDF, 0xF7BE, 0xF7BE, 0xFFDF, 0xFFDF, 0xF7BE, 0xFFDF, 0xFFDF, 0xF7BE, 0xF7BE, 0xF7BE,
    0xF7BE, 0xF7BE, 0xF7BE, 0xF7BE, 0xF7BE, 0xAD75, 0x0020, 0x0020, 0x0020, 0x0000, 0x6B4D, 0xF7BE,
    0xF7BE, 0xF7BE, 0xF7BE, 0xF7BE, 0x9CD3, 0x0000, 0x2104, 0xF7BE, 0x6B4D, 0x2104, 0x0000, 0x0000,
    0x0000, 0xF81F, 0xF81F, 0xF81F, 0xF81F, 0xF81F, 0xF81F, 0xF81F, 0xF81F, 0xF81F, 0xF81F, 0xF81F,
    0xF81F, 0xF81F, 0xF81F, 0xF81F, 0xF81F, 0xF81F, 0xF81F, 0xF81F, 0xF81F, 0xF81F, 0xF81F, 0xF81F,
    0xF81F, 0xF81F, 0xF81F, 0xF81F, 0xF81F, 0xF81F, 0xF81F, 0xF81F, 0xF81F, 0xF81F, 0xF81F, 0xF81F,
    0xF81F, 0xF81F, 0xF81F, 0xF81F, 0xF81F, 0xF81F, 0xF81F, 0xF81F, 0xF81F, 0xF81F, 0xF81F, 0xF81F,
    0xF81F, 0xF81F, 0xF81F, 0xF81F, 0xF81F, 0xF81F, 0xF81F, 0xF81F, 0xF81F, 0xF81F, 0xF81F, 0xF81F,
    0x0000, 0x0000, 0x0020, 0x0020, 0x0020, 0x0020, 0x8C51, 0xF7BE, 0xF7BE, 0xF7BE, 0xFFDF, 0xFFDF,
    0xFFDF, 0xFFDF, 0xFFDF, 0xFFDF, 0xFFDF, 0xFFDF, 0xFFDF, 0xFFDF, 0xFFDF, 0xFFDF, 0xF7BE, 0xF7BE,
    0xF7BE, 0xF7BE, 0xF79E, 0xF79E, 0x6B6D, 0x0841, 0x0020, 0x0020, 0x0020, 0x2945, 0xD69A, 0xF7BE,
    0xF7BE, 0xF7BE, 0xF7BE, 0xF7BE, 0xF7BE, 0x9CD3, 0x0000, 0x0000, 0x0000, 0x0000, 0x0000, 0x0000,
    0x0000, 0xF81F, 0xF81F, 0xF81F, 0xF81F, 0xF81F, 0xF81F, 0xF81F, 0xF81F, 0xF81F, 0xF81F, 0xF81F,
    0xF81F, 0xF81F, 0xF81F, 0xF81F, 0xF81F, 0xF81F, 0xF81F, 0xF81F, 0xF81F, 0xF81F, 0xF81F, 0xF81F,
    0xF81F, 0xF81F, 0xF81F, 0xF81F, 0xF81F, 0xF81F, 0xF81F, 0xF81F, 0xF81F, 0xF81F, 0xF81F, 0xF81F,
    0xF81F, 0xF81F, 0xF81F, 0xF81F, 0xF81F, 0xF81F, 0xF81F, 0xF81F, 0xF81F, 0xF81F, 0xF81F, 0xF81F,
    0xF81F, 0xF81F, 0x0000, 0x0000, 0x0000, 0xF81F, 0xF81F, 0xF81F, 0xF81F, 0xF81F, 0xF81F, 0xF81F,
    0xF81F, 0x0000, 0x0000, 0x0020, 0x4A49, 0x0020, 0x0020, 0x0000, 0x0000, 0x4228, 0x8C51, 0xE71C,
    0xFFDF, 0xFFDF, 0xFFDF, 0xF7BE, 0xFFDF, 0xFFDF, 0xFFDF, 0xFFDF, 0xF7BE, 0xFFDF, 0xFFDF, 0xF7BE,
    0xF7BE, 0xD69A, 0x6B6D, 0x2945, 0x0841, 0x0841, 0x0841, 0x0020, 0x2945, 0xD69A, 0xF79E, 0xF7BE,
    0xF7BE, 0xF7BE, 0xF7BE, 0xF7BE, 0xF7BE, 0xF7BE, 0x9CD3, 0x0000, 0x0000, 0x0000, 0x0000, 0x0000,
    0x0000, 0xF81F, 0xF81F, 0xF81F, 0xF81F, 0xF81F, 0xF81F, 0xF81F, 0xF81F, 0xF81F, 0xF81F, 0xF81F,
    0xF81F, 0xF81F, 0xF81F, 0xF81F, 0xF81F, 0xF81F, 0xF81F, 0xF81F, 0xF81F, 0xF81F, 0xF81F, 0xF81F,
    0xF81F, 0xF81F, 0xF81F, 0xF81F, 0xF81F, 0xF81F, 0xF81F, 0xF81F, 0xF81F, 0xF81F, 0xF81F, 0xF81F,
    0xF81F, 0xF81F, 0xF81F, 0xF81F, 0xF81F, 0xF81F, 0xF81F, 0xF81F, 0xF81F, 0xF81F, 0xF81F, 0xF81F,
    0xF81F, 0xF81F, 0x0000, 0x0000, 0x0000, 0x0000, 0x0000, 0xF81F, 0xF81F, 0xF81F, 0xF81F, 0xF81F,
    0xF81F, 0xF81F, 0x0000, 0x0000, 0x0000, 0xD69A, 0xF7BE, 0x8C51, 0x0020, 0x0020, 0x0020, 0x0020,
    0x0020, 0x0020, 0x0020, 0x4A49, 0x4A49, 0x4A49, 0xB596, 0xB596, 0x4A69, 0x4A69, 0x4A69, 0x2965,
    0x2104, 0x0000, 0x0000, 0x0000, 0x0000, 0x0000, 0x0000, 0x6B4D, 0xC638, 0xFFDF, 0xFFDF, 0xFFDF,
    0xF7BE, 0xFFDF, 0xFFDF, 0xF7BE, 0xF7BE, 0xF7BE, 0xF7BE, 0x9CD3, 0x0000, 0x0000, 0xF81F, 0xF81F,
    0xF81F, 0xF81F, 0xF81F, 0xF81F, 0xF81F, 0xF81F, 0xF81F, 0xF81F, 0xF81F, 0xF81F, 0xF81F, 0xF81F,
    0xF81F, 0xF81F, 0xF81F, 0xF81F, 0xF81F, 0xF81F, 0xF81F, 0xF81F, 0xF81F, 0xF81F, 0xF81F, 0xF81F,
    0xF81F, 0xF81F, 0xF81F, 0xF81F, 0xF81F, 0xF81F, 0xF81F, 0xF81F, 0xF81F, 0xF81F, 0xF81F, 0xF81F,
    0xF81F, 0xF81F, 0xF81F, 0xF81F, 0xF81F, 0xF81F, 0xF81F, 0xF81F, 0xF81F, 0xF81F, 0xF81F, 0xF81F,
    0xF81F, 0xF81F, 0xF81F, 0x0000, 0x0000, 0x0000, 0x0000, 0x0000, 0xF81F, 0xF81F, 0xF81F, 0xF81F,
    0xF81F, 0xF81F, 0xF81F, 0x0000, 0x0000, 0x0000, 0xF7BE, 0xF7BE, 0xF7BE, 0xF7BE, 0xD6BA, 0x4A69,
    0x2945, 0x0020, 0x0020, 0x0020, 0x0020, 0x0020, 0x0020, 0x0020, 0x0020, 0x0841, 0x0841, 0x0841,
    0x0841, 0x0000, 0x0000, 0x0000, 0x4228, 0x6B4D, 0xAD75, 0xF7BE, 0xF7BE, 0xFFDF, 0xFFDF, 0xFFDF,
    0xFFDF, 0xFFDF, 0xFFDF, 0xFFDF, 0xFFDF, 0xF7BE, 0xF7BE, 0xF7BE, 0x9CD3, 0x0000, 0x0000, 0xF81F,
    0xF81F, 0xF81F, 0xF81F, 0xF81F, 0xF81F, 0xF81F, 0xF81F, 0xF81F, 0xF81F, 0xF81F, 0xF81F, 0xF81F,
    0xF81F, 0xF81F, 0xF81F, 0xF81F, 0xF81F, 0xF81F, 0xF81F, 0xF81F, 0xF81F, 0xF81F, 0xF81F, 0xF81F,
    0xF81F, 0xF81F, 0xF81F, 0xF81F, 0xF81F, 0xF81F, 0xF81F, 0xF81F, 0xF81F, 0xF81F, 0xF81F, 0xF81F,
    0xF81F, 0xF81F, 0xF81F, 0xF81F, 0xF81F, 0xF81F, 0xF81F, 0xF81F, 0xF81F, 0xF81F, 0xF81F, 0xF81F,
    0xF81F, 0xF81F, 0xF81F, 0xF81F, 0x0000, 0x0000, 0x0000, 0x0000, 0x0000, 0xF81F, 0xF81F, 0xF81F,
    0xF81F, 0xF81F, 0xF81F, 0xF81F, 0x0000, 0x0000, 0x2104, 0xF7BE, 0xF7BE, 0xF7BE, 0xF7BE, 0xF7BE,
    0xF7BE, 0xF7BE, 0xF79E, 0xF79E, 0xAD75, 0x6B6D, 0x4A49, 0x4A49, 0x4A49, 0x4A49, 0x4A69, 0x4A69,
    0x4A69, 0x738E, 0xAD75, 0xF79E, 0xF79E, 0xF79E, 0xF7BE, 0xF7BE, 0xF7BE, 0xF7BE, 0xFFDF, 0xFFDF,
    0xFFDF, 0xFFDF, 0xFFDF, 0xF7BE, 0xFFDF, 0xFFDF, 0xF7BE, 0xF7BE, 0xF7BE, 0x9CD3, 0x0000, 0x0000,
    0xF81F, 0xF81F, 0xF81F, 0xF81F, 0xF81F, 0xF81F, 0xF81F, 0xF81F, 0xF81F, 0xF81F, 0xF81F, 0xF81F,
    0xF81F, 0xF81F, 0xF81F, 0xF81F, 0xF81F, 0xF81F, 0xF81F, 0xF81F, 0xF81F, 0xF81F, 0xF81F, 0xF81F,
    0xF81F, 0xF81F, 0xF81F, 0xF81F, 0xF81F, 0xF81F, 0xF81F, 0xF81F, 0xF81F, 0xF81F, 0xF81F, 0xF81F,
    0xF81F, 0xF81F, 0xF81F, 0xF81F, 0xF81F, 0xF81F, 0xF81F, 0xF81F, 0xF81F, 0xF81F, 0xF81F, 0xF81F,
    0xF81F, 0xF81F, 0xF81F, 0xF81F, 0xF81F, 0xF81F, 0x0000, 0x0000, 0x0000, 0xF81F, 0xF81F, 0xF81F,
    0xF81F, 0xF81F, 0xF81F, 0xF81F, 0xF81F, 0x0000, 0x0000, 0x4228, 0xF7BE, 0xF7BE, 0xF7BE, 0xF7BE,
    0xF7BE, 0xF7BE, 0xF7BE, 0xF79E, 0xF79E, 0xF79E, 0xF79E, 0xF7BE, 0xF7BE, 0xF7BE, 0xF7BE, 0xFFFF,
    0xFFFF, 0xFFFF, 0xFFFF, 0xF79E, 0xF79E, 0xF79E, 0x8C51, 0xF7BE, 0xF7BE, 0xF7BE, 0xF7BE, 0xFFDF,
    0xFFDF, 0xFFDF, 0xFFDF, 0xFFDF, 0xFFDF, 0xFFDF, 0xFFDF, 0xF7BE, 0xF7BE, 0xF7BE, 0x9CD3, 0x0000,
    0x0000, 0xF81F, 0xF81F, 0xF81F, 0xF81F, 0xF81F, 0xF81F, 0xF81F, 0xF81F, 0xF81F, 0xF81F, 0xF81F,
    0xF81F, 0xF81F, 0xF81F, 0xF81F, 0xF81F, 0xF81F, 0xF81F, 0xF81F, 0xF81F, 0xF81F, 0xF81F, 0xF81F,
    0xF81F, 0xF81F, 0xF81F, 0xF81F, 0xF81F, 0xF81F, 0xF81F, 0xF81F, 0xF81F, 0xF81F, 0xF81F, 0xF81F,
    0xF81F, 0xF81F, 0xF81F, 0xF81F, 0xF81F, 0xF81F, 0xF81F, 0xF81F, 0xF81F, 0xF81F, 0xF81F, 0xF81F,
    0xF81F, 0xF81F, 0xF81F, 0xF81F, 0xF81F, 0xF81F, 0xF81F, 0xF81F, 0xF81F, 0xF81F, 0xF81F, 0xF81F,
    0xF81F, 0xF81F, 0xF81F, 0xF81F, 0xF81F, 0xF81F, 0x0000, 0x0000, 0x6B6D, 0xF7BE, 0xF7BE, 0xF7BE,
    0xFFDF, 0xFFDF, 0xFFDF, 0xFFDF, 0xFFDF, 0xFFDF, 0xFFDF, 0xFFDF, 0xFFDF, 0xFFDF, 0xFFDF, 0xFFDF,
    0xFFDF, 0xFFDF, 0xFFDF, 0xFFDF, 0xF79E, 0xF79E, 0x0841, 0x2945, 0xFFDF, 0xFFDF, 0xFFDF, 0xFFDF,
    0xFFDF, 0xFFDF, 0xFFDF, 0xFFDF, 0xFFDF, 0xFFDF, 0xFFDF, 0xFFDF, 0xF7BE, 0xF7BE, 0xF7BE, 0x9CD3,
    0x0000, 0x0000, 0xF81F, 0xF81F, 0xF81F, 0xF81F, 0xF81F, 0xF81F, 0xF81F, 0xF81F, 0xF81F, 0xF81F,
    0xF81F, 0xF81F, 0xF81F, 0xF81F, 0xF81F, 0xF81F, 0xF81F, 0xF81F, 0xF81F, 0xF81F, 0xF81F, 0xF81F,
    0xF81F, 0xF81F, 0xF81F, 0xF81F, 0xF81F, 0xF81F, 0xF81F, 0xF81F, 0xF81F, 0xF81F, 0xF81F, 0xF81F,
    0xF81F, 0xF81F, 0xF81F, 0xF81F, 0xF81F, 0xF81F, 0xF81F, 0xF81F, 0xF81F, 0xF81F, 0xF81F, 0xF81F,
    0xF81F, 0xF81F, 0xF81F, 0xF81F, 0xF81F, 0xF81F, 0xF81F, 0xF81F, 0xF81F, 0xF81F, 0xF81F, 0xF81F,
    0xF81F, 0xF81F, 0xF81F, 0xF81F, 0xF81F, 0xF81F, 0x0000, 0x0000, 0x0000, 0xD69A, 0xF7BE, 0xF7BE,
    0xF7BE, 0xF7BE, 0xFFDF, 0xFFDF, 0xF7BE, 0xFFDF, 0xFFDF, 0xFFDF, 0xFFDF, 0xF7BE, 0xFFDF, 0xFFDF,
    0xFFDF, 0xFFDF, 0xFFDF, 0xFFDF, 0xF7BE, 0xF79E, 0x0841, 0x0841, 0xAD75, 0xFFDF, 0xF7BE, 0xF7BE,
    0xFFDF, 0xFFDF, 0xFFDF, 0xFFDF, 0xFFDF, 0xFFDF, 0xFFDF, 0xFFDF, 0xF7BE, 0xF7BE, 0xF7BE, 0xF7BE,
    0x9CD3, 0x0000, 0x0000, 0xF81F, 0xF81F, 0xF81F, 0xF81F, 0xF81F, 0xF81F, 0xF81F, 0xF81F, 0xF81F,
    0xF81F, 0xF81F, 0xF81F, 0xF81F, 0xF81F, 0xF81F, 0xF81F, 0xF81F, 0xF81F, 0xF81F, 0xF81F, 0xF81F,
    0xF81F, 0xF81F, 0xF81F, 0xF81F, 0xF81F, 0xF81F, 0xF81F, 0xF81F, 0xF81F, 0xF81F, 0xF81F, 0xF81F,
    0xF81F, 0xF81F, 0xF81F, 0xF81F, 0xF81F, 0xF81F, 0xF81F, 0xF81F, 0xF81F, 0xF81F, 0xF81F, 0xF81F,
    0xF81F, 0xF81F, 0xF81F, 0xF81F, 0xF81F, 0xF81F, 0xF81F, 0xF81F, 0xF81F, 0xF81F, 0xF81F, 0xF81F,
    0xF81F, 0xF81F, 0xF81F, 0xF81F, 0xF81F, 0xF81F, 0xF81F, 0x0000, 0x0000, 0x0000, 0xF7BE, 0xF7BE,
    0xF7BE, 0xF7BE, 0xFFDF, 0xF7BE, 0xF7BE, 0xFFDF, 0xFFDF, 0xFFDF, 0xFFDF, 0xFFDF, 0xFFDF, 0xFFDF,
    0xFFDF, 0xFFDF, 0xFFDF, 0xFFDF, 0xFFDF, 0xFFDF, 0xAD75, 0x0841, 0x0841, 0xF79E, 0xF7BE, 0xFFDF,
    0xFFDF, 0xFFDF, 0xF7BE, 0xFFDF, 0xFFDF, 0xFFDF, 0xFFDF, 0xFFDF, 0xFFDF, 0xFFDF, 0xF7BE, 0xF7BE,
    0xF7BE, 0x9CD3, 0x0000, 0x0000, 0xF81F, 0xF81F, 0xF81F, 0xF81F, 0xF81F, 0xF81F, 0xF81F, 0xF81F,
    0xF81F, 0xF81F, 0xF81F, 0xF81F, 0xF81F, 0xF81F, 0xF81F, 0xF81F, 0xF81F, 0xF81F, 0xF81F, 0xF81F,
    0xF81F, 0xF81F, 0xF81F, 0xF81F, 0xF81F, 0xF81F, 0xF81F, 0xF81F, 0xF81F, 0xF81F, 0xF81F, 0xF81F,
    0xF81F, 0xF81F, 0xF81F, 0xF81F, 0xF81F, 0xF81F, 0xF81F, 0xF81F, 0xF81F, 0xF81F, 0xF81F, 0xF81F,
    0xF81F, 0xF81F, 0xF81F, 0xF81F, 0xF81F, 0xF81F, 0xF81F, 0xF81F, 0xF81F, 0xF81F, 0xF81F, 0xF81F,
    0xF81F, 0xF81F, 0xF81F, 0xF81F, 0xF81F, 0xF81F, 0xF81F, 0xF81F, 0x0000, 0x0000, 0x18E3, 0xF7BE,
    0xF7BE, 0xF7BE, 0xF7BE, 0xFFDF, 0xF7BE, 0xFFDF, 0xF7BE, 0xFFDF, 0xFFDF, 0xF7BE, 0xFFDF, 0xFFDF,
    0xFFDF, 0xFFDF, 0xFFDF, 0xFFDF, 0xFFDF, 0xFFDF, 0xFFDF, 0x2945, 0x0841, 0x4A69, 0xF79E, 0xFFDF,
    0xFFDF, 0xFFDF, 0xF7BE, 0xFFDF, 0xF7BE, 0xFFDF, 0xFFDF, 0xFFDF, 0xFFDF, 0xF7BE, 0xFFDF, 0xF7BE,
    0xF7BE, 0xF7BE, 0x9CD3, 0x0000, 0x0000, 0xF81F, 0xF81F, 0xF81F, 0xF81F, 0xF81F, 0xF81F, 0xF81F,
    0xF81F, 0xF81F, 0xF81F, 0xF81F, 0xF81F, 0xF81F, 0xF81F, 0xF81F, 0xF81F, 0xF81F, 0xF81F, 0xF81F,
    0xF81F, 0xF81F, 0xF81F, 0xF81F, 0xF81F, 0xF81F, 0xF81F, 0xF81F, 0xF81F, 0xF81F, 0xF81F, 0xF81F,
    0xF81F, 0xF81F, 0xF81F, 0xF81F, 0xF81F, 0xF81F, 0xF81F, 0xF81F, 0xF81F, 0xF81F, 0xF81F, 0xF81F,
    0xF81F, 0xF81F, 0xF81F, 0xF81F, 0xF81F, 0xF81F, 0xF81F, 0xF81F, 0xF81F, 0xF81F, 0xF81F, 0xF81F,
    0xF81F, 0xF81F, 0xF81F, 0xF81F, 0xF81F, 0xF81F, 0xF81F, 0xF81F, 0xF81F, 0x0000, 0x0000, 0x4208,
    0xFFDF, 0xF7BE, 0xFFDF, 0xF7BE, 0xFFDF, 0xF7BE, 0xFFDF, 0xFFDF, 0xFFDF, 0xFFDF, 0xF7BE, 0xFFDF,
    0xFFDF, 0xFFDF, 0xFFDF, 0xFFDF, 0xF79E, 0xF79E, 0xF79E, 0xF79E, 0x0000, 0x0000, 0xF79E, 0xF79E,
    0xFFDF, 0xFFDF, 0xFFDF, 0xF7BE, 0xFFDF, 0xFFDF, 0xF7BE, 0xF7BE, 0xFFDF, 0xFFDF, 0xFFDF, 0xF7BE,
    0xF7BE, 0xF7BE, 0xF7BE, 0x9CF3, 0x0000, 0x0000, 0xF81F, 0xF81F, 0xF81F, 0xF81F, 0xF81F, 0xF81F,
    0xF81F, 0xF81F, 0xF81F, 0xF81F, 0xF81F, 0xF81F, 0xF81F, 0xF81F, 0xF81F, 0xF81F, 0xF81F, 0xF81F,
    0xF81F, 0xF81F, 0xF81F, 0xF81F, 0xF81F, 0xF81F, 0xF81F, 0xF81F, 0xF81F, 0xF81F, 0xF81F, 0xF81F,
    0xF81F, 0xF81F, 0xF81F, 0xF81F, 0xF81F, 0xF81F, 0xF81F, 0xF81F, 0xF81F, 0xF81F, 0xF81F, 0xF81F,
    0xF81F, 0xF81F, 0xF81F, 0xF81F, 0xF81F, 0xF81F, 0xF81F, 0xF81F, 0xF81F, 0xF81F, 0xF81F, 0xF81F,
    0xF81F, 0xF81F, 0xF81F, 0xF81F, 0xF81F, 0xF81F, 0xF81F, 0xF81F, 0xF81F, 0xF81F, 0x0000, 0x0000,
    0xA534, 0xFFDF, 0xF7BE, 0xF7BE, 0xFFDF, 0xFFDF, 0xFFDF, 0xFFDF, 0xFFDF, 0xFFDF, 0xFFDF, 0xF7BE,
    0xFFDF, 0xFFDF, 0xFFDF, 0xFFDF, 0xF7BE, 0xF79E, 0xF79E, 0xF79E, 0x6B6D, 0x0000, 0x4228, 0xF79E,
    0xF79E, 0xFFDF, 0xFFDF, 0xFFDF, 0xFFDF, 0xFFDF, 0xFFDF, 0xFFDF, 0xFFDF, 0xFFDF, 0xFFDF, 0xFFDF,
    0xFFDF, 0xF7BE, 0xF7BE, 0xF7BE, 0x9CF3, 0x0000, 0x0000, 0xF81F, 0xF81F, 0xF81F, 0xF81F, 0xF81F,
    0xF81F, 0xF81F, 0xF81F, 0xF81F, 0xF81F, 0xF81F, 0xF81F, 0xF81F, 0xF81F, 0xF81F, 0xF81F, 0xF81F,
    0xF81F, 0xF81F, 0xF81F, 0xF81F, 0xF81F, 0xF81F, 0xF81F, 0xF81F, 0xF81F, 0xF81F, 0xF81F, 0xF81F,
    0xF81F, 0xF81F, 0xF81F, 0xF81F, 0xF81F, 0xF81F, 0xF81F, 0xF81F, 0xF81F, 0xF81F, 0xF81F, 0xF81F,
    0xF81F, 0xF81F, 0xF81F, 0xF81F, 0xF81F, 0xF81F, 0xF81F, 0xF81F, 0xF81F, 0xF81F, 0xF81F, 0xF81F,
    0xF81F, 0xF81F, 0xF81F, 0xF81F, 0xF81F, 0xF81F, 0xF81F, 0xF81F, 0xF81F, 0x0000, 0x0000, 0x0000,
    0x0000, 0xEF5D, 0xFFDF, 0xFFDF, 0xFFDF, 0xFFDF, 0xFFDF, 0xFFDF, 0xFFDF, 0xFFDF, 0xFFDF, 0xF7BE,
    0xFFDF, 0xFFDF, 0xFFDF, 0xFFDF, 0xFFDF, 0xFFDF, 0xF79E, 0xF79E, 0xF79E, 0x0841, 0x0000, 0xAD55,
    0xF79E, 0xF79E, 0xFFDF, 0xFFDF, 0xF7BE, 0xFFDF, 0xFFDF, 0xFFDF, 0xFFDF, 0xFFDF, 0xFFDF, 0xF7BE,
    0xFFDF, 0xFFDF, 0xF7BE, 0xF7BE, 0xF7BE, 0x9CF3, 0x0000, 0x0000, 0xF81F, 0xF81F, 0xF81F, 0xF81F,
    0xF81F, 0xF81F, 0xF81F, 0xF81F, 0xF81F, 0xF81F, 0xF81F, 0xF81F, 0xF81F, 0xF81F, 0xF81F, 0xF81F,
    0xF81F, 0xF81F, 0xF81F, 0xF81F, 0xF81F, 0xF81F, 0xF81F, 0xF81F, 0xF81F, 0xF81F, 0xF81F, 0xF81F,
    0xF81F, 0xF81F, 0xF81F, 0xF81F, 0xF81F, 0xF81F, 0xF81F, 0xF81F, 0xF81F, 0xF81F, 0xF81F, 0xF81F,
    0xF81F, 0xF81F, 0xF81F, 0xF81F, 0xF81F, 0xF81F, 0xF81F, 0xF81F, 0xF81F, 0xF81F, 0xF81F, 0xF81F,
    0xF81F, 0xF81F, 0xF81F, 0xF81F, 0xF81F, 0xF81F, 0xF81F, 0xF81F, 0xF81F, 0x0000, 0x0000, 0x0000,
    0x0000, 0x2104, 0xEF5D, 0xFFDF, 0xFFDF, 0xF7BE, 0xFFDF, 0xFFDF, 0xFFDF, 0xFFDF, 0xFFDF, 0xFFDF,
    0xFFDF, 0xFFDF, 0xFFDF, 0xFFDF, 0xFFDF, 0xFFDF, 0xFFDF, 0xF79E, 0xF79E, 0xD69A, 0x0841, 0x0000,
    0xF79E, 0xF79E, 0xF79E, 0xFFDF, 0xFFDF, 0xF7BE, 0xFFDF, 0xFFDF, 0xFFDF, 0xFFDF, 0xF7BE, 0xFFDF,
    0xFFDF, 0xF7BE, 0xFFDF, 0xF7BE, 0xF7BE, 0xF7BE, 0x9CF3, 0x0000, 0x0000, 0xF81F, 0xF81F, 0xF81F,
    0xF81F, 0xF81F, 0xF81F, 0xF81F, 0xF81F, 0xF81F, 0xF81F, 0xF81F, 0xF81F, 0xF81F, 0xF81F, 0xF81F,
    0xF81F, 0xF81F, 0xF81F, 0xF81F, 0xF81F, 0xF81F, 0xF81F, 0xF81F, 0xF81F, 0xF81F, 0xF81F, 0xF81F,
    0xF81F, 0xF81F, 0xF81F, 0xF81F, 0xF81F, 0xF81F, 0xF81F, 0xF81F, 0xF81F, 0xF81F, 0xF81F, 0xF81F,
    0xF81F, 0xF81F, 0xF81F, 0xF81F, 0xF81F, 0xF81F, 0xF81F, 0xF81F, 0xF81F, 0xF81F, 0xF81F, 0xF81F,
    0xF81F, 0xF81F, 0xF81F, 0xF81F, 0xF81F, 0xF81F, 0xF81F, 0xF81F, 0xF81F, 0xF81F, 0x0000, 0x0000,
    0x0000, 0x0000, 0x2124, 0xF7BE, 0xFFDF, 0xFFDF, 0xFFDF, 0xFFDF, 0xFFDF, 0xFFDF, 0xF7BE, 0xFFDF,
    0xFFDF, 0xFFDF, 0xFFDF, 0xFFDF, 0xFFDF, 0xF7BE, 0xF7BE, 0xFFDF, 0xF7BE, 0xF7BE, 0x2104, 0x0000,
    0x0000, 0xAD75, 0xF7BE, 0xF7BE, 0xFFDF, 0xFFDF, 0xFFDF, 0xFFDF, 0xFFDF, 0xFFDF, 0xFFDF, 0xFFDF,
    0xFFDF, 0xFFDF, 0xFFDF, 0xFFDF, 0xF7BE, 0xF7BE, 0xF7BE, 0x6B4D, 0x0000, 0x0000, 0xF81F, 0xF81F,
    0xF81F, 0xF81F, 0xF81F, 0xF81F, 0xF81F, 0xF81F, 0xF81F, 0xF81F, 0xF81F, 0xF81F, 0xF81F, 0xF81F,
    0xF81F, 0xF81F, 0xF81F, 0xF81F, 0xF81F, 0xF81F, 0xF81F, 0xF81F, 0xF81F, 0xF81F, 0xF81F, 0xF81F,
    0xF81F, 0xF81F, 0xF81F, 0xF81F, 0xF81F, 0xF81F, 0xF81F, 0xF81F, 0xF81F, 0xF81F, 0xF81F, 0xF81F,
    0xF81F, 0xF81F, 0xF81F, 0xF81F, 0xF81F, 0xF81F, 0xF81F, 0xF81F, 0xF81F, 0xF81F, 0xF81F, 0xF81F,
    0xF81F, 0xF81F, 0xF81F, 0xF81F, 0xF81F, 0xF81F, 0xF81F, 0xF81F, 0xF81F, 0xF81F, 0xF81F, 0x0000,
    0x0000, 0x0000, 0x0000, 0x6B4D, 0xF7BE, 0xF7BE, 0xFFDF, 0xFFDF, 0xFFDF, 0xFFDF, 0xFFDF, 0xFFDF,
    0xFFDF, 0xFFDF, 0xFFDF, 0xFFDF, 0xF7BE, 0xF7BE, 0xFFDF, 0xFFDF, 0xFFDF, 0xF7BE, 0xF7BE, 0x0000,
    0x0000, 0x0000, 0x8C51, 0xF7BE, 0xF7BE, 0xF7BE, 0xF7BE, 0xFFDF, 0xF7BE, 0xFFDF, 0xFFDF, 0xFFDF,
    0xFFDF, 0xF7BE, 0xFFDF, 0xFFDF, 0xFFDF, 0xF7BE, 0xF7BE, 0xF7BE, 0x4A69, 0x0000, 0x0000, 0xF81F,
    0xF81F, 0xF81F, 0xF81F, 0xF81F, 0xF81F, 0xF81F, 0xF81F, 0xF81F, 0xF81F, 0xF81F, 0xF81F, 0xF81F,
    0xF81F, 0xF81F, 0xF81F, 0xF81F, 0xF81F, 0xF81F, 0xF81F, 0xF81F, 0xF81F, 0xF81F, 0xF81F, 0xF81F,
    0xF81F, 0xF81F, 0xF81F, 0xF81F, 0xF81F, 0xF81F, 0xF81F, 0xF81F, 0xF81F, 0xF81F, 0xF81F, 0xF81F,
    0xF81F, 0xF81F, 0xF81F, 0xF81F, 0xF81F, 0xF81F, 0xF81F, 0xF81F, 0xF81F, 0xF81F, 0xF81F, 0xF81F,
    0xF81F, 0xF81F, 0xF81F, 0xF81F, 0xF81F, 0xF81F, 0xF81F, 0xF81F, 0xF81F, 0xF81F, 0xF81F, 0xF81F,
    0x0000, 0x0000, 0x0000, 0x0000, 0xD6BA, 0xF7BE, 0xFFDF, 0xFFDF, 0xFFDF, 0xFFDF, 0xFFDF, 0xFFDF,
    0xFFDF, 0xFFDF, 0xFFDF, 0xFFDF, 0xFFDF, 0xFFDF, 0xFFDF, 0xF7BE, 0xFFDF, 0xF7BE, 0xF7BE, 0x8C51,
    0x0000, 0x0000, 0x0000, 0x4228, 0xF7BE, 0xF7BE, 0xFFDF, 0xFFDF, 0xFFDF, 0xFFDF, 0xFFDF, 0xFFDF,
    0xFFDF, 0xFFDF, 0xF7BE, 0xF7BE, 0xFFDF, 0xFFDF, 0xF7BE, 0xF7BE, 0xF7BE, 0x4A69, 0x0000, 0x0000,
    0xF81F, 0xF81F, 0xF81F, 0xF81F, 0xF81F, 0xF81F, 0xF81F, 0xF81F, 0xF81F, 0xF81F, 0xF81F, 0xF81F,
    0xF81F, 0xF81F, 0xF81F, 0xF81F, 0xF81F, 0xF81F, 0xF81F, 0xF81F, 0xF81F, 0xF81F, 0xF81F, 0xF81F,
    0xF81F, 0xF81F, 0xF81F, 0xF81F, 0xF81F, 0xF81F, 0xF81F, 0xF81F, 0xF81F, 0xF81F, 0xF81F, 0xF81F,
    0xF81F, 0xF81F, 0xF81F, 0xF81F, 0xF81F, 0xF81F, 0xF81F, 0xF81F, 0xF81F, 0xF81F, 0xF81F, 0xF81F,
    0xF81F, 0xF81F, 0xF81F, 0xF81F, 0xF81F, 0xF81F, 0xF81F, 0xF81F, 0xF81F, 0xF81F, 0xF81F, 0xF81F,
    0xF81F, 0x0000, 0x0000, 0x0000, 0x0000, 0xF7BE, 0xF7BE, 0xFFDF, 0xFFDF, 0xFFDF, 0xFFDF, 0xFFDF,
    0xFFDF, 0xFFDF, 0xFFDF, 0xFFDF, 0xFFDF, 0xFFDF, 0xFFDF, 0xFFDF, 0xFFDF, 0xFFDF, 0xFFDF, 0xF7BE,
    0x2104, 0x0000, 0x0000, 0x0000, 0x4228, 0xF7BE, 0xF7BE, 0xF7BE, 0xFFDF, 0xFFDF, 0xFFDF, 0xFFDF,
    0xFFDF, 0xF7BE, 0xFFDF, 0xFFDF, 0xFFDF, 0xFFDF, 0xFFDF, 0xF7BE, 0xF7BE, 0xF7BE, 0x3186, 0x0000,
    0x0000, 0xF81F, 0xF81F, 0xF81F, 0xF81F, 0xF81F, 0xF81F, 0xF81F, 0xF81F, 0xF81F, 0xF81F, 0xF81F,
    0xF81F, 0xF81F, 0xF81F, 0xF81F, 0xF81F, 0xF81F, 0xF81F, 0xF81F, 0xF81F, 0xF81F, 0xF81F, 0xF81F,
    0xF81F, 0xF81F, 0xF81F, 0xF81F, 0xF81F, 0xF81F, 0xF81F, 0xF81F, 0xF81F, 0xF81F, 0xF81F, 0xF81F,
    0xF81F, 0xF81F, 0xF81F, 0xF81F, 0xF81F, 0xF81F, 0xF81F, 0xF81F, 0xF81F, 0xF81F, 0xF81F, 0xF81F,
    0xF81F, 0xF81F, 0xF81F, 0xF81F, 0xF81F, 0xF81F, 0xF81F, 0xF81F, 0xF81F, 0xF81F, 0xF81F, 0xF81F,
    0xF81F, 0xF81F, 0x0000, 0x0000, 0x0841, 0x2945, 0xF7BE, 0xF7BE, 0xFFDF, 0xFFDF, 0xFFDF, 0xFFDF,
    0xFFDF, 0xF7BE, 0xFFDF, 0xFFDF, 0xFFDF, 0xFFDF, 0xFFDF, 0xFFDF, 0xF7BE, 0xF7BE, 0xF7BE, 0xF7BE,
    0xC638, 0x0000, 0x0000, 0x0000, 0x0000, 0x2104, 0xF7BE, 0xF7BE, 0xFFDF, 0xFFDF, 0xFFDF, 0xFFDF,
    0xFFDF, 0xFFDF, 0xFFDF, 0xFFDF, 0xFFDF, 0xFFDF, 0xFFDF, 0xFFDF, 0xF7BE, 0xF7BE, 0xF7BE, 0x0841,
    0x0000, 0x0000, 0xF81F, 0xF81F, 0xF81F, 0xF81F, 0xF81F, 0xF81F, 0xF81F, 0xF81F, 0xF81F, 0xF81F,
    0xF81F, 0xF81F, 0xF81F, 0xF81F, 0xF81F, 0xF81F, 0xF81F, 0xF81F, 0xF81F, 0xF81F, 0xF81F, 0xF81F,
    0xF81F, 0xF81F, 0xF81F, 0xF81F, 0xF81F, 0xF81F, 0xF81F, 0xF81F, 0xF81F, 0xF81F, 0xF81F, 0xF81F,
    0xF81F, 0xF81F, 0xF81F, 0xF81F, 0xF81F, 0xF81F, 0xF81F, 0xF81F, 0xF81F, 0xF81F, 0xF81F, 0xF81F,
    0xF81F, 0xF81F, 0xF81F, 0xF81F, 0xF81F, 0xF81F, 0xF81F, 0xF81F, 0xF81F, 0xF81F, 0xF81F, 0xF81F,
    0xF81F, 0xF81F, 0xF81F, 0x0000, 0x0000, 0x0841, 0x6B6D, 0xF7BE, 0xF7BE, 0xFFDF, 0xF7BE, 0xFFDF,
    0xF7BE, 0xFFDF, 0xFFDF, 0xF7BE, 0xFFDF, 0xF7BE, 0xFFDF, 0xFFDF, 0xFFDF, 0xF7BE, 0xF7BE, 0xF7BE,
    0xF7BE, 0x39C7, 0x0000, 0x0000, 0x0000, 0x0000, 0x2104, 0xF7BE, 0xF7BE, 0xFFDF, 0xFFDF, 0xFFDF,
    0xF7BE, 0xFFDF, 0xFFDF, 0xFFDF, 0xF7BE, 0xFFDF, 0xF7BE, 0xFFDF, 0xF7BE, 0xF7BE, 0xF7BE, 0xF7BE,
    0x0841, 0x0000, 0x0000, 0xF81F, 0xF81F, 0xF81F, 0xF81F, 0xF81F, 0xF81F, 0xF81F, 0xF81F, 0xF81F,
    0xF81F, 0xF81F, 0xF81F, 0xF81F, 0xF81F, 0xF81F, 0xF81F, 0xF81F, 0xF81F, 0xF81F, 0xF81F, 0xF81F,
    0xF81F, 0xF81F, 0xF81F, 0xF81F, 0xF81F, 0xF81F, 0xF81F, 0xF81F, 0xF81F, 0xF81F, 0xF81F, 0xF81F,
    0xF81F, 0xF81F, 0xF81F, 0xF81F, 0xF81F, 0xF81F, 0xF81F, 0xF81F, 0xF81F, 0xF81F, 0xF81F, 0xF81F,
    0xF81F, 0xF81F, 0xF81F, 0xF81F, 0xF81F, 0xF81F, 0xF81F, 0xF81F, 0xF81F, 0xF81F, 0xF81F, 0xF81F,
    0xF81F, 0xF81F, 0xF81F, 0xF81F, 0x0000, 0x0000, 0x0841, 0xD6BA, 0xF7BE, 0xF7BE, 0xFFDF, 0xF7BE,
    0xFFDF, 0xFFDF, 0xFFDF, 0xFFDF, 0xF7BE, 0xFFDF, 0xFFDF, 0xFFDF, 0xF7BE, 0xFFDF, 0xF7BE, 0xF7BE,
    0xF7BE, 0xF7BE, 0x0000, 0x0000, 0x0000, 0x0000, 0x0000, 0x2104, 0xF7BE, 0xF7BE, 0xF7BE, 0xF7BE,
    0xFFDF, 0xFFDF, 0xFFDF, 0xFFDF, 0xFFDF, 0xFFDF, 0xFFDF, 0xFFDF, 0xFFDF, 0xF7BE, 0xF7BE, 0xF7BE,
    0xF7BE, 0x0841, 0x0000, 0x0000, 0xF81F, 0xF81F, 0xF81F, 0xF81F, 0xF81F, 0xF81F, 0xF81F, 0xF81F,
    0xF81F, 0xF81F, 0xF81F, 0xF81F, 0xF81F, 0xF81F, 0xF81F, 0xF81F, 0xF81F, 0xF81F, 0xF81F, 0xF81F,
    0xF81F, 0xF81F, 0xF81F, 0xF81F, 0xF81F, 0xF81F, 0xF81F, 0xF81F, 0xF81F, 0xF81F, 0xF81F, 0xF81F,
    0xF81F, 0xF81F, 0xF81F, 0xF81F, 0xF81F, 0xF81F, 0xF81F, 0xF81F, 0xF81F, 0xF81F, 0xF81F, 0xF81F,
    0xF81F, 0xF81F, 0xF81F, 0xF81F, 0xF81F, 0xF81F, 0xF81F, 0xF81F, 0xF81F, 0xF81F, 0xF81F, 0xF81F,
    0xF81F, 0xF81F, 0xF81F, 0xF81F, 0xF81F, 0x0000, 0x0000, 0x0841, 0xF7BE, 0xF7BE, 0xF7BE, 0xFFDF,
    0xFFDF, 0xF7BE, 0xFFDF, 0xFFDF, 0xFFDF, 0xF7BE, 0xFFDF, 0xFFDF, 0xFFDF, 0xFFDF, 0xFFDF, 0xF7BE,
    0xF7BE, 0xF7BE, 0x73AE, 0x0000, 0x0000, 0x0000, 0x0000, 0x0000, 0x2104, 0xF7BE, 0xF7BE, 0xFFDF,
    0xFFDF, 0xFFDF, 0xFFDF, 0xFFDF, 0xFFDF, 0xFFDF, 0xFFDF, 0xFFDF, 0xFFDF, 0xFFDF, 0xFFDF, 0xF7BE,
    0xF7BE, 0xD6BA, 0x0841, 0x0000, 0x0000, 0xF81F, 0xF81F, 0xF81F, 0xF81F, 0xF81F, 0xF81F, 0xF81F,
    0xF81F, 0xF81F, 0xF81F, 0xF81F, 0xF81F, 0xF81F, 0xF81F, 0xF81F, 0xF81F, 0xF81F, 0xF81F, 0xF81F,
    0xF81F, 0xF81F, 0xF81F, 0xF81F, 0xF81F, 0xF81F, 0xF81F, 0xF81F, 0xF81F, 0xF81F, 0xF81F, 0xF81F,
    0xF81F, 0xF81F, 0xF81F, 0xF81F, 0xF81F, 0xF81F, 0xF81F, 0xF81F, 0xF81F, 0xF81F, 0xF81F, 0xF81F,
    0xF81F, 0xF81F, 0xF81F, 0xF81F, 0xF81F, 0xF81F, 0xF81F, 0xF81F, 0xF81F, 0xF81F, 0xF81F, 0xF81F,
    0xF81F, 0xF81F, 0xF81F, 0xF81F, 0xF81F, 0xF81F, 0x0000, 0x0000, 0x31A6, 0xF7BE, 0xF7BE, 0xF7BE,
    0xF7BE, 0xFFDF, 0xFFDF, 0xFFDF, 0xFFDF, 0xFFDF, 0xFFDF, 0xFFDF, 0xFFDF, 0xFFDF, 0xFFDF, 0xFFDF,
    0xFFDF, 0xFFDF, 0xFFDF, 0x0841, 0x0000, 0x0000, 0x0000, 0x0000, 0x0841, 0x0841, 0xF7BE, 0xF7BE,
    0xFFDF, 0xFFDF, 0xFFDF, 0xFFDF, 0xFFDF, 0xFFDF, 0xFFDF, 0xFFDF, 0xF7BE, 0xFFDF, 0xF7BE, 0xFFDF,
    0xFFDF, 0xFFDF, 0x6B6D, 0x0020, 0x0000, 0x0000, 0xF81F, 0xF81F, 0xF81F, 0xF81F, 0xF81F, 0xF81F,
    0xF81F, 0xF81F, 0xF81F, 0xF81F, 0xF81F, 0xF81F, 0xF81F, 0xF81F, 0xF81F, 0xF81F, 0xF81F, 0xF81F,
    0xF81F, 0xF81F, 0xF81F, 0xF81F, 0xF81F, 0xF81F, 0xF81F, 0xF81F, 0xF81F, 0xF81F, 0xF81F, 0xF81F,
    0xF81F, 0xF81F, 0xF81F, 0xF81F, 0xF81F, 0xF81F, 0xF81F, 0xF81F, 0xF81F, 0xF81F, 0xF81F, 0xF81F,
    0xF81F, 0xF81F, 0xF81F, 0xF81F, 0xF81F, 0xF81F, 0xF81F, 0xF81F, 0xF81F, 0xF81F, 0xF81F, 0xF81F,
    0xF81F, 0xF81F, 0xF81F, 0xF81F, 0xF81F, 0xF81F, 0xF81F, 0x0000, 0x0000, 0x8C51, 0xF7BE, 0xF7BE,
    0xF7BE, 0xFFDF, 0xFFDF, 0xFFDF, 0xFFDF, 0xFFDF, 0xF7BE, 0xFFDF, 0xFFDF, 0xFFDF, 0xF7BE, 0xFFDF,
    0xFFDF, 0xFFDF, 0xFFDF, 0xD6BA, 0x0841, 0x0000, 0x0000, 0x0000, 0x0000, 0x0841, 0x0841, 0xF7BE,
    0xF7BE, 0xFFDF, 0xFFDF, 0xFFDF, 0xFFDF, 0xFFDF, 0xFFDF, 0xFFDF, 0xFFDF, 0xFFDF, 0xFFDF, 0xFFDF,
    0xFFDF, 0xFFDF, 0xFFDF, 0x4A69, 0x0020, 0x0000, 0x0000, 0xF81F, 0xF81F, 0xF81F, 0xF81F, 0xF81F,
    0xF81F, 0xF81F, 0xF81F, 0xF81F, 0xF81F, 0xF81F, 0xF81F, 0xF81F, 0xF81F, 0xF81F, 0xF81F, 0xF81F,
    0xF81F, 0xF81F, 0xF81F, 0xF81F, 0xF81F, 0xF81F, 0xF81F, 0xF81F, 0xF81F, 0xF81F, 0xF81F, 0xF81F,
    0xF81F, 0xF81F, 0xF81F, 0xF81F, 0xF81F, 0xF81F, 0xF81F, 0xF81F, 0xF81F, 0xF81F, 0xF81F, 0xF81F,
    0xF81F, 0xF81F, 0xF81F, 0xF81F, 0xF81F, 0xF81F, 0xF81F, 0xF81F, 0xF81F, 0xF81F, 0xF81F, 0xF81F,
    0xF81F, 0xF81F, 0xF81F, 0xF81F, 0xF81F, 0xF81F, 0xF81F, 0x0000, 0x0000, 0x0000, 0xDEDB, 0xF7BE,
    0xF7BE, 0xF7BE, 0xFFDF, 0xFFDF, 0xFFDF, 0xFFDF, 0xFFDF, 0xFFDF, 0xFFDF, 0xF7BE, 0xFFDF, 0xFFDF,
    0xFFDF, 0xFFDF, 0xFFDF, 0xFFDF, 0x4A69, 0x0841, 0x0000, 0x0000, 0x0000, 0x0000, 0x0841, 0x0841,
    0xF7BE, 0xF7BE, 0xFFDF, 0xFFDF, 0xFFDF, 0xF7BE, 0xFFDF, 0xFFDF, 0xF7BE, 0xFFDF, 0xFFDF, 0xFFDF,
    0xFFDF, 0xFFDF, 0xFFDF, 0xFFDF, 0x2945, 0x0020, 0x0000, 0x0000, 0xF81F, 0xF81F, 0xF81F, 0xF81F,
    0xF81F, 0xF81F, 0xF81F, 0xF81F, 0xF81F, 0xF81F, 0xF81F, 0xF81F, 0xF81F, 0xF81F, 0xF81F, 0xF81F,
    0xF81F, 0xF81F, 0xF81F, 0xF81F, 0xF81F, 0xF81F, 0xF81F, 0xF81F, 0xF81F, 0xF81F, 0xF81F, 0xF81F,
    0xF81F, 0xF81F, 0xF81F, 0xF81F, 0xF81F, 0xF81F, 0xF81F, 0xF81F, 0xF81F, 0xF81F, 0xF81F, 0xF81F,
    0xF81F, 0xF81F, 0xF81F, 0xF81F, 0xF81F, 0xF81F, 0xF81F, 0xF81F, 0xF81F, 0xF81F, 0xF81F, 0xF81F,
    0xF81F, 0xF81F, 0xF81F, 0xF81F, 0xF81F, 0xF81F, 0xF81F, 0xF81F, 0x0000, 0x0000, 0x18E3, 0xF7BE,
    0xF7BE, 0xF7BE, 0xF7BE, 0xFFDF, 0xFFDF, 0xF7BE, 0xFFDF, 0xFFDF, 0xFFDF, 0xFFDF, 0xFFDF, 0xFFDF,
    0xFFDF, 0xFFDF, 0xFFDF, 0xFFDF, 0xFFDF, 0x0841, 0x0841, 0x0000, 0x0000, 0x0000, 0x0000, 0x0841,
    0x0841, 0xF7BE, 0xF7BE, 0xFFDF, 0xFFDF, 0xFFDF, 0xFFDF, 0xFFDF, 0xFFDF, 0xFFDF, 0xFFDF, 0xF7BE,
    0xFFDF, 0xFFDF, 0xF7BE, 0xFFDF, 0xFFDF, 0x0020, 0x0020, 0x0000, 0x0000, 0xF81F, 0xF81F, 0xF81F,
    0xF81F, 0xF81F, 0xF81F, 0xF81F, 0xF81F, 0xF81F, 0xF81F, 0xF81F, 0xF81F, 0xF81F, 0xF81F, 0xF81F,
    0xF81F, 0xF81F, 0xF81F, 0xF81F, 0xF81F, 0xF81F, 0xF81F, 0xF81F, 0xF81F, 0xF81F, 0xF81F, 0xF81F,
    0xF81F, 0xF81F, 0xF81F, 0xF81F, 0xF81F, 0xF81F, 0xF81F, 0xF81F, 0xF81F, 0xF81F, 0xF81F, 0xF81F,
    0xF81F, 0xF81F, 0xF81F, 0xF81F, 0xF81F, 0xF81F, 0xF81F, 0xF81F, 0xF81F, 0xF81F, 0xF81F, 0xF81F,
    0xF81F, 0xF81F, 0xF81F, 0xF81F, 0xF81F, 0xF81F, 0xF81F, 0xF81F, 0xF81F, 0x0000, 0x0000, 0x4A49,
    0xF7BE, 0xFFDF, 0xFFDF, 0xFFDF, 0xFFDF, 0xFFDF, 0xFFDF, 0xFFDF, 0xFFDF, 0xFFDF, 0xFFDF, 0xFFDF,
    0xFFDF, 0xFFDF, 0xF7BE, 0xFFDF, 0xFFDF, 0x6B4D, 0x0000, 0x0000, 0x0000, 0x0000, 0x0000, 0x0000,
    0x0000, 0x2104, 0xF7BE, 0xF7BE, 0xFFDF, 0xFFDF, 0xFFDF, 0xFFDF, 0xFFDF, 0xFFDF, 0xFFDF, 0xFFDF,
    0xFFDF, 0xFFDF, 0xFFDF, 0xFFDF, 0xFFDF, 0xFFDF, 0x0000, 0x0000, 0x0000, 0x0000, 0xF81F, 0xF81F,
    0xF81F, 0xF81F, 0xF81F, 0xF81F, 0xF81F, 0xF81F, 0xF81F, 0xF81F, 0xF81F, 0xF81F, 0xF81F, 0xF81F,
    0xF81F, 0xF81F, 0xF81F, 0xF81F, 0xF81F, 0xF81F, 0xF81F, 0xF81F, 0xF81F, 0xF81F, 0xF81F, 0xF81F,
    0xF81F, 0xF81F, 0xF81F, 0xF81F, 0xF81F, 0xF81F, 0xF81F, 0xF81F, 0xF81F, 0xF81F, 0xF81F, 0xF81F,
    0xF81F, 0xF81F, 0xF81F, 0xF81F, 0xF81F, 0xF81F, 0xF81F, 0xF81F, 0xF81F, 0xF81F, 0xF81F, 0xF81F,
    0xF81F, 0xF81F, 0xF81F, 0xF81F, 0xF81F, 0xF81F, 0xF81F, 0xF81F, 0xF81F, 0x0000, 0x0000, 0x0000,
    0xD6BA, 0xFFDF, 0xFFDF, 0xFFDF, 0xFFDF, 0xFFDF, 0xFFDF, 0xFFDF, 0xFFDF, 0xFFDF, 0xF7BE, 0xFFDF,
    0xFFDF, 0xFFDF, 0xF7BE, 0xFFDF, 0xF7BE, 0xFFDF, 0x2124, 0x0000, 0x0000, 0x0000, 0x0000, 0xF81F,
    0x0000, 0x0000, 0x2104, 0xF7BE, 0xF7BE, 0xFFDF, 0xFFDF, 0xFFDF, 0xF7BE, 0xFFDF, 0xFFDF, 0xFFDF,
    0xFFDF, 0xFFDF, 0xFFDF, 0xFFDF, 0xFFDF, 0xFFDF, 0x6B4D, 0x0000, 0x0000, 0x0000, 0xF81F, 0xF81F,
    0xF81F, 0xF81F, 0xF81F, 0xF81F, 0xF81F, 0xF81F, 0xF81F, 0xF81F, 0xF81F, 0xF81F, 0xF81F, 0xF81F,
    0xF81F, 0xF81F, 0xF81F, 0xF81F, 0xF81F, 0xF81F, 0xF81F, 0xF81F, 0xF81F, 0xF81F, 0xF81F, 0xF81F,
    0xF81F, 0xF81F, 0xF81F, 0xF81F, 0xF81F, 0xF81F, 0xF81F, 0xF81F, 0xF81F, 0xF81F, 0xF81F, 0xF81F,
    0xF81F, 0xF81F, 0xF81F, 0xF81F, 0xF81F, 0xF81F, 0xF81F, 0xF81F, 0xF81F, 0xF81F, 0xF81F, 0xF81F,
    0xF81F, 0xF81F, 0xF81F, 0xF81F, 0xF81F, 0xF81F, 0xF81F, 0xF81F, 0xF81F, 0x0000, 0x0000, 0x0000,
    0x2104, 0xFFDF, 0xFFDF, 0xFFDF, 0xFFDF, 0xFFDF, 0xFFDF, 0xFFDF, 0xFFDF, 0xFFDF, 0xFFDF, 0xFFDF,
    0xFFDF, 0xFFDF, 0xF7BE, 0xFFDF, 0xFFDF, 0xF7BE, 0xD6BA, 0x0000, 0x0000, 0x0000, 0x0000, 0x0000,
    0xF81F, 0x0000, 0x0000, 0x2104, 0xF7BE, 0xF7BE, 0xFFDF, 0xFFDF, 0xFFDF, 0xFFDF, 0xFFDF, 0xFFDF,
    0xFFDF, 0xFFDF, 0xFFDF, 0xFFDF, 0xFFDF, 0xF7BE, 0xFFDF, 0x4228, 0x0000, 0x0000, 0x0000, 0xF81F,
    0xF81F, 0xF81F, 0xF81F, 0xF81F, 0xF81F, 0xF81F, 0xF81F, 0xF81F, 0xF81F, 0xF81F, 0xF81F, 0xF81F,
    0xF81F, 0xF81F, 0xF81F, 0xF81F, 0xF81F, 0xF81F, 0xF81F, 0xF81F, 0xF81F, 0xF81F, 0xF81F, 0xF81F,
    0xF81F, 0xF81F, 0xF81F, 0xF81F, 0xF81F, 0xF81F, 0xF81F, 0xF81F, 0xF81F, 0xF81F, 0xF81F, 0xF81F,
    0xF81F, 0xF81F, 0xF81F, 0xF81F, 0xF81F, 0xF81F, 0xF81F, 0xF81F, 0xF81F, 0xF81F, 0xF81F, 0xF81F,
    0xF81F, 0xF81F, 0xF81F, 0xF81F, 0xF81F, 0xF81F, 0xF81F, 0xF81F, 0xF81F, 0x0000, 0x0000, 0x0000,
    0x0000, 0x4A49, 0xFFDF, 0xFFDF, 0xFFDF, 0xFFDF, 0xFFDF, 0xF7BE, 0xFFDF, 0xFFDF, 0xFFDF, 0xFFDF,
    0xFFDF, 0xFFDF, 0xFFDF, 0xFFDF, 0xFFDF, 0xFFDF, 0xF7BE, 0x4A49, 0x0000, 0x0000, 0x0000, 0x0000,
    0x0000, 0x0000, 0x0000, 0x0000, 0x4228, 0xF7BE, 0xF7BE, 0xFFDF, 0xF7BE, 0xF7BE, 0xFFDF, 0xFFDF,
    0xFFDF, 0xF7BE, 0xFFDF, 0xFFDF, 0xFFDF, 0xFFDF, 0xFFDF, 0xFFDF, 0x2104, 0x0000, 0x0000, 0x0000,
    0x0000, 0xF81F, 0xF81F, 0xF81F, 0xF81F, 0xF81F, 0xF81F, 0xF81F, 0xF81F, 0xF81F, 0xF81F, 0xF81F,
    0xF81F, 0xF81F, 0xF81F, 0xF81F, 0xF81F, 0xF81F, 0xF81F, 0xF81F, 0xF81F, 0xF81F, 0xF81F, 0xF81F,
    0xF81F, 0xF81F, 0xF81F, 0xF81F, 0xF81F, 0xF81F, 0xF81F, 0xF81F, 0xF81F, 0xF81F, 0xF81F, 0xF81F,
    0xF81F, 0xF81F, 0xF81F, 0xF81F, 0xF81F, 0xF81F, 0xF81F, 0xF81F, 0xF81F, 0xF81F, 0xF81F, 0xF81F,
    0xF81F, 0xF81F, 0xF81F, 0xF81F, 0xF81F, 0xF81F, 0xF81F, 0xF81F, 0xF81F, 0xF81F, 0x0000, 0x0000,
    0x0020, 0x0020, 0xD6BA, 0xF7BE, 0xFFDF, 0xFFDF, 0xFFDF, 0xFFDF, 0xFFDF, 0xF7BE, 0xFFDF, 0xFFDF,
    0xFFDF, 0xFFDF, 0xFFDF, 0xFFDF, 0xF7BE, 0xF7BE, 0xF7BE, 0xF7BE, 0x0841, 0x0000, 0x0000, 0x0000,
    0x0000, 0x0000, 0x0000, 0x0000, 0x0000, 0x4A49, 0xF7BE, 0xF7BE, 0xFFDF, 0xFFDF, 0xFFDF, 0xF7BE,
    0xFFDF, 0xFFDF, 0xFFDF, 0xFFDF, 0xFFDF, 0xFFDF, 0xFFDF, 0xFFDF, 0xEF7D, 0x0000, 0x0000, 0x0000,
    0x0000, 0x0000, 0xF81F, 0xF81F, 0xF81F, 0xF81F, 0xF81F, 0xF81F, 0xF81F, 0xF81F, 0xF81F, 0xF81F,
    0xF81F, 0xF81F, 0xF81F, 0xF81F, 0xF81F, 0xF81F, 0xF81F, 0xF81F, 0xF81F, 0xF81F, 0xF81F, 0xF81F,
    0xF81F, 0xF81F, 0xF81F, 0xF81F, 0xF81F, 0xF81F, 0xF81F, 0xF81F, 0xF81F, 0xF81F, 0xF81F, 0xF81F,
    0xF81F, 0xF81F, 0xF81F, 0xF81F, 0xF81F, 0xF81F, 0xF81F, 0xF81F, 0xF81F, 0xF81F, 0xF81F, 0xF81F,
    0xF81F, 0xF81F, 0xF81F, 0xF81F, 0xF81F, 0xF81F, 0xF81F, 0xF81F, 0xF81F, 0xF81F, 0xF81F, 0x0000,
    0x0000, 0x0020, 0x0020, 0xF7BE, 0xF7BE, 0xFFDF, 0xF7BE, 0xFFDF, 0xFFDF, 0xFFDF, 0xFFDF, 0xFFDF,
    0xFFDF, 0xFFDF, 0xFFDF, 0xF7BE, 0xFFDF, 0xF7BE, 0xF7BE, 0xF7BE, 0x738E, 0x0000, 0x0000, 0x0000,
    0x0000, 0x0000, 0xF81F, 0x0000, 0x0000, 0x0000, 0x4A49, 0xF7BE, 0xF7BE, 0xFFDF, 0xF7BE, 0xFFDF,
    0xFFDF, 0xFFDF, 0xFFDF, 0xF7BE, 0xFFDF, 0xFFDF, 0xFFDF, 0xFFDF, 0xFFDF, 0xCE59, 0x0000, 0x0000,
    0x0000, 0x0000, 0x0000, 0xF81F, 0xF81F, 0xF81F, 0xF81F, 0xF81F, 0xF81F, 0xF81F, 0xF81F, 0xF81F,
    0xF81F, 0xF81F, 0xF81F, 0xF81F, 0xF81F, 0xF81F, 0xF81F, 0xF81F, 0xF81F, 0xF81F, 0xF81F, 0xF81F,
    0xF81F, 0xF81F, 0xF81F, 0xF81F, 0xF81F, 0xF81F, 0xF81F, 0xF81F, 0xF81F, 0xF81F, 0xF81F, 0xF81F,
    0xF81F, 0xF81F, 0xF81F, 0xF81F, 0xF81F, 0xF81F, 0xF81F, 0xF81F, 0xF81F, 0xF81F, 0xF81F, 0xF81F,
    0xF81F, 0xF81F, 0xF81F, 0xF81F, 0xF81F, 0xF81F, 0xF81F, 0xF81F, 0xF81F, 0xF81F, 0xF81F, 0xF81F,
    0x0000, 0x0000, 0x0020, 0x2124, 0xF7BE, 0xF7BE, 0xFFDF, 0xFFDF, 0xFFDF, 0xFFDF, 0xFFDF, 0xFFDF,
    0xFFDF, 0xFFDF, 0xFFDF, 0xF7BE, 0xFFDF, 0xFFDF, 0xF7BE, 0xF7BE, 0xF7BE, 0x2945, 0x0000, 0x0000,
    0xF81F, 0xF81F, 0xF81F, 0xF81F, 0x0000, 0x0000, 0x0000, 0x4A49, 0xF7BE, 0xF7BE, 0xFFDF, 0xFFDF,
    0xF7BE, 0xFFDF, 0xFFDF, 0xFFDF, 0xFFDF, 0xFFDF, 0xFFDF, 0xFFDF, 0xFFDF, 0xFFDF, 0x632C, 0x0000,
    0x0000, 0x0000, 0x0000, 0x0000, 0xF81F, 0xF81F, 0xF81F, 0xF81F, 0xF81F, 0xF81F, 0xF81F, 0xF81F,
    0xF81F, 0xF81F, 0xF81F, 0xF81F, 0xF81F, 0xF81F, 0xF81F, 0xF81F, 0xF81F, 0xF81F, 0xF81F, 0xF81F,
    0xF81F, 0xF81F, 0xF81F, 0xF81F, 0xF81F, 0xF81F, 0xF81F, 0xF81F, 0xF81F, 0xF81F, 0xF81F, 0xF81F,
    0xF81F, 0xF81F, 0xF81F, 0xF81F, 0xF81F, 0xF81F, 0xF81F, 0xF81F, 0xF81F, 0xF81F, 0xF81F, 0xF81F,
    0xF81F, 0xF81F, 0xF81F, 0xF81F, 0xF81F, 0xF81F, 0xF81F, 0xF81F, 0xF81F, 0xF81F, 0xF81F, 0xF81F,
    0xF81F, 0x0000, 0x0000, 0x0020, 0x4A49, 0xF7BE, 0xF7BE, 0xFFDF, 0xFFDF, 0xFFDF, 0xF7BE, 0xFFDF,
    0xF7BE, 0xFFDF, 0xFFDF, 0xFFDF, 0xF7BE, 0xFFDF, 0xFFDF, 0xF7BE, 0xF7BE, 0xD6BA, 0x0841, 0x0000,
    0x0000, 0xF81F, 0xF81F, 0xF81F, 0xF81F, 0x0000, 0x0000, 0x0000, 0xAD75, 0xF7BE, 0xF7BE, 0xF7BE,
    0xFFDF, 0xF7BE, 0xF7BE, 0xFFDF, 0xFFDF, 0xFFDF, 0xFFDF, 0xFFDF, 0xFFDF, 0xF7BE, 0xFFDF, 0x2104,
    0x0000, 0x0000, 0x0000, 0x0000, 0x0000, 0xF81F, 0xF81F, 0xF81F, 0xF81F, 0xF81F, 0xF81F, 0xF81F,
    0xF81F, 0xF81F, 0xF81F, 0xF81F, 0xF81F, 0xF81F, 0xF81F, 0xF81F, 0xF81F, 0xF81F, 0xF81F, 0xF81F,
    0xF81F, 0xF81F, 0xF81F, 0xF81F, 0xF81F, 0xF81F, 0xF81F, 0xF81F, 0xF81F, 0xF81F, 0xF81F, 0xF81F,
    0xF81F, 0xF81F, 0xF81F, 0xF81F, 0xF81F, 0xF81F, 0xF81F, 0xF81F, 0xF81F, 0xF81F, 0xF81F, 0xF81F,
    0xF81F, 0xF81F, 0xF81F, 0xF81F, 0xF81F, 0xF81F, 0xF81F, 0xF81F, 0xF81F, 0xF81F, 0xF81F, 0xF81F,
    0xF81F, 0xF81F, 0x0000, 0x0000, 0x0841, 0xAD75, 0xF7BE, 0xF7BE, 0xFFDF, 0xF7BE, 0xFFDF, 0xFFDF,
    0xFFDF, 0xF7BE, 0xF7BE, 0xFFDF, 0xF7BE, 0xFFDF, 0xFFDF, 0xF7BE, 0xF79E, 0xF79E, 0x4228, 0x0000,
    0x0000, 0x0000, 0xF81F, 0xF81F, 0xF81F, 0xF81F, 0x0000, 0x0000, 0x0000, 0xAD55, 0xF79E, 0xF79E,
    0xFFDF, 0xFFDF, 0xF7BE, 0xFFDF, 0xFFDF, 0xF7BE, 0xF7BE, 0xFFDF, 0xF7BE, 0xF7BE, 0xF7BE, 0xF7BE,
    0x1082, 0x0000, 0x0000, 0x0000, 0x0000, 0x0000, 0xF81F, 0xF81F, 0xF81F, 0xF81F, 0xF81F, 0xF81F,
    0xF81F, 0xF81F, 0xF81F, 0xF81F, 0xF81F, 0xF81F, 0xF81F, 0xF81F, 0xF81F, 0xF81F, 0xF81F, 0xF81F,
    0xF81F, 0xF81F, 0xF81F, 0xF81F, 0xF81F, 0xF81F, 0xF81F, 0xF81F, 0xF81F, 0xF81F, 0xF81F, 0xF81F,
    0xF81F, 0xF81F, 0xF81F, 0xF81F, 0xF81F, 0xF81F, 0xF81F, 0xF81F, 0xF81F, 0xF81F, 0xF81F, 0xF81F,
    0xF81F, 0xF81F, 0xF81F, 0xF81F, 0xF81F, 0xF81F, 0xF81F, 0xF81F, 0xF81F, 0xF81F, 0xF81F, 0xF81F,
    0xF81F, 0xF81F, 0xF81F, 0x0000, 0x0000, 0x0841, 0xF79E, 0xF7BE, 0xF7BE, 0xFFDF, 0xF7BE, 0xFFDF,
    0xFFDF, 0xFFDF, 0xFFDF, 0xFFDF, 0xFFDF, 0xFFDF, 0xFFDF, 0xFFDF, 0xFFDF, 0xF79E, 0xF79E, 0x0000,
    0x0000, 0x0000, 0xF81F, 0xF81F, 0xF81F, 0xF81F, 0xF81F, 0xF81F, 0x0000, 0x0000, 0xCE79, 0xF79E,
    0xF79E, 0xFFDF, 0xF7BE, 0xFFDF, 0xFFDF, 0xFFDF, 0xF7BE, 0xFFDF, 0xF7BE, 0xF7BE, 0xF7BE, 0xF7BE,
    0xDEFB, 0x0000, 0x0000, 0x0000, 0x0000, 0x0000, 0xF81F, 0xF81F, 0xF81F, 0xF81F, 0xF81F, 0xF81F,
    0xF81F, 0xF81F, 0xF81F, 0xF81F, 0xF81F, 0xF81F, 0xF81F, 0xF81F, 0xF81F, 0xF81F, 0xF81F, 0xF81F,
    0xF81F, 0xF81F, 0xF81F, 0xF81F, 0xF81F, 0xF81F, 0xF81F, 0xF81F, 0xF81F, 0xF81F, 0xF81F, 0xF81F,
    0xF81F, 0xF81F, 0xF81F, 0xF81F, 0xF81F, 0xF81F, 0xF81F, 0xF81F, 0xF81F, 0xF81F, 0xF81F, 0xF81F,
    0xF81F, 0xF81F, 0xF81F, 0xF81F, 0xF81F, 0xF81F, 0xF81F, 0xF81F, 0xF81F, 0xF81F, 0xF81F, 0xF81F,
    0xF81F, 0xF81F, 0xF81F, 0xF81F, 0x0000, 0x0000, 0x0841, 0xF79E, 0xF7BE, 0xF7BE, 0xF7BE, 0xFFDF,
    0xFFDF, 0xF7BE, 0xFFDF, 0xF7BE, 0xFFDF, 0xFFDF, 0xFFDF, 0xFFDF, 0xFFDF, 0xFFDF, 0xF79E, 0x632C,
    0x0000, 0x0000, 0xF81F, 0xF81F, 0xF81F, 0xF81F, 0xF81F, 0xF81F, 0xF81F, 0x0000, 0x0000, 0xF79E,
    0xF79E, 0xF79E, 0xFFDF, 0xF7BE, 0xFFDF, 0xFFDF, 0xFFDF, 0xFFDF, 0xF7BE, 0xFFDF, 0xF7BE, 0xF7BE,
    0xF7BE, 0x8410, 0x0000, 0x0000, 0xF81F, 0xF81F, 0xF81F, 0xF81F, 0xF81F, 0xF81F, 0xF81F, 0xF81F,
    0xF81F, 0xF81F, 0xF81F, 0xF81F, 0xF81F, 0xF81F, 0xF81F, 0xF81F, 0xF81F, 0xF81F, 0xF81F, 0xF81F,
    0xF81F, 0xF81F, 0xF81F, 0xF81F, 0xF81F, 0xF81F, 0xF81F, 0xF81F, 0xF81F, 0xF81F, 0xF81F, 0xF81F,
    0xF81F, 0xF81F, 0xF81F, 0xF81F, 0xF81F, 0xF81F, 0xF81F, 0xF81F, 0xF81F, 0xF81F, 0xF81F, 0xF81F,
    0xF81F, 0xF81F, 0xF81F, 0xF81F, 0xF81F, 0xF81F, 0xF81F, 0xF81F, 0xF81F, 0xF81F, 0xF81F, 0xF81F,
    0xF81F, 0xF81F, 0xF81F, 0xF81F, 0xF81F, 0x0000, 0x0000, 0x0841, 0xF79E, 0xF7BE, 0xF7BE, 0xFFDF,
    0xF7BE, 0xF7BE, 0xF7BE, 0xF7BE, 0xFFDF, 0xFFDF, 0xFFDF, 0xFFDF, 0xFFDF, 0xFFDF, 0xFFDF, 0xF79E,
    0x0000, 0x0000, 0x0000, 0xF81F, 0xF81F, 0xF81F, 0xF81F, 0xF81F, 0xF81F, 0xF81F, 0x0000, 0x0000,
    0xF79E, 0xF79E, 0xF79E, 0xFFDF, 0xFFDF, 0xFFDF, 0xFFDF, 0xF7BE, 0xFFDF, 0xFFDF, 0xFFDF, 0xF7BE,
    0xF7BE, 0xF7BE, 0x528A, 0x0000, 0x0000, 0xF81F, 0xF81F, 0xF81F, 0xF81F, 0xF81F, 0xF81F, 0xF81F,
    0xF81F, 0xF81F, 0xF81F, 0xF81F, 0xF81F, 0xF81F, 0xF81F, 0xF81F, 0xF81F, 0xF81F, 0xF81F, 0xF81F,
    0xF81F, 0xF81F, 0xF81F, 0xF81F, 0xF81F, 0xF81F, 0xF81F, 0xF81F, 0xF81F, 0xF81F, 0xF81F, 0xF81F,
    0xF81F, 0xF81F, 0xF81F, 0xF81F, 0xF81F, 0xF81F, 0xF81F, 0xF81F, 0xF81F, 0xF81F, 0xF81F, 0xF81F,
    0xF81F, 0xF81F, 0xF81F, 0xF81F, 0xF81F, 0xF81F, 0xF81F, 0xF81F, 0xF81F, 0xF81F, 0xF81F, 0xF81F,
    0xF81F, 0xF81F, 0xF81F, 0xF81F, 0xF81F, 0xF81F, 0x0000, 0x0000, 0x4A69, 0xF7BE, 0xF7BE, 0xF7BE,
    0xF7BE, 0xFFDF, 0xFFDF, 0xFFDF, 0xFFDF, 0xFFDF, 0xFFDF, 0xFFDF, 0xF79E, 0xF79E, 0xF79E, 0xF79E,
    0x4208, 0x0000, 0x0000, 0xF81F, 0xF81F, 0xF81F, 0xF81F, 0xF81F, 0xF81F, 0xF81F, 0xF81F, 0x0000,
    0x0000, 0xF79E, 0xF79E, 0xF79E, 0xF7BE, 0xF7BE, 0xF7BE, 0xF7BE, 0xF7BE, 0xF7BE, 0xF7BE, 0xF7BE,
    0xF7BE, 0xF7BE, 0xF7BE, 0x0020, 0x0000, 0x0000, 0xF81F, 0xF81F, 0xF81F, 0xF81F, 0xF81F, 0xF81F,
    0xF81F, 0xF81F, 0xF81F, 0xF81F, 0xF81F, 0xF81F, 0xF81F, 0xF81F, 0xF81F, 0xF81F, 0xF81F, 0xF81F,
    0xF81F, 0xF81F, 0xF81F, 0xF81F, 0xF81F, 0xF81F, 0xF81F, 0xF81F, 0xF81F, 0xF81F, 0xF81F, 0xF81F,
    0xF81F, 0xF81F, 0xF81F, 0xF81F, 0xF81F, 0xF81F, 0xF81F, 0xF81F, 0xF81F, 0xF81F, 0xF81F, 0xF81F,
    0xF81F, 0xF81F, 0xF81F, 0xF81F, 0xF81F, 0xF81F, 0xF81F, 0xF81F, 0xF81F, 0xF81F, 0xF81F, 0xF81F,
    0xF81F, 0xF81F, 0xF81F, 0xF81F, 0xF81F, 0xF81F, 0xF81F, 0x0000, 0x0000, 0x4A69, 0xF7BE, 0xF7BE,
    0xF7BE, 0xFFDF, 0xFFDF, 0xFFDF, 0xFFDF, 0xFFDF, 0xFFDF, 0xFFDF, 0xFFDF, 0xF79E, 0xF79E, 0xF79E,
    0xAD75, 0x0000, 0x0000, 0x0000, 0xF81F, 0xF81F, 0xF81F, 0xF81F, 0xF81F, 0xF81F, 0xF81F, 0xF81F,
    0x0000, 0x0000, 0xF79E, 0xF79E, 0xF79E, 0xF7BE, 0xF7BE, 0xF7BE, 0xF7BE, 0xF7BE, 0xF7BE, 0xF7BE,
    0xF7BE, 0xF7BE, 0xF7BE, 0xF7BE, 0x0020, 0x0000, 0x0000, 0xF81F, 0xF81F, 0xF81F, 0xF81F, 0xF81F,
    0xF81F, 0xF81F, 0xF81F, 0xF81F, 0xF81F, 0xF81F, 0xF81F, 0xF81F, 0xF81F, 0xF81F, 0xF81F, 0xF81F,
    0xF81F, 0xF81F, 0xF81F, 0xF81F, 0xF81F, 0xF81F, 0xF81F, 0xF81F, 0xF81F, 0xF81F, 0xF81F, 0xF81F,
    0xF81F, 0xF81F, 0xF81F, 0xF81F, 0xF81F, 0xF81F, 0xF81F, 0xF81F, 0xF81F, 0xF81F, 0xF81F, 0xF81F,
    0xF81F, 0xF81F, 0xF81F, 0xF81F, 0xF81F, 0xF81F, 0xF81F, 0xF81F, 0xF81F, 0xF81F, 0xF81F, 0xF81F,
    0xF81F, 0xF81F, 0xF81F, 0xF81F, 0xF81F, 0xF81F, 0xF81F, 0xF81F, 0x0000, 0x0000, 0x2965, 0xF7BE,
    0xF7BE, 0xF7BE, 0xFFDF, 0xFFDF, 0xFFDF, 0xFFDF, 0xFFDF, 0xFFDF, 0xFFDF, 0xFFDF, 0xF79E, 0xF79E,
    0xF79E, 0x0020, 0x0000, 0x0000, 0xF81F, 0xF81F, 0xF81F, 0xF81F, 0xF81F, 0xF81F, 0xF81F, 0xF81F,
    0xF81F, 0x0000, 0x0000, 0x4228, 0x4228, 0xAD55, 0xF7BE, 0xF7BE, 0xF7BE, 0xF7BE, 0xF7BE, 0xF7BE,
    0xF7BE, 0xF7BE, 0xF7BE, 0x6B6D, 0x0020, 0x0020, 0x0000, 0x0000, 0x0000, 0xF81F, 0xF81F, 0xF81F,
    0xF81F, 0xF81F, 0xF81F, 0xF81F, 0xF81F, 0xF81F, 0xF81F, 0xF81F, 0xF81F, 0xF81F, 0xF81F, 0xF81F,
    0xF81F, 0xF81F, 0xF81F, 0xF81F, 0xF81F, 0xF81F, 0xF81F, 0xF81F, 0xF81F, 0xF81F, 0xF81F, 0xF81F,
    0xF81F, 0xF81F, 0xF81F, 0xF81F, 0xF81F, 0xF81F, 0xF81F, 0xF81F, 0xF81F, 0xF81F, 0xF81F, 0xF81F,
    0xF81F, 0xF81F, 0xF81F, 0xF81F, 0xF81F, 0xF81F, 0xF81F, 0xF81F, 0xF81F, 0xF81F, 0xF81F, 0xF81F,
    0xF81F, 0xF81F, 0xF81F, 0xF81F, 0xF81F, 0xF81F, 0xF81F, 0xF81F, 0xF81F, 0x0000, 0x0000, 0x0841,
    0x0841, 0xB596, 0xF7BE, 0xFFDF, 0xFFDF, 0xFFDF, 0xFFDF, 0xFFDF, 0xF7BE, 0xFFDF, 0xFFDF, 0xF79E,
    0xF79E, 0x0020, 0x0020, 0x0000, 0x0000, 0xF81F, 0xF81F, 0xF81F, 0xF81F, 0xF81F, 0xF81F, 0xF81F,
    0xF81F, 0xF81F, 0x0000, 0x0000, 0x0000, 0x0000, 0x0000, 0x0841, 0x0841, 0x0841, 0x0841, 0x18C3,
    0x18C3, 0x18C3, 0x18C3, 0x0020, 0x0020, 0x0020, 0x0020, 0x0000, 0x0000, 0x0000, 0x0000, 0x0000,
    0x0000, 0xF81F, 0xF81F, 0xF81F, 0xF81F, 0xF81F, 0xF81F, 0xF81F, 0xF81F, 0xF81F, 0xF81F, 0xF81F,
    0xF81F, 0xF81F, 0xF81F, 0xF81F, 0xF81F, 0xF81F, 0xF81F, 0xF81F, 0xF81F, 0xF81F, 0xF81F, 0xF81F,
    0xF81F, 0xF81F, 0xF81F, 0xF81F, 0xF81F, 0xF81F, 0xF81F, 0xF81F, 0xF81F, 0xF81F, 0xF81F, 0xF81F,
    0xF81F, 0xF81F, 0xF81F, 0xF81F, 0xF81F, 0xF81F, 0xF81F, 0xF81F, 0xF81F, 0xF81F, 0xF81F, 0xF81F,
    0xF81F, 0xF81F, 0xF81F, 0xF81F, 0xF81F, 0xF81F, 0xF81F, 0xF81F, 0xF81F, 0xF81F, 0x0000, 0x0000,
    0x0020, 0x0020, 0x0020, 0x0020, 0x6B6D, 0xB596, 0xF7BE, 0xF7BE, 0xF7BE, 0xF7BE, 0xF7BE, 0xF7BE,
    0x8C51, 0x1082, 0x0000, 0x0000, 0x0000, 0x0000, 0xF81F, 0xF81F, 0xF81F, 0xF81F, 0xF81F, 0xF81F,
    0xF81F, 0xF81F, 0xF81F, 0xF81F, 0x0000, 0x0000, 0xDEFB, 0xBDF7, 0xB596, 0x4A49, 0x2945, 0x0020,
    0x2104, 0x2104, 0x2104, 0x2104, 0x4A69, 0x4A69, 0xB596, 0xF79E, 0xEF7D, 0x632C, 0x0000, 0x0000,
    0x0000, 0x0000, 0x0000, 0xF81F, 0xF81F, 0xF81F, 0xF81F, 0xF81F, 0xF81F, 0xF81F, 0xF81F, 0xF81F,
    0xF81F, 0xF81F, 0xF81F, 0xF81F, 0xF81F, 0xF81F, 0xF81F, 0xF81F, 0xF81F, 0xF81F, 0xF81F, 0xF81F,
    0xF81F, 0xF81F, 0xF81F, 0xF81F, 0xF81F, 0xF81F, 0xF81F, 0xF81F, 0xF81F, 0xF81F, 0xF81F, 0xF81F,
    0xF81F, 0xF81F, 0xF81F, 0xF81F, 0xF81F, 0xF81F, 0xF81F, 0xF81F, 0xF81F, 0xF81F, 0xF81F, 0xF81F,
    0xF81F, 0xF81F, 0xF81F, 0xF81F, 0xF81F, 0xF81F, 0xF81F, 0xF81F, 0xF81F, 0xF81F, 0xF81F, 0x0000,
    0x0000, 0x0020, 0x4A49, 0x0020, 0x0020, 0x0841, 0x0841, 0x0841, 0x0841, 0x2124, 0x0020, 0x0020,
    0x0020, 0x0000, 0x0000, 0x0000, 0x0000, 0x0000, 0xF81F, 0xF81F, 0xF81F, 0xF81F, 0xF81F, 0xF81F,
    0xF81F, 0xF81F, 0xF81F, 0xF81F, 0xF81F, 0x0000, 0x0000, 0x18E3, 0x9CF3, 0xFFDF, 0xB596, 0x0020,
    0x4A49, 0xD69A, 0xF79E, 0xF79E, 0xF79E, 0xF79E, 0xF79E, 0xF79E, 0xF79E, 0xEF7D, 0xEF7D, 0xF79E,
    0x8C51, 0x2124, 0x0000, 0x0000, 0x0000, 0xF81F, 0xF81F, 0xF81F, 0xF81F, 0xF81F, 0xF81F, 0xF81F,
    0xF81F, 0xF81F, 0xF81F, 0xF81F, 0xF81F, 0xF81F, 0xF81F, 0xF81F, 0xF81F, 0xF81F, 0xF81F, 0xF81F,
    0xF81F, 0xF81F, 0xF81F, 0xF81F, 0xF81F, 0xF81F, 0xF81F, 0xF81F, 0xF81F, 0xF81F, 0xF81F, 0xF81F,
    0xF81F, 0xF81F, 0xF81F, 0xF81F, 0xF81F, 0xF81F, 0xF81F, 0xF81F, 0xF81F, 0xF81F, 0xF81F, 0xF81F,
    0xF81F, 0xF81F, 0xF81F, 0xF81F, 0xF81F, 0xF81F, 0xF81F, 0xF81F, 0xF81F, 0xF81F, 0xF81F, 0xF81F,
    0x0000, 0x0000, 0x2945, 0xEF7D, 0xEF7D, 0xCE79, 0x6B6D, 0x4A69, 0x0841, 0x0841, 0x0020, 0x0020,
    0x0020, 0x0020, 0x0000, 0x0000, 0x0000, 0xF81F, 0xF81F, 0xF81F, 0xF81F, 0xF81F, 0xF81F, 0xF81F,
    0xF81F, 0xF81F, 0xF81F, 0xF81F, 0xF81F, 0xF81F, 0x0000, 0x0000, 0x0000, 0x0000, 0x0020, 0x0020,
    0x0020, 0x0020, 0x0000, 0x2104, 0x4228, 0xD69A, 0xF79E, 0xF79E, 0xF79E, 0xF79E, 0xEF7D, 0xEF7D,
    0xF79E, 0xF79E, 0xFFFF, 0x6B6D, 0x0000, 0x0000, 0x0000, 0xF81F, 0xF81F, 0xF81F, 0xF81F, 0xF81F,
    0xF81F, 0xF81F, 0xF81F, 0xF81F, 0xF81F, 0xF81F, 0xF81F, 0xF81F, 0xF81F, 0xF81F, 0xF81F, 0xF81F,
    0xF81F, 0xF81F, 0xF81F, 0xF81F, 0xF81F, 0xF81F, 0xF81F, 0xF81F, 0xF81F, 0xF81F, 0xF81F, 0xF81F,
    0xF81F, 0xF81F, 0xF81F, 0xF81F, 0xF81F, 0xF81F, 0xF81F, 0xF81F, 0xF81F, 0xF81F, 0xF81F, 0xF81F,
    0xF81F, 0xF81F, 0xF81F, 0xF81F, 0xF81F, 0xF81F, 0xF81F, 0xF81F, 0xF81F, 0xF81F, 0xF81F, 0xF81F,
    0xF81F, 0x0000, 0x0000, 0xCE79, 0xEF7D, 0xEF7D, 0xEF7D, 0xF7BE, 0xF7BE, 0xF7BE, 0xF7BE, 0xF7BE,
    0xF7BE, 0xF7BE, 0x2124, 0x0000, 0x0000, 0xF81F, 0xF81F, 0xF81F, 0xF81F, 0xF81F, 0xF81F, 0xF81F,
    0xF81F, 0xF81F, 0xF81F, 0xF81F, 0xF81F, 0xF81F, 0xF81F, 0xF81F, 0x0000, 0x0000, 0x0000, 0x0020,
    0x0020, 0x0020, 0x0020, 0x0000, 0x0000, 0x0000, 0x0000, 0x0841, 0x2965, 0x4A69, 0x9492, 0xAD55,
    0xAD55, 0xAD55, 0xAD55, 0x6B6D, 0x4A49, 0x2124, 0x0000, 0x0000, 0xF81F, 0xF81F, 0xF81F, 0xF81F,
    0xF81F, 0xF81F, 0xF81F, 0xF81F, 0xF81F, 0xF81F, 0xF81F, 0xF81F, 0xF81F, 0xF81F, 0xF81F, 0xF81F,
    0xF81F, 0xF81F, 0xF81F, 0xF81F, 0xF81F, 0xF81F, 0xF81F, 0xF81F, 0xF81F, 0xF81F, 0xF81F, 0xF81F,
    0xF81F, 0xF81F, 0xF81F, 0xF81F, 0xF81F, 0xF81F, 0xF81F, 0xF81F, 0xF81F, 0xF81F, 0xF81F, 0xF81F,
    0xF81F, 0xF81F, 0xF81F, 0xF81F, 0xF81F, 0xF81F, 0xF81F, 0xF81F, 0xF81F, 0xF81F, 0xF81F, 0xF81F,
    0xF81F, 0xF81F, 0x0000, 0x0000, 0xF79E, 0xF79E, 0xF79E, 0xF79E, 0xF79E, 0xF79E, 0xF79E, 0xF79E,
    0xF79E, 0xF79E, 0xF79E, 0x0000, 0x0000, 0x0000, 0xF81F, 0xF81F, 0xF81F, 0xF81F, 0xF81F, 0xF81F,
    0xF81F, 0xF81F, 0xF81F, 0xF81F, 0xF81F, 0xF81F, 0xF81F, 0xF81F, 0xF81F, 0xF81F, 0x0000, 0x0000,
    0x0000, 0x0000, 0x0000, 0x0000, 0x0000, 0x0000, 0x0000, 0x0000, 0x0000, 0x0000, 0x0000, 0x0000,
    0x0000, 0x0000, 0x0000, 0x0000, 0x0000, 0x0000, 0x0000, 0x0000, 0x0000, 0xF81F, 0xF81F, 0xF81F,
    0xF81F, 0xF81F, 0xF81F, 0xF81F, 0xF81F, 0xF81F, 0xF81F, 0xF81F, 0xF81F, 0xF81F, 0xF81F, 0xF81F,
    0xF81F, 0xF81F, 0xF81F, 0xF81F, 0xF81F, 0xF81F, 0xF81F, 0xF81F, 0xF81F, 0xF81F, 0xF81F, 0xF81F,
    0xF81F, 0xF81F, 0xF81F, 0xF81F, 0xF81F, 0xF81F, 0xF81F, 0xF81F, 0xF81F, 0xF81F, 0xF81F, 0xF81F,
    0xF81F, 0xF81F, 0xF81F, 0xF81F, 0xF81F, 0xF81F, 0xF81F, 0xF81F, 0xF81F, 0xF81F, 0xF81F, 0xF81F,
    0xF81F, 0xF81F, 0xF81F, 0x0000, 0x0000, 0xAD75, 0xF79E, 0xF79E, 0xF79E, 0xF79E, 0xF79E, 0xF79E,
    0xF79E, 0xF79E, 0xF79E, 0x0000, 0x0000, 0x0000, 0x0000, 0xF81F, 0xF81F, 0xF81F, 0xF81F, 0xF81F,
    0xF81F, 0xF81F, 0xF81F, 0xF81F, 0xF81F, 0xF81F, 0xF81F, 0xF81F, 0xF81F, 0xF81F, 0xF81F, 0xF81F,
    0x0000, 0x0000, 0x0000, 0x0000, 0x0000, 0x0000, 0xF81F, 0xF81F, 0x0000, 0x0000, 0x0000, 0x0000,
    0x0000, 0x0000, 0x0000, 0x0000, 0x0000, 0x0000, 0x0000, 0x0000, 0x0000, 0xF81F, 0xF81F, 0xF81F,
    0xF81F, 0xF81F, 0xF81F, 0xF81F, 0xF81F, 0xF81F, 0xF81F, 0xF81F, 0xF81F, 0xF81F, 0xF81F, 0xF81F,
    0xF81F, 0xF81F, 0xF81F, 0xF81F, 0xF81F, 0xF81F, 0xF81F, 0xF81F, 0xF81F, 0xF81F, 0xF81F, 0xF81F,
    0xF81F, 0xF81F, 0xF81F, 0xF81F, 0xF81F, 0xF81F, 0xF81F, 0xF81F, 0xF81F, 0xF81F, 0xF81F, 0xF81F,
    0xF81F, 0xF81F, 0xF81F, 0xF81F, 0xF81F, 0xF81F, 0xF81F, 0xF81F, 0xF81F, 0xF81F, 0xF81F, 0xF81F,
    0xF81F, 0xF81F, 0xF81F, 0xF81F, 0x0000, 0x0000, 0x0020, 0xF79E, 0xF79E, 0xF79E, 0xF79E, 0xF79E,
    0xF79E, 0xF79E, 0x4A49, 0x0000, 0x0000, 0x0000, 0x0000, 0x0000, 0xF81F, 0xF81F, 0xF81F, 0xF81F,
    0xF81F, 0xF81F, 0xF81F, 0xF81F, 0xF81F, 0xF81F, 0xF81F, 0xF81F, 0xF81F, 0xF81F, 0xF81F, 0xF81F,
    0xF81F, 0xF81F, 0xF81F, 0xF81F, 0xF81F, 0xF81F, 0xF81F, 0xF81F, 0xF81F, 0xF81F, 0xF81F, 0xF81F,
    0xF81F, 0xF81F, 0xF81F, 0xF81F, 0xF81F, 0xF81F, 0xF81F, 0xF81F, 0xF81F, 0xF81F, 0xF81F, 0xF81F,
    0xF81F, 0xF81F, 0xF81F, 0xF81F, 0xF81F, 0xF81F, 0xF81F, 0xF81F, 0xF81F, 0xF81F, 0xF81F, 0xF81F,
    0xF81F, 0xF81F, 0xF81F, 0xF81F, 0xF81F, 0xF81F, 0xF81F, 0xF81F, 0xF81F, 0xF81F, 0xF81F, 0xF81F,
    0xF81F, 0xF81F, 0xF81F, 0xF81F, 0xF81F, 0xF81F, 0xF81F, 0xF81F, 0xF81F, 0xF81F, 0xF81F, 0xF81F,
    0xF81F, 0xF81F, 0xF81F, 0xF81F, 0xF81F, 0xF81F, 0xF81F, 0xF81F, 0xF81F, 0xF81F, 0xF81F, 0xF81F,
    0xF81F, 0xF81F, 0xF81F, 0xF81F, 0xF81F, 0x0000, 0x0000, 0x0020, 0x0020, 0x4A49, 0xAD75, 0xD69A,
    0xAD75, 0x4228, 0x0000, 0x0000, 0x0000, 0x0000, 0x0000, 0x0000, 0x0000, 0xF81F, 0xF81F, 0xF81F,
    0xF81F, 0xF81F, 0xF81F, 0xF81F, 0xF81F, 0xF81F, 0xF81F, 0xF81F, 0xF81F, 0xF81F, 0xF81F, 0xF81F,
    0xF81F, 0xF81F, 0xF81F, 0xF81F, 0xF81F, 0xF81F, 0xF81F, 0xF81F, 0xF81F, 0xF81F, 0xF81F, 0xF81F,
    0xF81F, 0xF81F, 0xF81F, 0xF81F, 0xF81F, 0xF81F, 0xF81F, 0xF81F, 0xF81F, 0xF81F, 0xF81F, 0xF81F,
    0xF81F, 0xF81F, 0xF81F, 0xF81F, 0xF81F, 0xF81F, 0xF81F, 0xF81F, 0xF81F, 0xF81F, 0xF81F, 0xF81F,
    0xF81F, 0xF81F, 0xF81F, 0xF81F, 0xF81F, 0xF81F, 0xF81F, 0xF81F, 0xF81F, 0xF81F, 0xF81F, 0xF81F,
    0xF81F, 0xF81F, 0xF81F, 0xF81F, 0xF81F, 0xF81F, 0xF81F, 0xF81F, 0xF81F, 0xF81F, 0xF81F, 0xF81F,
    0xF81F, 0xF81F, 0xF81F, 0xF81F, 0xF81F, 0xF81F, 0xF81F, 0xF81F, 0xF81F, 0xF81F, 0xF81F, 0xF81F,
    0xF81F, 0xF81F, 0xF81F, 0xF81F, 0xF81F, 0xF81F, 0x0000, 0x0000, 0x0000, 0x0000, 0x0000, 0x0000,
    0x0000, 0x0000, 0x0000, 0x0000, 0x0000, 0x0000, 0x0000, 0x0000, 0x0000, 0x0000, 0xF81F, 0xF81F,
    0xF81F, 0xF81F, 0xF81F, 0xF81F, 0xF81F, 0xF81F, 0xF81F, 0xF81F, 0xF81F, 0xF81F, 0xF81F, 0xF81F,
    0xF81F, 0xF81F, 0xF81F, 0xF81F, 0xF81F, 0xF81F, 0xF81F, 0xF81F, 0xF81F, 0xF81F, 0xF81F, 0xF81F,
    0xF81F, 0xF81F, 0xF81F, 0xF81F, 0xF81F, 0xF81F, 0xF81F, 0xF81F, 0xF81F, 0xF81F, 0xF81F, 0xF81F,
    0xF81F, 0xF81F, 0xF81F, 0xF81F, 0xF81F, 0xF81F, 0xF81F, 0xF81F, 0xF81F, 0xF81F, 0xF81F, 0xF81F,
    0xF81F, 0xF81F, 0xF81F, 0xF81F, 0xF81F, 0xF81F, 0xF81F, 0xF81F, 0xF81F, 0xF81F, 0xF81F, 0xF81F,
    0xF81F, 0xF81F, 0xF81F, 0xF81F, 0xF81F, 0xF81F, 0xF81F, 0xF81F, 0xF81F, 0xF81F, 0xF81F, 0xF81F,
    0xF81F, 0xF81F, 0xF81F, 0xF81F, 0xF81F, 0xF81F, 0xF81F, 0xF81F, 0xF81F, 0xF81F, 0xF81F, 0xF81F,
    0xF81F, 0xF81F, 0xF81F, 0xF81F, 0xF81F, 0xF81F, 0xF81F, 0xF81F, 0x0000, 0x0000, 0x0000, 0x0000,
    0x0000, 0x0000, 0x0000, 0x0000, 0x0000, 0x0000, 0x0000, 0x0000, 0x0000, 0x0000, 0xF81F, 0xF81F,
    0xF81F, 0xF81F, 0xF81F, 0xF81F, 0xF81F, 0xF81F, 0xF81F, 0xF81F, 0xF81F, 0xF81F, 0xF81F, 0xF81F,
    0xF81F, 0xF81F, 0xF81F, 0xF81F, 0xF81F, 0xF81F, 0xF81F, 0xF81F, 0xF81F, 0xF81F, 0xF81F, 0xF81F,
    0xF81F, 0xF81F, 0xF81F, 0xF81F, 0xF81F, 0xF81F, 0xF81F, 0xF81F, 0xF81F, 0xF81F, 0xF81F, 0xF81F,
    0xF81F, 0xF81F, 0xF81F, 0xF81F, 0xF81F, 0xF81F, 0xF81F, 0xF81F, 0xF81F, 0xF81F, 0xF81F, 0xF81F,
    0xF81F, 0xF81F, 0xF81F, 0xF81F,
};
