#pragma once
#include <stdint.h>

// Wygenerowane w SKALI SZAROSCI (gotowe do kolorowania w ESP)
// Transparent: 0xF81F

const int Icon_Buffout_width = 140;
const int Icon_Buffout_height = 123;

const uint16_t Icon_Buffout[17220] PROGMEM = {
    0xF81F, 0xF81F, 0xF81F, 0xF81F, 0xF81F, 0xF81F, 0xF81F, 0xF81F, 0xF81F, 0xF81F, 0xF81F, 0xF81F,
    0xF81F, 0xF81F, 0xF81F, 0xF81F, 0xF81F, 0xF81F, 0xF81F, 0xF81F, 0xF81F, 0xF81F, 0xF81F, 0xF81F,
    0xF81F, 0xF81F, 0xF81F, 0xF81F, 0xF81F, 0xF81F, 0xF81F, 0xF81F, 0xF81F, 0xF81F, 0xF81F, 0xF81F,
    0xF81F, 0xF81F, 0xF81F, 0xF81F, 0xF81F, 0xF81F, 0xF81F, 0xF81F, 0xF81F, 0xF81F, 0xF81F, 0xF81F,
    0xF81F, 0xF81F, 0xF81F, 0xF81F, 0xF81F, 0xF81F, 0xF81F, 0xF81F, 0xF81F, 0xF81F, 0xF81F, 0xF81F,
    0xF81F, 0xF81F, 0xF81F, 0xF81F, 0xF81F, 0xF81F, 0xF81F, 0xF81F, 0xF81F, 0xF81F, 0xF81F, 0xF81F,
    0xF81F, 0xF81F, 0xF81F, 0xF81F, 0xF81F, 0xF81F, 0xF81F, 0xF81F, 0xF81F, 0xF81F, 0xF81F, 0xF81F,
    0xF81F, 0xF81F, 0xF81F, 0xF81F, 0xF81F, 0xF81F, 0xF81F, 0xF81F, 0xF81F, 0xF81F, 0xF81F, 0xF81F,
    0xF81F, 0xF81F, 0xF81F, 0xF81F, 0xF81F, 0xF81F, 0xF81F, 0xF81F, 0xF81F, 0xF81F, 0xF81F, 0xF81F,
    0xF81F, 0xF81F, 0xF81F, 0xF81F, 0xF81F, 0xF81F, 0xF81F, 0xF81F, 0xF81F, 0xF81F, 0xF81F, 0xF81F,
    0xF81F, 0xF81F, 0xF81F, 0xF81F, 0xF81F, 0xF81F, 0xF81F, 0xF81F, 0xF81F, 0xF81F, 0xF81F, 0xF81F,
    0xF81F, 0xF81F, 0xF81F, 0xF81F, 0xF81F, 0xF81F, 0xF81F, 0xF81F, 0xF81F, 0xF81F, 0xF81F, 0xF81F,
    0xF81F, 0xF81F, 0xF81F, 0xF81F, 0xF81F, 0xF81F, 0xF81F, 0xF81F, 0xF81F, 0xF81F, 0xF81F, 0xF81F,
    0xF81F, 0xF81F, 0xF81F, 0xF81F, 0xF81F, 0xF81F, 0xF81F, 0xF81F, 0xF81F, 0xF81F, 0xF81F, 0xF81F,
    0xF81F, 0xF81F, 0xF81F, 0xF81F, 0xF81F, 0xF81F, 0xF81F, 0xF81F, 0xF81F, 0xF81F, 0xF81F, 0xF81F,
    0xF81F, 0xF81F, 0xF81F, 0xF81F, 0xF81F, 0xF81F, 0xF81F, 0xF81F, 0xF81F, 0xF81F, 0xF81F, 0xF81F,
    0xF81F, 0xF81F, 0xF81F, 0xF81F, 0xF81F, 0xF81F, 0xF81F, 0xF81F, 0xF81F, 0xF81F, 0xF81F, 0xF81F,
    0xF81F, 0xF81F, 0xF81F, 0xF81F, 0xF81F, 0xF81F, 0xF81F, 0xF81F, 0xF81F, 0xF81F, 0xF81F, 0xF81F,
    0xF81F, 0xF81F, 0xF81F, 0xF81F, 0xF81F, 0xF81F, 0xF81F, 0xF81F, 0xF81F, 0xF81F, 0xF81F, 0xF81F,
    0xF81F, 0xF81F, 0xF81F, 0xF81F, 0xF81F, 0xF81F, 0xF81F, 0xF81F, 0xF81F, 0xF81F, 0xF81F, 0xF81F,
    0xF81F, 0xF81F, 0xF81F, 0xF81F, 0xF81F, 0xF81F, 0xF81F, 0xF81F, 0xF81F, 0xF81F, 0xF81F, 0xF81F,
    0xF81F, 0xF81F, 0xF81F, 0xF81F, 0xF81F, 0xF81F, 0xF81F, 0xF81F, 0xF81F, 0xF81F, 0xF81F, 0xF81F,
    0xF81F, 0xF81F, 0xF81F, 0xF81F, 0xF81F, 0xF81F, 0xF81F, 0xF81F, 0xF81F, 0xF81F, 0xF81F, 0xF81F,
    0xF81F, 0xF81F, 0xF81F, 0xF81F, 0xF81F, 0xF81F, 0xF81F, 0xF81F, 0xF81F, 0xF81F, 0xF81F, 0xF81F,
    0xF81F, 0xF81F, 0xF81F, 0xF81F, 0xF81F, 0xF81F, 0xF81F, 0xF81F, 0xF81F, 0xF81F, 0xF81F, 0xF81F,
    0xF81F, 0xF81F, 0xF81F, 0xF81F, 0xF81F, 0xF81F, 0xF81F, 0xF81F, 0xF81F, 0xF81F, 0xF81F, 0xF81F,
    0xF81F, 0xF81F, 0xF81F, 0xF81F, 0xF81F, 0xF81F, 0xF81F, 0xF81F, 0xF81F, 0xF81F, 0xF81F, 0xF81F,
    0xF81F, 0xF81F, 0xF81F, 0xF81F, 0xF81F, 0xF81F, 0xF81F, 0xF81F, 0xF81F, 0xF81F, 0xF81F, 0xF81F,
    0xF81F, 0xF81F, 0xF81F, 0xF81F, 0xF81F, 0xF81F, 0xF81F, 0xF81F, 0xF81F, 0xF81F, 0xF81F, 0xF81F,
    0xF81F, 0xF81F, 0xF81F, 0xF81F, 0xF81F, 0xF81F, 0xF81F, 0xF81F, 0xF81F, 0xF81F, 0xF81F, 0xF81F,
    0xF81F, 0xF81F, 0xF81F, 0xF81F, 0xF81F, 0xF81F, 0xF81F, 0xF81F, 0xF81F, 0xF81F, 0xF81F, 0xF81F,
    0xF81F, 0xF81F, 0xF81F, 0xF81F, 0xF81F, 0xF81F, 0xF81F, 0xF81F, 0xF81F, 0xF81F, 0xF81F, 0xF81F,
    0xF81F, 0xF81F, 0xF81F, 0xF81F, 0xF81F, 0xF81F, 0xF81F, 0xF81F, 0xF81F, 0xF81F, 0xF81F, 0xF81F,
    0xF81F, 0xF81F, 0xF81F, 0xF81F, 0xF81F, 0xF81F, 0xF81F, 0xF81F, 0xF81F, 0xF81F, 0xF81F, 0xF81F,
    0xF81F, 0xF81F, 0xF81F, 0xF81F, 0xF81F, 0xF81F, 0xF81F, 0xF81F, 0xF81F, 0xF81F, 0xF81F, 0xF81F,
    0xF81F, 0xF81F, 0xF81F, 0xF81F, 0xF81F, 0xF81F, 0xF81F, 0xF81F, 0xF81F, 0xF81F, 0xF81F, 0xF81F,
    0xF81F, 0xF81F, 0xF81F, 0xF81F, 0xF81F, 0xF81F, 0xF81F, 0xF81F, 0xF81F, 0xF81F, 0xF81F, 0xF81F,
    0xF81F, 0xF81F, 0xF81F, 0xF81F, 0xF81F, 0xF81F, 0xF81F, 0xF81F, 0xF81F, 0xF81F, 0xF81F, 0xF81F,
    0xF81F, 0xF81F, 0xF81F, 0xF81F, 0xF81F, 0xF81F, 0xF81F, 0xF81F, 0xF81F, 0xF81F, 0xF81F, 0xF81F,
    0xF81F, 0xF81F, 0xF81F, 0xF81F, 0xF81F, 0xF81F, 0xF81F, 0xF81F, 0xF81F, 0xF81F, 0xF81F, 0xF81F,
    0xF81F, 0xF81F, 0xF81F, 0xF81F, 0xF81F, 0xF81F, 0xF81F, 0xF81F, 0xF81F, 0xF81F, 0xF81F, 0xF81F,
    0xF81F, 0xF81F, 0xF81F, 0xF81F, 0xF81F, 0xF81F, 0xF81F, 0xF81F, 0xF81F, 0xF81F, 0xF81F, 0xF81F,
    0xF81F, 0xF81F, 0xF81F, 0xF81F, 0xF81F, 0xF81F, 0xF81F, 0xF81F, 0xF81F, 0xF81F, 0xF81F, 0xF81F,
    0xF81F, 0xF81F, 0xF81F, 0xF81F, 0xF81F, 0xF81F, 0xF81F, 0xF81F, 0xF81F, 0xF81F, 0xF81F, 0xF81F,
    0xF81F, 0xF81F, 0xF81F, 0xF81F, 0xF81F, 0xF81F, 0xF81F, 0xF81F, 0xF81F, 0xF81F, 0xF81F, 0xF81F,
    0xF81F, 0xF81F, 0xF81F, 0xF81F, 0xF81F, 0xF81F, 0xF81F, 0xF81F, 0xF81F, 0xF81F, 0xF81F, 0xF81F,
    0xF81F, 0xF81F, 0xF81F, 0xF81F, 0xF81F, 0xF81F, 0xF81F, 0xF81F, 0xF81F, 0xF81F, 0xF81F, 0xF81F,
    0xF81F, 0xF81F, 0xF81F, 0xF81F, 0xF81F, 0xF81F, 0xF81F, 0xF81F, 0xF81F, 0xF81F, 0xF81F, 0xF81F,
    0xF81F, 0xF81F, 0xF81F, 0xF81F, 0xF81F, 0xF81F, 0xF81F, 0xF81F, 0xF81F, 0xF81F, 0xF81F, 0xF81F,
    0xF81F, 0xF81F, 0xF81F, 0xF81F, 0xF81F, 0xF81F, 0xF81F, 0xF81F, 0xF81F, 0xF81F, 0xF81F, 0xF81F,
    0xF81F, 0xF81F, 0xF81F, 0xF81F, 0xF81F, 0xF81F, 0xF81F, 0xF81F, 0xF81F, 0xF81F, 0xF81F, 0xF81F,
    0xF81F, 0xF81F, 0xF81F, 0xF81F, 0xF81F, 0xF81F, 0xF81F, 0xF81F, 0xF81F, 0xF81F, 0xF81F, 0xF81F,
    0xF81F, 0xF81F, 0xF81F, 0xF81F, 0xF81F, 0xF81F, 0xF81F, 0xF81F, 0xF81F, 0xF81F, 0xF81F, 0xF81F,
    0xF81F, 0xF81F, 0xF81F, 0xF81F, 0xF81F, 0xF81F, 0xF81F, 0xF81F, 0xF81F, 0xF81F, 0xF81F, 0xF81F,
    0xF81F, 0xF81F, 0xF81F, 0xF81F, 0xF81F, 0xF81F, 0xF81F, 0xF81F, 0xF81F, 0xF81F, 0xF81F, 0xF81F,
    0xF81F, 0xF81F, 0xF81F, 0xF81F, 0xF81F, 0xF81F, 0xF81F, 0xF81F, 0xF81F, 0xF81F, 0xF81F, 0xF81F,
    0xF81F, 0xF81F, 0xF81F, 0xF81F, 0xF81F, 0xF81F, 0xF81F, 0xF81F, 0xF81F, 0xF81F, 0xF81F, 0xF81F,
    0xF81F, 0xF81F, 0xF81F, 0xF81F, 0xF81F, 0xF81F, 0xF81F, 0xF81F, 0xF81F, 0xF81F, 0xF81F, 0xF81F,
    0xF81F, 0xF81F, 0xF81F, 0xF81F, 0xF81F, 0xF81F, 0xF81F, 0xF81F, 0xF81F, 0xF81F, 0xF81F, 0xF81F,
    0xF81F, 0xF81F, 0xF81F, 0xF81F, 0xF81F, 0xF81F, 0xF81F, 0xF81F, 0xF81F, 0xF81F, 0xF81F, 0xF81F,
    0xF81F, 0xF81F, 0xF81F, 0xF81F, 0xF81F, 0xF81F, 0xF81F, 0xF81F, 0xF81F, 0xF81F, 0xF81F, 0xF81F,
    0xF81F, 0xF81F, 0xF81F, 0xF81F, 0xF81F, 0xF81F, 0xF81F, 0xF81F, 0xF81F, 0xF81F, 0xF81F, 0xF81F,
    0xF81F, 0xF81F, 0xF81F, 0xF81F, 0xF81F, 0xF81F, 0xF81F, 0xF81F, 0xF81F, 0xF81F, 0xF81F, 0xF81F,
    0xF81F, 0xF81F, 0xF81F, 0xF81F, 0xF81F, 0xF81F, 0xF81F, 0xF81F, 0xF81F, 0xF81F, 0xF81F, 0xF81F,
    0xF81F, 0xF81F, 0xF81F, 0xF81F, 0xF81F, 0xF81F, 0xF81F, 0xF81F, 0xF81F, 0xF81F, 0xF81F, 0xF81F,
    0xF81F, 0xF81F, 0xF81F, 0xF81F, 0xF81F, 0xF81F, 0xF81F, 0xF81F, 0xF81F, 0xF81F, 0xF81F, 0xF81F,
    0xF81F, 0xF81F, 0xF81F, 0xF81F, 0xF81F, 0xF81F, 0xF81F, 0xF81F, 0xF81F, 0xF81F, 0xF81F, 0xF81F,
    0xF81F, 0xF81F, 0xF81F, 0xF81F, 0xF81F, 0xF81F, 0xF81F, 0xF81F, 0xF81F, 0xF81F, 0xF81F, 0xF81F,
    0xF81F, 0xF81F, 0xF81F, 0xF81F, 0xF81F, 0xF81F, 0xF81F, 0xF81F, 0xF81F, 0xF81F, 0xF81F, 0xF81F,
    0xF81F, 0xF81F, 0xF81F, 0xF81F, 0xF81F, 0xF81F, 0xF81F, 0xF81F, 0xF81F, 0xF81F, 0xF81F, 0xF81F,
    0xF81F, 0xF81F, 0xF81F, 0xF81F, 0xF81F, 0xF81F, 0xF81F, 0xF81F, 0xF81F, 0xF81F, 0xF81F, 0xF81F,
    0xF81F, 0xF81F, 0xF81F, 0xF81F, 0xF81F, 0xF81F, 0xF81F, 0xF81F, 0xF81F, 0xF81F, 0xF81F, 0xF81F,
    0xF81F, 0xF81F, 0xF81F, 0xF81F, 0xF81F, 0xF81F, 0xF81F, 0xF81F, 0xF81F, 0xF81F, 0xF81F, 0xF81F,
    0xF81F, 0xF81F, 0xF81F, 0xF81F, 0xF81F, 0xF81F, 0xF81F, 0xF81F, 0xF81F, 0xF81F, 0xF81F, 0xF81F,
    0xF81F, 0xF81F, 0xF81F, 0xF81F, 0xF81F, 0xF81F, 0xF81F, 0xF81F, 0xF81F, 0xF81F, 0xF81F, 0xF81F,
    0xF81F, 0xF81F, 0xF81F, 0xF81F, 0xF81F, 0xF81F, 0xF81F, 0xF81F, 0xF81F, 0xF81F, 0xF81F, 0xF81F,
    0xF81F, 0xF81F, 0xF81F, 0xF81F, 0xF81F, 0xF81F, 0xF81F, 0xF81F, 0xF81F, 0xF81F, 0xF81F, 0xF81F,
    0xF81F, 0xF81F, 0xF81F, 0xF81F, 0xF81F, 0xF81F, 0xF81F, 0xF81F, 0xF81F, 0xF81F, 0xF81F, 0xF81F,
    0xF81F, 0xF81F, 0xF81F, 0xF81F, 0xF81F, 0xF81F, 0xF81F, 0xF81F, 0xF81F, 0xF81F, 0xF81F, 0xF81F,
    0xF81F, 0xF81F, 0xF81F, 0xF81F, 0xF81F, 0xF81F, 0xF81F, 0xF81F, 0xF81F, 0xF81F, 0xF81F, 0xF81F,
    0xF81F, 0xF81F, 0xF81F, 0xF81F, 0xF81F, 0xF81F, 0xF81F, 0xF81F, 0xF81F, 0xF81F, 0xF81F, 0xF81F,
    0xF81F, 0xF81F, 0xF81F, 0xF81F, 0xF81F, 0xF81F, 0xF81F, 0xF81F, 0xF81F, 0xF81F, 0xF81F, 0xF81F,
    0xF81F, 0xF81F, 0xF81F, 0xF81F, 0xF81F, 0xF81F, 0xF81F, 0xF81F, 0xF81F, 0xF81F, 0xF81F, 0xF81F,
    0xF81F, 0xF81F, 0xF81F, 0xF81F, 0xF81F, 0xF81F, 0xF81F, 0xF81F, 0xF81F, 0xF81F, 0xF81F, 0xF81F,
    0xF81F, 0xF81F, 0xF81F, 0xF81F, 0xF81F, 0xF81F, 0xF81F, 0xF81F, 0xF81F, 0xF81F, 0xF81F, 0xF81F,
    0xF81F, 0xF81F, 0xF81F, 0xF81F, 0xF81F, 0xF81F, 0xF81F, 0xF81F, 0xF81F, 0xF81F, 0xF81F, 0xF81F,
    0xF81F, 0xF81F, 0xF81F, 0xF81F, 0xF81F, 0xF81F, 0xF81F, 0xF81F, 0xF81F, 0xF81F, 0xF81F, 0xF81F,
    0xF81F, 0xF81F, 0xF81F, 0xF81F, 0xF81F, 0xF81F, 0xF81F, 0xF81F, 0xF81F, 0xF81F, 0xF81F, 0xF81F,
    0xF81F, 0xF81F, 0xF81F, 0xF81F, 0xF81F, 0xF81F, 0xF81F, 0xF81F, 0xF81F, 0xF81F, 0xF81F, 0xF81F,
    0xF81F, 0xF81F, 0xF81F, 0xF81F, 0xF81F, 0xF81F, 0xF81F, 0xF81F, 0xF81F, 0xF81F, 0xF81F, 0xF81F,
    0xF81F, 0xF81F, 0xF81F, 0xF81F, 0xF81F, 0xF81F, 0xF81F, 0xF81F, 0xF81F, 0xF81F, 0xF81F, 0xF81F,
    0xF81F, 0xF81F, 0xF81F, 0xF81F, 0xF81F, 0xF81F, 0xF81F, 0xF81F, 0xF81F, 0xF81F, 0xF81F, 0xF81F,
    0xF81F, 0xF81F, 0xF81F, 0xF81F, 0xF81F, 0xF81F, 0xF81F, 0xF81F, 0xF81F, 0xF81F, 0xF81F, 0xF81F,
    0xF81F, 0xF81F, 0xF81F, 0xF81F, 0xF81F, 0xF81F, 0xF81F, 0xF81F, 0xF81F, 0xF81F, 0xF81F, 0xF81F,
    0xF81F, 0xF81F, 0xF81F, 0xF81F, 0xF81F, 0xF81F, 0xF81F, 0xF81F, 0xF81F, 0xF81F, 0xF81F, 0xF81F,
    0xF81F, 0xF81F, 0xF81F, 0xF81F, 0xF81F, 0xF81F, 0xF81F, 0xF81F, 0xF81F, 0xF81F, 0xF81F, 0xF81F,
    0xF81F, 0xF81F, 0xF81F, 0xF81F, 0xF81F, 0xF81F, 0xF81F, 0xF81F, 0xF81F, 0xF81F, 0xF81F, 0xF81F,
    0xF81F, 0xF81F, 0xF81F, 0xF81F, 0xF81F, 0xF81F, 0xF81F, 0xF81F, 0xF81F, 0xF81F, 0xF81F, 0xF81F,
    0xF81F, 0xF81F, 0xF81F, 0xF81F, 0xF81F, 0xF81F, 0xF81F, 0xF81F, 0xF81F, 0xF81F, 0xF81F, 0xF81F,
    0xF81F, 0xF81F, 0xF81F, 0xF81F, 0xF81F, 0xF81F, 0xF81F, 0xF81F, 0xF81F, 0xF81F, 0xF81F, 0xF81F,
    0xF81F, 0xF81F, 0xF81F, 0xF81F, 0xF81F, 0xF81F, 0xF81F, 0xF81F, 0xF81F, 0xF81F, 0xF81F, 0xF81F,
    0xF81F, 0xF81F, 0xF81F, 0xF81F, 0xF81F, 0xF81F, 0xF81F, 0xF81F, 0xF81F, 0xF81F, 0xF81F, 0xF81F,
    0xF81F, 0xF81F, 0xF81F, 0xF81F, 0xF81F, 0xF81F, 0xF81F, 0xF81F, 0xF81F, 0xF81F, 0xF81F, 0xF81F,
    0xF81F, 0xF81F, 0xF81F, 0xF81F, 0xF81F, 0xF81F, 0xF81F, 0xF81F, 0xF81F, 0xF81F, 0xF81F, 0xF81F,
    0xF81F, 0xF81F, 0xF81F, 0xF81F, 0xF81F, 0xF81F, 0xF81F, 0xF81F, 0xF81F, 0xF81F, 0xF81F, 0xF81F,
    0xF81F, 0xF81F, 0xF81F, 0xF81F, 0xF81F, 0xF81F, 0xF81F, 0xF81F, 0xF81F, 0xF81F, 0xF81F, 0xF81F,
    0xF81F, 0xF81F, 0xF81F, 0xF81F, 0xF81F, 0xF81F, 0xF81F, 0xF81F, 0xF81F, 0xF81F, 0xF81F, 0xF81F,
    0xF81F, 0xF81F, 0xF81F, 0xF81F, 0xF81F, 0xF81F, 0xF81F, 0xF81F, 0xF81F, 0xF81F, 0xF81F, 0xF81F,
    0xF81F, 0xF81F, 0xF81F, 0xF81F, 0xF81F, 0xF81F, 0xF81F, 0xF81F, 0xF81F, 0xF81F, 0xF81F, 0xF81F,
    0xF81F, 0xF81F, 0xF81F, 0xF81F, 0xF81F, 0xF81F, 0xF81F, 0xF81F, 0xF81F, 0xF81F, 0xF81F, 0xF81F,
    0xF81F, 0xF81F, 0xF81F, 0xF81F, 0xF81F, 0xF81F, 0xF81F, 0xF81F, 0xF81F, 0xF81F, 0xF81F, 0xF81F,
    0xF81F, 0xF81F, 0xF81F, 0xF81F, 0xF81F, 0xF81F, 0xF81F, 0xF81F, 0xF81F, 0xF81F, 0xF81F, 0xF81F,
    0xF81F, 0xF81F, 0xF81F, 0xF81F, 0xF81F, 0xF81F, 0xF81F, 0xF81F, 0xF81F, 0xF81F, 0xF81F, 0xF81F,
    0xF81F, 0xF81F, 0xF81F, 0xF81F, 0xF81F, 0xF81F, 0xF81F, 0xF81F, 0xF81F, 0xF81F, 0xF81F, 0xF81F,
    0xF81F, 0xF81F, 0xF81F, 0xF81F, 0xF81F, 0xF81F, 0xF81F, 0xF81F, 0xF81F, 0xF81F, 0xF81F, 0xF81F,
    0xF81F, 0xF81F, 0xF81F, 0xF81F, 0xF81F, 0xF81F, 0xF81F, 0xF81F, 0xF81F, 0xF81F, 0xF81F, 0xF81F,
    0xF81F, 0xF81F, 0xF81F, 0xF81F, 0xF81F, 0xF81F, 0xF81F, 0xF81F, 0xF81F, 0xF81F, 0xF81F, 0xF81F,
    0xF81F, 0xF81F, 0xF81F, 0xF81F, 0xF81F, 0xF81F, 0xF81F, 0xF81F, 0xF81F, 0xF81F, 0xF81F, 0xF81F,
    0xF81F, 0xF81F, 0xF81F, 0xF81F, 0xF81F, 0xF81F, 0xF81F, 0xF81F, 0xF81F, 0xF81F, 0xF81F, 0xF81F,
    0xF81F, 0xF81F, 0xF81F, 0xF81F, 0xF81F, 0xF81F, 0xF81F, 0xF81F, 0xF81F, 0xF81F, 0xF81F, 0xF81F,
    0xF81F, 0xF81F, 0xF81F, 0xF81F, 0xF81F, 0xF81F, 0xF81F, 0xF81F, 0xF81F, 0xF81F, 0xF81F, 0xF81F,
    0xF81F, 0xF81F, 0xF81F, 0xF81F, 0xF81F, 0xF81F, 0xF81F, 0xF81F, 0xF81F, 0xF81F, 0xF81F, 0xF81F,
    0xF81F, 0xF81F, 0xF81F, 0xF81F, 0xF81F, 0xF81F, 0xF81F, 0xF81F, 0xF81F, 0xF81F, 0xF81F, 0xF81F,
    0xF81F, 0xF81F, 0xF81F, 0xF81F, 0xF81F, 0xF81F, 0xF81F, 0xF81F, 0xF81F, 0xF81F, 0xF81F, 0xF81F,
    0xF81F, 0xF81F, 0xF81F, 0xF81F, 0x0000, 0x0000, 0x0000, 0x0000, 0x0000, 0x0000, 0x0000, 0x0000,
    0x0000, 0x0000, 0x0000, 0x0000, 0x0000, 0xF81F, 0xF81F, 0xF81F, 0xF81F, 0xF81F, 0xF81F, 0xF81F,
    0xF81F, 0xF81F, 0xF81F, 0xF81F, 0xF81F, 0xF81F, 0xF81F, 0xF81F, 0xF81F, 0xF81F, 0xF81F, 0xF81F,
    0xF81F, 0xF81F, 0xF81F, 0xF81F, 0xF81F, 0xF81F, 0xF81F, 0xF81F, 0xF81F, 0xF81F, 0xF81F, 0xF81F,
    0xF81F, 0xF81F, 0xF81F, 0xF81F, 0xF81F, 0xF81F, 0xF81F, 0xF81F, 0xF81F, 0xF81F, 0xF81F, 0xF81F,
    0xF81F, 0xF81F, 0xF81F, 0xF81F, 0xF81F, 0xF81F, 0xF81F, 0xF81F, 0xF81F, 0xF81F, 0xF81F, 0xF81F,
    0xF81F, 0xF81F, 0xF81F, 0xF81F, 0xF81F, 0xF81F, 0xF81F, 0xF81F, 0xF81F, 0xF81F, 0xF81F, 0xF81F,
    0xF81F, 0xF81F, 0xF81F, 0xF81F, 0xF81F, 0xF81F, 0xF81F, 0xF81F, 0xF81F, 0xF81F, 0xF81F, 0xF81F,
    0xF81F, 0xF81F, 0xF81F, 0xF81F, 0xF81F, 0xF81F, 0xF81F, 0xF81F, 0xF81F, 0xF81F, 0xF81F, 0xF81F,
    0xF81F, 0xF81F, 0xF81F, 0xF81F, 0xF81F, 0xF81F, 0xF81F, 0xF81F, 0xF81F, 0xF81F, 0xF81F, 0xF81F,
    0xF81F, 0xF81F, 0xF81F, 0xF81F, 0xF81F, 0xF81F, 0xF81F, 0xF81F, 0xF81F, 0xF81F, 0xF81F, 0xF81F,
    0xF81F, 0xF81F, 0xF81F, 0xF81F, 0xF81F, 0xF81F, 0xF81F, 0xF81F, 0x0000, 0x0000, 0x0000, 0x0000,
    0x0000, 0x0000, 0x0000, 0x0000, 0x0000, 0x0000, 0x0000, 0x0000, 0x0000, 0x0000, 0x0000, 0x0000,
    0x0000, 0x0000, 0x0000, 0x0000, 0x0000, 0xF81F, 0xF81F, 0xF81F, 0xF81F, 0xF81F, 0xF81F, 0xF81F,
    0xF81F, 0xF81F, 0xF81F, 0xF81F, 0xF81F, 0xF81F, 0xF81F, 0xF81F, 0xF81F, 0xF81F, 0xF81F, 0xF81F,
    0xF81F, 0xF81F, 0xF81F, 0xF81F, 0xF81F, 0xF81F, 0xF81F, 0xF81F, 0xF81F, 0xF81F, 0xF81F, 0xF81F,
    0xF81F, 0xF81F, 0xF81F, 0xF81F, 0xF81F, 0xF81F, 0xF81F, 0xF81F, 0xF81F, 0xF81F, 0xF81F, 0xF81F,
    0xF81F, 0xF81F, 0xF81F, 0xF81F, 0xF81F, 0xF81F, 0xF81F, 0xF81F, 0xF81F, 0xF81F, 0xF81F, 0xF81F,
    0xF81F, 0xF81F, 0xF81F, 0xF81F, 0xF81F, 0xF81F, 0xF81F, 0xF81F, 0xF81F, 0xF81F, 0xF81F, 0xF81F,
    0xF81F, 0xF81F, 0xF81F, 0xF81F, 0xF81F, 0xF81F, 0xF81F, 0xF81F, 0xF81F, 0xF81F, 0xF81F, 0xF81F,
    0xF81F, 0xF81F, 0xF81F, 0xF81F, 0xF81F, 0xF81F, 0xF81F, 0xF81F, 0xF81F, 0xF81F, 0xF81F, 0xF81F,
    0xF81F, 0xF81F, 0xF81F, 0xF81F, 0xF81F, 0xF81F, 0xF81F, 0xF81F, 0xF81F, 0xF81F, 0xF81F, 0xF81F,
    0xF81F, 0xF81F, 0xF81F, 0xF81F, 0xF81F, 0xF81F, 0xF81F, 0xF81F, 0xF81F, 0xF81F, 0xF81F, 0xF81F,
    0xF81F, 0x0000, 0x0000, 0x0000, 0x0000, 0x0000, 0x0000, 0x0000, 0x2104, 0x4208, 0x528A, 0x4208,
    0x1082, 0x0000, 0x0000, 0x0000, 0x0000, 0x1082, 0x3186, 0x528A, 0x2104, 0x0000, 0x0000, 0x0000,
    0x0000, 0x0000, 0x0000, 0x0000, 0xF81F, 0xF81F, 0xF81F, 0xF81F, 0xF81F, 0xF81F, 0xF81F, 0xF81F,
    0xF81F, 0xF81F, 0xF81F, 0xF81F, 0xF81F, 0xF81F, 0xF81F, 0xF81F, 0xF81F, 0xF81F, 0xF81F, 0xF81F,
    0xF81F, 0xF81F, 0xF81F, 0xF81F, 0xF81F, 0xF81F, 0xF81F, 0xF81F, 0xF81F, 0xF81F, 0xF81F, 0xF81F,
    0xF81F, 0xF81F, 0xF81F, 0xF81F, 0xF81F, 0xF81F, 0xF81F, 0xF81F, 0xF81F, 0xF81F, 0xF81F, 0xF81F,
    0xF81F, 0xF81F, 0xF81F, 0xF81F, 0xF81F, 0xF81F, 0xF81F, 0xF81F, 0xF81F, 0xF81F, 0xF81F, 0xF81F,
    0xF81F, 0xF81F, 0xF81F, 0xF81F, 0xF81F, 0xF81F, 0xF81F, 0xF81F, 0xF81F, 0xF81F, 0xF81F, 0xF81F,
    0xF81F, 0xF81F, 0xF81F, 0xF81F, 0xF81F, 0xF81F, 0xF81F, 0xF81F, 0xF81F, 0xF81F, 0xF81F, 0xF81F,
    0xF81F, 0xF81F, 0xF81F, 0xF81F, 0xF81F, 0xF81F, 0xF81F, 0xF81F, 0xF81F, 0xF81F, 0xF81F, 0xF81F,
    0xF81F, 0xF81F, 0xF81F, 0xF81F, 0xF81F, 0xF81F, 0xF81F, 0xF81F, 0xF81F, 0xF81F, 0xF81F, 0xF81F,
    0xF81F, 0xF81F, 0xF81F, 0xF81F, 0xF81F, 0xF81F, 0xF81F, 0x0000, 0x0000, 0x0000, 0x0000, 0x0000,
    0x1082, 0x3186, 0x630C, 0xE71C, 0xFFFF, 0xFFFF, 0xFFFF, 0xFFFF, 0xFFFF, 0xE71C, 0x630C, 0x2104,
    0x1082, 0x0000, 0x0000, 0x1082, 0x630C, 0xE71C, 0x630C, 0x3186, 0x1082, 0x0000, 0x0000, 0x0000,
    0x0000, 0x0000, 0xF81F, 0xF81F, 0xF81F, 0xF81F, 0xF81F, 0xF81F, 0xF81F, 0xF81F, 0xF81F, 0xF81F,
    0xF81F, 0xF81F, 0xF81F, 0xF81F, 0xF81F, 0xF81F, 0xF81F, 0xF81F, 0xF81F, 0xF81F, 0xF81F, 0xF81F,
    0xF81F, 0xF81F, 0xF81F, 0xF81F, 0xF81F, 0xF81F, 0xF81F, 0xF81F, 0xF81F, 0xF81F, 0xF81F, 0xF81F,
    0xF81F, 0xF81F, 0xF81F, 0xF81F, 0xF81F, 0xF81F, 0xF81F, 0xF81F, 0xF81F, 0xF81F, 0xF81F, 0xF81F,
    0xF81F, 0xF81F, 0xF81F, 0xF81F, 0xF81F, 0xF81F, 0xF81F, 0xF81F, 0xF81F, 0xF81F, 0xF81F, 0xF81F,
    0xF81F, 0xF81F, 0xF81F, 0xF81F, 0xF81F, 0xF81F, 0xF81F, 0xF81F, 0xF81F, 0xF81F, 0xF81F, 0xF81F,
    0xF81F, 0xF81F, 0xF81F, 0xF81F, 0xF81F, 0xF81F, 0xF81F, 0xF81F, 0xF81F, 0xF81F, 0xF81F, 0xF81F,
    0xF81F, 0xF81F, 0xF81F, 0xF81F, 0xF81F, 0xF81F, 0xF81F, 0xF81F, 0xF81F, 0xF81F, 0xF81F, 0xF81F,
    0xF81F, 0xF81F, 0xF81F, 0xF81F, 0xF81F, 0xF81F, 0xF81F, 0xF81F, 0xF81F, 0xF81F, 0xF81F, 0xF81F,
    0xF81F, 0x0000, 0x0000, 0x0000, 0x0000, 0x0000, 0x3186, 0x73AE, 0xE71C, 0xFFFF, 0xFFFF, 0xFFFF,
    0xFFFF, 0xFFFF, 0xFFFF, 0xFFFF, 0xFFFF, 0xFFFF, 0xFFFF, 0xFFFF, 0xE71C, 0x528A, 0x2104, 0x0000,
    0x0000, 0x1082, 0x630C, 0xFFFF, 0xE71C, 0x4208, 0x1082, 0x0000, 0x0000, 0x0000, 0x0000, 0xF81F,
    0xF81F, 0xF81F, 0xF81F, 0xF81F, 0xF81F, 0xF81F, 0xF81F, 0xF81F, 0xF81F, 0xF81F, 0xF81F, 0xF81F,
    0xF81F, 0xF81F, 0xF81F, 0xF81F, 0xF81F, 0xF81F, 0xF81F, 0xF81F, 0xF81F, 0xF81F, 0xF81F, 0xF81F,
    0xF81F, 0xF81F, 0xF81F, 0xF81F, 0xF81F, 0xF81F, 0xF81F, 0xF81F, 0xF81F, 0xF81F, 0xF81F, 0xF81F,
    0xF81F, 0xF81F, 0xF81F, 0xF81F, 0xF81F, 0xF81F, 0xF81F, 0xF81F, 0xF81F, 0xF81F, 0xF81F, 0xF81F,
    0xF81F, 0xF81F, 0xF81F, 0xF81F, 0xF81F, 0xF81F, 0xF81F, 0xF81F, 0xF81F, 0xF81F, 0xF81F, 0xF81F,
    0xF81F, 0xF81F, 0xF81F, 0xF81F, 0xF81F, 0xF81F, 0xF81F, 0xF81F, 0xF81F, 0xF81F, 0xF81F, 0xF81F,
    0xF81F, 0xF81F, 0xF81F, 0xF81F, 0xF81F, 0xF81F, 0xF81F, 0xF81F, 0xF81F, 0xF81F, 0xF81F, 0xF81F,
    0xF81F, 0xF81F, 0xF81F, 0xF81F, 0xF81F, 0xF81F, 0xF81F, 0xF81F, 0xF81F, 0xF81F, 0xF81F, 0xF81F,
    0xF81F, 0xF81F, 0x0000, 0x0000, 0x0000, 0x0000, 0x0000, 0x0000, 0x0000, 0x0000, 0x0000, 0x0000,
    0x1082, 0x3186, 0xE71C, 0xFFFF, 0xFFFF, 0xFFFF, 0xFFFF, 0xFFFF, 0xFFFF, 0xFFFF, 0xFFFF, 0xFFFF,
    0xFFFF, 0xFFFF, 0xFFFF, 0xFFFF, 0xFFFF, 0xFFFF, 0xFFFF, 0x630C, 0x2104, 0x0000, 0x0000, 0x2104,
    0x8430, 0xFFFF, 0xE71C, 0x528A, 0x1082, 0x0000, 0x0000, 0x0000, 0xF81F, 0xF81F, 0xF81F, 0xF81F,
    0xF81F, 0xF81F, 0xF81F, 0xF81F, 0xF81F, 0xF81F, 0xF81F, 0xF81F, 0xF81F, 0xF81F, 0xF81F, 0xF81F,
    0xF81F, 0xF81F, 0xF81F, 0xF81F, 0xF81F, 0xF81F, 0xF81F, 0xF81F, 0xF81F, 0xF81F, 0xF81F, 0xF81F,
    0xF81F, 0xF81F, 0xF81F, 0xF81F, 0xF81F, 0xF81F, 0xF81F, 0xF81F, 0xF81F, 0xF81F, 0xF81F, 0xF81F,
    0xF81F, 0xF81F, 0xF81F, 0xF81F, 0xF81F, 0xF81F, 0xF81F, 0xF81F, 0xF81F, 0xF81F, 0xF81F, 0xF81F,
    0xF81F, 0xF81F, 0xF81F, 0xF81F, 0xF81F, 0xF81F, 0xF81F, 0xF81F, 0xF81F, 0xF81F, 0xF81F, 0xF81F,
    0xF81F, 0xF81F, 0xF81F, 0xF81F, 0xF81F, 0xF81F, 0xF81F, 0xF81F, 0xF81F, 0xF81F, 0xF81F, 0xF81F,
    0xF81F, 0xF81F, 0xF81F, 0xF81F, 0xF81F, 0xF81F, 0xF81F, 0xF81F, 0xF81F, 0xF81F, 0xF81F, 0xF81F,
    0xF81F, 0xF81F, 0xF81F, 0xF81F, 0xF81F, 0xF81F, 0xF81F, 0x0000, 0x0000, 0x0000, 0x0000, 0x0000,
    0x0000, 0x0000, 0x0000, 0x0000, 0x0000, 0x1082, 0x2104, 0x4208, 0x630C, 0xE71C, 0x630C, 0x4208,
    0x528A, 0x73AE, 0xE71C, 0xFFFF, 0xFFFF, 0xFFFF, 0xFFFF, 0xFFFF, 0xFFFF, 0xFFFF, 0xFFFF, 0xFFFF,
    0xFFFF, 0xFFFF, 0xFFFF, 0xFFFF, 0xFFFF, 0x528A, 0x1082, 0x0000, 0x0000, 0x528A, 0xE71C, 0xEF5D,
    0x8430, 0x3186, 0x1082, 0x0000, 0x0000, 0xF81F, 0xF81F, 0xF81F, 0xF81F, 0xF81F, 0xF81F, 0xF81F,
    0xF81F, 0xF81F, 0xF81F, 0xF81F, 0xF81F, 0xF81F, 0xF81F, 0xF81F, 0xF81F, 0xF81F, 0xF81F, 0xF81F,
    0xF81F, 0xF81F, 0xF81F, 0xF81F, 0xF81F, 0xF81F, 0xF81F, 0xF81F, 0xF81F, 0xF81F, 0xF81F, 0xF81F,
    0xF81F, 0xF81F, 0xF81F, 0xF81F, 0xF81F, 0xF81F, 0xF81F, 0xF81F, 0xF81F, 0xF81F, 0xF81F, 0xF81F,
    0xF81F, 0xF81F, 0xF81F, 0xF81F, 0xF81F, 0xF81F, 0xF81F, 0xF81F, 0xF81F, 0xF81F, 0xF81F, 0xF81F,
    0xF81F, 0xF81F, 0xF81F, 0xF81F, 0xF81F, 0xF81F, 0xF81F, 0xF81F, 0xF81F, 0xF81F, 0xF81F, 0xF81F,
    0xF81F, 0xF81F, 0xF81F, 0xF81F, 0xF81F, 0xF81F, 0xF81F, 0xF81F, 0xF81F, 0xF81F, 0xF81F, 0xF81F,
    0xF81F, 0xF81F, 0xF81F, 0xF81F, 0xF81F, 0xF81F, 0xF81F, 0xF81F, 0xF81F, 0xF81F, 0xF81F, 0xF81F,
    0x0000, 0x0000, 0x0000, 0x0000, 0x0000, 0x0000, 0x1082, 0x2104, 0x3186, 0x3186, 0x1082, 0x2104,
    0x528A, 0x630C, 0x8430, 0x630C, 0x3186, 0x0000, 0x0000, 0x0000, 0x0000, 0x0000, 0x1082, 0x630C,
    0xE71C, 0xFFFF, 0xFFFF, 0xFFFF, 0xFFFF, 0xFFFF, 0xFFFF, 0xFFFF, 0xFFFF, 0xFFFF, 0xFFFF, 0xFFFF,
    0xFFFF, 0xFFFF, 0x8430, 0x3186, 0x0000, 0x0000, 0x3186, 0x8430, 0xFFFF, 0xFFFF, 0x630C, 0x1082,
    0x0000, 0x0000, 0xF81F, 0xF81F, 0xF81F, 0xF81F, 0xF81F, 0xF81F, 0xF81F, 0xF81F, 0xF81F, 0xF81F,
    0xF81F, 0xF81F, 0xF81F, 0xF81F, 0xF81F, 0xF81F, 0xF81F, 0xF81F, 0xF81F, 0xF81F, 0xF81F, 0xF81F,
    0xF81F, 0xF81F, 0xF81F, 0xF81F, 0xF81F, 0xF81F, 0xF81F, 0xF81F, 0xF81F, 0xF81F, 0xF81F, 0xF81F,
    0xF81F, 0xF81F, 0xF81F, 0xF81F, 0xF81F, 0xF81F, 0xF81F, 0xF81F, 0xF81F, 0xF81F, 0xF81F, 0xF81F,
    0xF81F, 0xF81F, 0xF81F, 0xF81F, 0xF81F, 0xF81F, 0xF81F, 0xF81F, 0xF81F, 0xF81F, 0xF81F, 0xF81F,
    0xF81F, 0xF81F, 0xF81F, 0xF81F, 0xF81F, 0xF81F, 0xF81F, 0xF81F, 0xF81F, 0xF81F, 0xF81F, 0xF81F,
    0xF81F, 0xF81F, 0xF81F, 0xF81F, 0xF81F, 0xF81F, 0xF81F, 0xF81F, 0xF81F, 0xF81F, 0xF81F, 0xF81F,
    0xF81F, 0xF81F, 0xF81F, 0xF81F, 0x0000, 0x0000, 0x0000, 0x0000, 0x0000, 0x0000, 0x0000, 0x1082,
    0x3186, 0x528A, 0x73AE, 0xE71C, 0xEF5D, 0xE71C, 0x73AE, 0xFFFF, 0xFFFF, 0x528A, 0x0000, 0x0000,
    0x0000, 0x2104, 0x4208, 0x630C, 0x73AE, 0x73AE, 0x2104, 0x0000, 0x4208, 0xFFFF, 0xFFFF, 0xFFFF,
    0xFFFF, 0xFFFF, 0xFFFF, 0xFFFF, 0xFFFF, 0xFFFF, 0xFFFF, 0xFFFF, 0xFFFF, 0xFFFF, 0xFFFF, 0xFFFF,
    0x528A, 0x1082, 0x0000, 0x1082, 0x73AE, 0xFFFF, 0xEF5D, 0x8430, 0x2104, 0x0000, 0x0000, 0xF81F,
    0xF81F, 0xF81F, 0xF81F, 0xF81F, 0xF81F, 0xF81F, 0xF81F, 0xF81F, 0xF81F, 0xF81F, 0xF81F, 0xF81F,
    0xF81F, 0xF81F, 0xF81F, 0xF81F, 0xF81F, 0xF81F, 0xF81F, 0xF81F, 0xF81F, 0xF81F, 0xF81F, 0xF81F,
    0xF81F, 0xF81F, 0xF81F, 0xF81F, 0xF81F, 0xF81F, 0xF81F, 0xF81F, 0xF81F, 0xF81F, 0xF81F, 0xF81F,
    0xF81F, 0xF81F, 0xF81F, 0xF81F, 0xF81F, 0xF81F, 0xF81F, 0xF81F, 0xF81F, 0xF81F, 0xF81F, 0xF81F,
    0xF81F, 0xF81F, 0xF81F, 0xF81F, 0xF81F, 0xF81F, 0xF81F, 0xF81F, 0xF81F, 0xF81F, 0xF81F, 0xF81F,
    0xF81F, 0xF81F, 0xF81F, 0xF81F, 0xF81F, 0xF81F, 0xF81F, 0xF81F, 0xF81F, 0xF81F, 0xF81F, 0xF81F,
    0xF81F, 0xF81F, 0xF81F, 0xF81F, 0xF81F, 0xF81F, 0xF81F, 0xF81F, 0xF81F, 0x0000, 0x0000, 0x0000,
    0x0000, 0x0000, 0x0000, 0x0000, 0x0000, 0x0000, 0x1082, 0x2104, 0x8430, 0xE71C, 0xEF5D, 0xFFFF,
    0xFFFF, 0xFFFF, 0xFFFF, 0xEF5D, 0x73AE, 0x1082, 0x0000, 0x2104, 0x630C, 0xE71C, 0xEF5D, 0xEF5D,
    0xFFFF, 0x8430, 0x4208, 0x0000, 0x1082, 0x73AE, 0xFFFF, 0xFFFF, 0xFFFF, 0xFFFF, 0xFFFF, 0xFFFF,
    0xFFFF, 0xFFFF, 0xFFFF, 0xFFFF, 0xFFFF, 0xFFFF, 0xFFFF, 0xFFFF, 0xFFFF, 0x73AE, 0x2104, 0x0000,
    0x1082, 0x630C, 0xFFFF, 0xEF5D, 0xE71C, 0x3186, 0x0000, 0x0000, 0xF81F, 0xF81F, 0xF81F, 0xF81F,
    0xF81F, 0xF81F, 0xF81F, 0xF81F, 0xF81F, 0xF81F, 0xF81F, 0xF81F, 0xF81F, 0xF81F, 0xF81F, 0xF81F,
    0xF81F, 0xF81F, 0xF81F, 0xF81F, 0xF81F, 0xF81F, 0xF81F, 0xF81F, 0xF81F, 0xF81F, 0xF81F, 0xF81F,
    0xF81F, 0xF81F, 0xF81F, 0xF81F, 0xF81F, 0xF81F, 0xF81F, 0xF81F, 0xF81F, 0xF81F, 0xF81F, 0xF81F,
    0xF81F, 0xF81F, 0xF81F, 0xF81F, 0xF81F, 0xF81F, 0xF81F, 0xF81F, 0xF81F, 0xF81F, 0xF81F, 0xF81F,
    0xF81F, 0xF81F, 0xF81F, 0xF81F, 0xF81F, 0xF81F, 0xF81F, 0xF81F, 0xF81F, 0xF81F, 0xF81F, 0xF81F,
    0xF81F, 0xF81F, 0xF81F, 0xF81F, 0xF81F, 0xF81F, 0xF81F, 0xF81F, 0xF81F, 0xF81F, 0xF81F, 0xF81F,
    0xF81F, 0xF81F, 0x0000, 0x0000, 0x0000, 0x0000, 0x0000, 0x0000, 0x1082, 0x1082, 0x0000, 0x0000,
    0x0000, 0x0000, 0x0000, 0x0000, 0x1082, 0x3186, 0x8430, 0xEF5D, 0xFFFF, 0xFFFF, 0xFFFF, 0xFFFF,
    0xE71C, 0x3186, 0x0000, 0x4208, 0xE71C, 0xFFFF, 0x8430, 0x630C, 0x4208, 0x1082, 0x0000, 0x0000,
    0x2104, 0xE71C, 0xFFFF, 0xFFFF, 0xFFFF, 0xFFFF, 0xFFFF, 0xFFFF, 0xFFFF, 0xFFFF, 0xFFFF, 0xFFFF,
    0xFFFF, 0xFFFF, 0xFFFF, 0xFFFF, 0xFFFF, 0xEF5D, 0x8430, 0x3186, 0x0000, 0x0000, 0x528A, 0xFFFF,
    0xFFFF, 0xFFFF, 0x4208, 0x0000, 0x0000, 0xF81F, 0xF81F, 0xF81F, 0xF81F, 0xF81F, 0xF81F, 0xF81F,
    0xF81F, 0xF81F, 0xF81F, 0xF81F, 0xF81F, 0xF81F, 0xF81F, 0xF81F, 0xF81F, 0xF81F, 0xF81F, 0xF81F,
    0xF81F, 0xF81F, 0xF81F, 0xF81F, 0xF81F, 0xF81F, 0xF81F, 0xF81F, 0xF81F, 0xF81F, 0xF81F, 0xF81F,
    0xF81F, 0xF81F, 0xF81F, 0xF81F, 0xF81F, 0xF81F, 0xF81F, 0xF81F, 0xF81F, 0xF81F, 0xF81F, 0xF81F,
    0xF81F, 0xF81F, 0xF81F, 0xF81F, 0xF81F, 0xF81F, 0xF81F, 0xF81F, 0xF81F, 0xF81F, 0xF81F, 0xF81F,
    0xF81F, 0xF81F, 0xF81F, 0xF81F, 0xF81F, 0xF81F, 0xF81F, 0xF81F, 0xF81F, 0xF81F, 0xF81F, 0xF81F,
    0xF81F, 0xF81F, 0xF81F, 0xF81F, 0xF81F, 0xF81F, 0xF81F, 0x0000, 0x0000, 0x0000, 0x0000, 0x0000,
    0x0000, 0x1082, 0x3186, 0x528A, 0x73AE, 0x8430, 0x3186, 0x1082, 0x2104, 0x3186, 0x4208, 0x528A,
    0x630C, 0x528A, 0x4208, 0x630C, 0xE71C, 0xFFFF, 0xFFFF, 0xFFFF, 0xFFFF, 0xE71C, 0x3186, 0x0000,
    0x2104, 0x3186, 0x1082, 0x0000, 0x0000, 0x0000, 0x3186, 0x528A, 0x8430, 0xFFFF, 0xFFFF, 0xFFFF,
    0xFFFF, 0xFFFF, 0xFFFF, 0xFFFF, 0xFFFF, 0xFFFF, 0xFFFF, 0xFFFF, 0xFFFF, 0xFFFF, 0xFFFF, 0xFFFF,
    0xFFFF, 0xFFFF, 0xFFFF, 0xE71C, 0x3186, 0x0000, 0x0000, 0x528A, 0xFFFF, 0xFFFF, 0xFFFF, 0x4208,
    0x0000, 0x0000, 0xF81F, 0xF81F, 0xF81F, 0xF81F, 0xF81F, 0xF81F, 0xF81F, 0xF81F, 0xF81F, 0xF81F,
    0xF81F, 0xF81F, 0xF81F, 0xF81F, 0xF81F, 0xF81F, 0xF81F, 0xF81F, 0xF81F, 0xF81F, 0xF81F, 0xF81F,
    0xF81F, 0xF81F, 0xF81F, 0xF81F, 0xF81F, 0xF81F, 0xF81F, 0xF81F, 0xF81F, 0xF81F, 0xF81F, 0xF81F,
    0xF81F, 0xF81F, 0xF81F, 0xF81F, 0xF81F, 0xF81F, 0xF81F, 0xF81F, 0xF81F, 0xF81F, 0xF81F, 0xF81F,
    0xF81F, 0xF81F, 0xF81F, 0xF81F, 0xF81F, 0xF81F, 0xF81F, 0xF81F, 0xF81F, 0xF81F, 0xF81F, 0xF81F,
    0xF81F, 0xF81F, 0xF81F, 0xF81F, 0xF81F, 0xF81F, 0xF81F, 0xF81F, 0xF81F, 0xF81F, 0xF81F, 0x0000,
    0x0000, 0x0000, 0x0000, 0x0000, 0x0000, 0x0000, 0x2104, 0x4208, 0x528A, 0x73AE, 0xE71C, 0xEF5D,
    0xEF5D, 0xEF5D, 0xE71C, 0x73AE, 0x8430, 0xFFFF, 0xE71C, 0x73AE, 0x528A, 0x3186, 0x1082, 0x0000,
    0x528A, 0xEF5D, 0xFFFF, 0xFFFF, 0xFFFF, 0xFFFF, 0xE71C, 0x630C, 0x3186, 0x2104, 0x2104, 0x3186,
    0x528A, 0x73AE, 0xE71C, 0xEF5D, 0xEF5D, 0xFFFF, 0xFFFF, 0xFFFF, 0xFFFF, 0xFFFF, 0xFFFF, 0xFFFF,
    0xFFFF, 0xFFFF, 0xFFFF, 0xFFFF, 0xFFFF, 0xFFFF, 0xFFFF, 0xFFFF, 0xFFFF, 0xFFFF, 0xFFFF, 0xFFFF,
    0xFFFF, 0x4208, 0x0000, 0x0000, 0x528A, 0xFFFF, 0xFFFF, 0xFFFF, 0x4208, 0x0000, 0x0000, 0xF81F,
    0xF81F, 0xF81F, 0xF81F, 0xF81F, 0xF81F, 0xF81F, 0xF81F, 0xF81F, 0xF81F, 0xF81F, 0xF81F, 0xF81F,
    0xF81F, 0xF81F, 0xF81F, 0xF81F, 0xF81F, 0xF81F, 0xF81F, 0xF81F, 0xF81F, 0xF81F, 0xF81F, 0xF81F,
    0xF81F, 0xF81F, 0xF81F, 0xF81F, 0xF81F, 0xF81F, 0xF81F, 0xF81F, 0xF81F, 0xF81F, 0xF81F, 0xF81F,
    0xF81F, 0xF81F, 0xF81F, 0xF81F, 0xF81F, 0xF81F, 0xF81F, 0xF81F, 0xF81F, 0xF81F, 0xF81F, 0xF81F,
    0xF81F, 0xF81F, 0xF81F, 0xF81F, 0xF81F, 0xF81F, 0xF81F, 0xF81F, 0xF81F, 0xF81F, 0xF81F, 0xF81F,
    0xF81F, 0xF81F, 0xF81F, 0xF81F, 0xF81F, 0x0000, 0x0000, 0x0000, 0x0000, 0x0000, 0x0000, 0x2104,
    0x4208, 0x73AE, 0x8430, 0xE71C, 0xFFFF, 0xFFFF, 0xFFFF, 0xFFFF, 0xFFFF, 0xFFFF, 0xFFFF, 0xFFFF,
    0xEF5D, 0x528A, 0x2104, 0x0000, 0x1082, 0x0000, 0x0000, 0x3186, 0x528A, 0x4208, 0x73AE, 0xFFFF,
    0xFFFF, 0xFFFF, 0xFFFF, 0xFFFF, 0xE71C, 0x8430, 0xE71C, 0xFFFF, 0xEF5D, 0xEF5D, 0xE71C, 0x528A,
    0x630C, 0xFFFF, 0xFFFF, 0xFFFF, 0xFFFF, 0xEF5D, 0xFFFF, 0xFFFF, 0xFFFF, 0xFFFF, 0xFFFF, 0xFFFF,
    0xFFFF, 0xFFFF, 0xFFFF, 0xFFFF, 0xFFFF, 0xFFFF, 0xFFFF, 0xFFFF, 0xFFFF, 0xFFFF, 0x4208, 0x0000,
    0x0000, 0x73AE, 0xFFFF, 0xFFFF, 0xE71C, 0x3186, 0x0000, 0x0000, 0xF81F, 0xF81F, 0xF81F, 0xF81F,
    0xF81F, 0xF81F, 0xF81F, 0xF81F, 0xF81F, 0xF81F, 0xF81F, 0xF81F, 0xF81F, 0xF81F, 0xF81F, 0xF81F,
    0xF81F, 0xF81F, 0xF81F, 0xF81F, 0xF81F, 0xF81F, 0xF81F, 0xF81F, 0xF81F, 0xF81F, 0xF81F, 0xF81F,
    0xF81F, 0xF81F, 0xF81F, 0xF81F, 0xF81F, 0xF81F, 0xF81F, 0xF81F, 0xF81F, 0xF81F, 0xF81F, 0xF81F,
    0xF81F, 0xF81F, 0xF81F, 0xF81F, 0xF81F, 0xF81F, 0xF81F, 0xF81F, 0xF81F, 0xF81F, 0xF81F, 0xF81F,
    0xF81F, 0xF81F, 0xF81F, 0xF81F, 0xF81F, 0xF81F, 0xF81F, 0xF81F, 0xF81F, 0xF81F, 0xF81F, 0x0000,
    0x0000, 0x0000, 0x0000, 0x1082, 0x3186, 0x528A, 0x73AE, 0x8430, 0xFFFF, 0xEF5D, 0xFFFF, 0xFFFF,
    0xFFFF, 0xFFFF, 0xFFFF, 0xFFFF, 0xFFFF, 0xFFFF, 0xFFFF, 0xFFFF, 0xFFFF, 0x73AE, 0x3186, 0x630C,
    0x2104, 0x0000, 0x0000, 0x1082, 0x1082, 0x0000, 0x630C, 0xFFFF, 0xFFFF, 0xFFFF, 0xFFFF, 0xFFFF,
    0xFFFF, 0xFFFF, 0x630C, 0x4208, 0x8430, 0xFFFF, 0x8430, 0x1082, 0x0000, 0x73AE, 0xEF5D, 0xEF5D,
    0xE71C, 0x630C, 0x630C, 0xFFFF, 0xFFFF, 0xFFFF, 0xFFFF, 0xFFFF, 0xFFFF, 0xFFFF, 0xFFFF, 0xFFFF,
    0xFFFF, 0xFFFF, 0xFFFF, 0xFFFF, 0xFFFF, 0xFFFF, 0xE71C, 0x2104, 0x0000, 0x1082, 0xE71C, 0xFFFF,
    0xFFFF, 0x8430, 0x1082, 0x0000, 0x0000, 0xF81F, 0xF81F, 0xF81F, 0xF81F, 0xF81F, 0xF81F, 0xF81F,
    0xF81F, 0xF81F, 0xF81F, 0xF81F, 0xF81F, 0xF81F, 0xF81F, 0xF81F, 0xF81F, 0xF81F, 0xF81F, 0xF81F,
    0xF81F, 0xF81F, 0xF81F, 0xF81F, 0xF81F, 0xF81F, 0xF81F, 0xF81F, 0xF81F, 0xF81F, 0xF81F, 0xF81F,
    0xF81F, 0xF81F, 0xF81F, 0xF81F, 0xF81F, 0xF81F, 0xF81F, 0xF81F, 0xF81F, 0xF81F, 0xF81F, 0xF81F,
    0xF81F, 0xF81F, 0xF81F, 0xF81F, 0xF81F, 0xF81F, 0xF81F, 0xF81F, 0xF81F, 0xF81F, 0xF81F, 0xF81F,
    0xF81F, 0xF81F, 0xF81F, 0x0000, 0x0000, 0x0000, 0x0000, 0x0000, 0x0000, 0x0000, 0x1082, 0x4208,
    0x630C, 0xE71C, 0xEF5D, 0xEF5D, 0xFFFF, 0xFFFF, 0xFFFF, 0xFFFF, 0xFFFF, 0xFFFF, 0xFFFF, 0xFFFF,
    0xFFFF, 0xFFFF, 0xFFFF, 0xFFFF, 0xFFFF, 0xFFFF, 0xE71C, 0x528A, 0x0000, 0x0000, 0x0000, 0x3186,
    0x630C, 0xE71C, 0x8430, 0x528A, 0x8430, 0xFFFF, 0xFFFF, 0xFFFF, 0xFFFF, 0xFFFF, 0x73AE, 0x0000,
    0x2104, 0x8430, 0xFFFF, 0x73AE, 0x0000, 0x1082, 0x528A, 0x4208, 0x2104, 0x1082, 0x0000, 0x528A,
    0xFFFF, 0xFFFF, 0xFFFF, 0xFFFF, 0xFFFF, 0xFFFF, 0xFFFF, 0xFFFF, 0xFFFF, 0xFFFF, 0xFFFF, 0xFFFF,
    0xFFFF, 0xFFFF, 0xFFFF, 0xE71C, 0x1082, 0x0000, 0x3186, 0xFFFF, 0xFFFF, 0xFFFF, 0x73AE, 0x0000,
    0x0000, 0x0000, 0xF81F, 0xF81F, 0xF81F, 0xF81F, 0xF81F, 0xF81F, 0xF81F, 0xF81F, 0xF81F, 0xF81F,
    0xF81F, 0xF81F, 0xF81F, 0xF81F, 0xF81F, 0xF81F, 0xF81F, 0xF81F, 0xF81F, 0xF81F, 0xF81F, 0xF81F,
    0xF81F, 0xF81F, 0xF81F, 0xF81F, 0xF81F, 0xF81F, 0xF81F, 0xF81F, 0xF81F, 0xF81F, 0xF81F, 0xF81F,
    0xF81F, 0xF81F, 0xF81F, 0xF81F, 0xF81F, 0xF81F, 0xF81F, 0xF81F, 0xF81F, 0xF81F, 0xF81F, 0xF81F,
    0xF81F, 0xF81F, 0xF81F, 0xF81F, 0xF81F, 0xF81F, 0xF81F, 0xF81F, 0x0000, 0x0000, 0x0000, 0x0000,
    0x0000, 0x0000, 0x0000, 0x0000, 0x0000, 0x0000, 0x0000, 0x1082, 0x1082, 0x2104, 0x3186, 0x630C,
    0xE71C, 0xFFFF, 0xFFFF, 0xFFFF, 0xFFFF, 0xFFFF, 0xFFFF, 0xFFFF, 0xFFFF, 0xFFFF, 0xFFFF, 0xFFFF,
    0xFFFF, 0xFFFF, 0xFFFF, 0x8430, 0x4208, 0x630C, 0xE71C, 0xE71C, 0xFFFF, 0xEF5D, 0xE71C, 0x2104,
    0x1082, 0x8430, 0xFFFF, 0xFFFF, 0xFFFF, 0xFFFF, 0xFFFF, 0x528A, 0x0000, 0x2104, 0xE71C, 0x73AE,
    0x2104, 0x0000, 0x0000, 0x0000, 0x0000, 0x0000, 0x2104, 0x630C, 0xFFFF, 0xFFFF, 0xFFFF, 0xFFFF,
    0xFFFF, 0xFFFF, 0xFFFF, 0xFFFF, 0xFFFF, 0xFFFF, 0xFFFF, 0xFFFF, 0xFFFF, 0xFFFF, 0xFFFF, 0xFFFF,
    0x73AE, 0x1082, 0x0000, 0x4208, 0xFFFF, 0xFFFF, 0xFFFF, 0x528A, 0x0000, 0x0000, 0xF81F, 0xF81F,
    0xF81F, 0xF81F, 0xF81F, 0xF81F, 0xF81F, 0xF81F, 0xF81F, 0xF81F, 0xF81F, 0xF81F, 0xF81F, 0xF81F,
    0xF81F, 0xF81F, 0xF81F, 0xF81F, 0xF81F, 0xF81F, 0xF81F, 0xF81F, 0xF81F, 0xF81F, 0xF81F, 0xF81F,
    0xF81F, 0xF81F, 0xF81F, 0xF81F, 0xF81F, 0xF81F, 0xF81F, 0xF81F, 0xF81F, 0xF81F, 0xF81F, 0xF81F,
    0xF81F, 0xF81F, 0xF81F, 0xF81F, 0xF81F, 0xF81F, 0xF81F, 0xF81F, 0xF81F, 0xF81F, 0xF81F, 0xF81F,
    0xF81F, 0x0000, 0x0000, 0x0000, 0x0000, 0x0000, 0x0000, 0x2104, 0x4208, 0x4208, 0x630C, 0x73AE,
    0x528A, 0x4208, 0x3186, 0x2104, 0x0000, 0x0000, 0x0000, 0x1082, 0x1082, 0x4208, 0x8430, 0xFFFF,
    0xFFFF, 0xFFFF, 0xFFFF, 0xFFFF, 0xFFFF, 0xFFFF, 0xFFFF, 0xFFFF, 0xFFFF, 0xFFFF, 0xFFFF, 0xFFFF,
    0xE71C, 0x73AE, 0x3186, 0x73AE, 0x630C, 0x3186, 0x1082, 0x0000, 0x0000, 0x1082, 0x8430, 0xFFFF,
    0xFFFF, 0xFFFF, 0xFFFF, 0xE71C, 0x528A, 0x0000, 0x1082, 0x1082, 0x0000, 0x0000, 0x0000, 0x1082,
    0x528A, 0x8430, 0xE71C, 0xFFFF, 0xFFFF, 0xFFFF, 0xFFFF, 0xFFFF, 0xFFFF, 0xFFFF, 0xFFFF, 0xFFFF,
    0xFFFF, 0xFFFF, 0xFFFF, 0xFFFF, 0xFFFF, 0xFFFF, 0xFFFF, 0xFFFF, 0xFFFF, 0x528A, 0x0000, 0x0000,
    0x8430, 0xFFFF, 0xFFFF, 0xE71C, 0x3186, 0x0000, 0x0000, 0xF81F, 0xF81F, 0xF81F, 0xF81F, 0xF81F,
    0xF81F, 0xF81F, 0xF81F, 0xF81F, 0xF81F, 0xF81F, 0xF81F, 0xF81F, 0xF81F, 0xF81F, 0xF81F, 0xF81F,
    0xF81F, 0xF81F, 0xF81F, 0xF81F, 0xF81F, 0xF81F, 0xF81F, 0xF81F, 0xF81F, 0xF81F, 0xF81F, 0xF81F,
    0xF81F, 0xF81F, 0xF81F, 0xF81F, 0xF81F, 0xF81F, 0xF81F, 0xF81F, 0xF81F, 0xF81F, 0xF81F, 0xF81F,
    0xF81F, 0xF81F, 0xF81F, 0xF81F, 0xF81F, 0xF81F, 0xF81F, 0x0000, 0x0000, 0x0000, 0x0000, 0x0000,
    0x4208, 0x73AE, 0xE71C, 0xE71C, 0xE71C, 0xFFFF, 0xFFFF, 0xFFFF, 0xFFFF, 0xFFFF, 0xE71C, 0xE71C,
    0xE71C, 0x73AE, 0x4208, 0x1082, 0x0000, 0x0000, 0x1082, 0x3186, 0x8430, 0xFFFF, 0xFFFF, 0xFFFF,
    0xFFFF, 0xFFFF, 0xFFFF, 0xFFFF, 0xFFFF, 0xFFFF, 0xFFFF, 0xFFFF, 0xFFFF, 0xE71C, 0x3186, 0x1082,
    0x0000, 0x1082, 0x4208, 0x8430, 0xE71C, 0x528A, 0x73AE, 0xFFFF, 0xFFFF, 0xFFFF, 0xFFFF, 0xFFFF,
    0xE71C, 0x3186, 0x0000, 0x0000, 0x1082, 0x528A, 0x8430, 0xFFFF, 0xFFFF, 0xFFFF, 0xFFFF, 0xFFFF,
    0xFFFF, 0xFFFF, 0xFFFF, 0xFFFF, 0xFFFF, 0xFFFF, 0xFFFF, 0xFFFF, 0xFFFF, 0xFFFF, 0xFFFF, 0xFFFF,
    0xFFFF, 0xFFFF, 0xFFFF, 0xFFFF, 0xFFFF, 0xFFFF, 0x2104, 0x0000, 0x2104, 0xFFFF, 0xFFFF, 0xFFFF,
    0x73AE, 0x0000, 0x0000, 0x0000, 0xF81F, 0xF81F, 0xF81F, 0xF81F, 0xF81F, 0xF81F, 0xF81F, 0xF81F,
    0xF81F, 0xF81F, 0xF81F, 0xF81F, 0xF81F, 0xF81F, 0xF81F, 0xF81F, 0xF81F, 0xF81F, 0xF81F, 0xF81F,
    0xF81F, 0xF81F, 0xF81F, 0xF81F, 0xF81F, 0xF81F, 0xF81F, 0xF81F, 0xF81F, 0xF81F, 0xF81F, 0xF81F,
    0xF81F, 0xF81F, 0xF81F, 0xF81F, 0xF81F, 0xF81F, 0xF81F, 0xF81F, 0xF81F, 0xF81F, 0xF81F, 0xF81F,
    0xF81F, 0xF81F, 0x0000, 0x0000, 0x0000, 0x0000, 0x4208, 0xE71C, 0xFFFF, 0xFFFF, 0xFFFF, 0xFFFF,
    0xFFFF, 0xFFFF, 0xFFFF, 0xFFFF, 0xFFFF, 0xFFFF, 0xFFFF, 0xFFFF, 0xFFFF, 0xFFFF, 0xFFFF, 0xE71C,
    0x630C, 0x3186, 0x0000, 0x0000, 0x0000, 0x4208, 0xE71C, 0xFFFF, 0xFFFF, 0xFFFF, 0xFFFF, 0xFFFF,
    0xFFFF, 0xFFFF, 0xFFFF, 0xFFFF, 0xFFFF, 0xFFFF, 0xE71C, 0x2104, 0x1082, 0x8430, 0xFFFF, 0xFFFF,
    0xFFFF, 0xE71C, 0x630C, 0x528A, 0xE71C, 0xFFFF, 0xFFFF, 0xFFFF, 0xFFFF, 0xE71C, 0x528A, 0x8430,
    0xFFFF, 0xFFFF, 0xFFFF, 0xFFFF, 0xE71C, 0xE71C, 0xFFFF, 0xFFFF, 0xFFFF, 0xFFFF, 0xFFFF, 0xFFFF,
    0xFFFF, 0xFFFF, 0xFFFF, 0xFFFF, 0xFFFF, 0xFFFF, 0xFFFF, 0xFFFF, 0xFFFF, 0xFFFF, 0xFFFF, 0xFFFF,
    0xFFFF, 0xFFFF, 0x8430, 0x0000, 0x0000, 0x630C, 0xFFFF, 0xFFFF, 0xFFFF, 0x528A, 0x0000, 0x0000,
    0xF81F, 0xF81F, 0xF81F, 0xF81F, 0xF81F, 0xF81F, 0xF81F, 0xF81F, 0xF81F, 0xF81F, 0xF81F, 0xF81F,
    0xF81F, 0xF81F, 0xF81F, 0xF81F, 0xF81F, 0xF81F, 0xF81F, 0xF81F, 0xF81F, 0xF81F, 0xF81F, 0xF81F,
    0xF81F, 0xF81F, 0xF81F, 0xF81F, 0xF81F, 0xF81F, 0xF81F, 0xF81F, 0xF81F, 0xF81F, 0xF81F, 0xF81F,
    0xF81F, 0xF81F, 0xF81F, 0xF81F, 0xF81F, 0xF81F, 0xF81F, 0xF81F, 0xF81F, 0x0000, 0x0000, 0x0000,
    0x3186, 0x8430, 0xFFFF, 0xFFFF, 0xFFFF, 0xFFFF, 0xFFFF, 0xFFFF, 0xFFFF, 0xFFFF, 0xFFFF, 0xFFFF,
    0xFFFF, 0xFFFF, 0xFFFF, 0xFFFF, 0xFFFF, 0xFFFF, 0xFFFF, 0xFFFF, 0xFFFF, 0xFFFF, 0x8430, 0x2104,
    0x0000, 0x0000, 0x1082, 0x630C, 0xFFFF, 0xFFFF, 0xFFFF, 0xFFFF, 0xFFFF, 0xFFFF, 0xFFFF, 0xFFFF,
    0xFFFF, 0xFFFF, 0xFFFF, 0xE71C, 0x630C, 0xE71C, 0xFFFF, 0x8430, 0x3186, 0x0000, 0x0000, 0x0000,
    0x630C, 0xE71C, 0xFFFF, 0xFFFF, 0xFFFF, 0xFFFF, 0xFFFF, 0xE71C, 0x8430, 0x8430, 0xEF5D, 0x8430,
    0x2104, 0x1082, 0x8430, 0xFFFF, 0xFFFF, 0xFFFF, 0xE71C, 0xFFFF, 0xFFFF, 0xFFFF, 0xFFFF, 0xFFFF,
    0xFFFF, 0xFFFF, 0xFFFF, 0xFFFF, 0xFFFF, 0xFFFF, 0xFFFF, 0xFFFF, 0xFFFF, 0xFFFF, 0xFFFF, 0x528A,
    0x0000, 0x1082, 0xE71C, 0xFFFF, 0xFFFF, 0x8430, 0x1082, 0x0000, 0x0000, 0xF81F, 0xF81F, 0xF81F,
    0xF81F, 0xF81F, 0xF81F, 0xF81F, 0xF81F, 0xF81F, 0xF81F, 0xF81F, 0xF81F, 0xF81F, 0xF81F, 0xF81F,
    0xF81F, 0xF81F, 0xF81F, 0xF81F, 0xF81F, 0xF81F, 0xF81F, 0xF81F, 0xF81F, 0xF81F, 0xF81F, 0xF81F,
    0xF81F, 0xF81F, 0xF81F, 0xF81F, 0xF81F, 0xF81F, 0xF81F, 0xF81F, 0xF81F, 0xF81F, 0xF81F, 0xF81F,
    0xF81F, 0xF81F, 0xF81F, 0xF81F, 0x0000, 0x0000, 0x1082, 0x528A, 0xFFFF, 0xFFFF, 0xFFFF, 0xFFFF,
    0xFFFF, 0xFFFF, 0xFFFF, 0xFFFF, 0xFFFF, 0xFFFF, 0xFFFF, 0xFFFF, 0xFFFF, 0xFFFF, 0xFFFF, 0xFFFF,
    0xFFFF, 0xFFFF, 0xFFFF, 0xFFFF, 0xFFFF, 0xFFFF, 0xFFFF, 0xFFFF, 0x630C, 0x2104, 0x0000, 0x0000,
    0x4208, 0xE71C, 0xFFFF, 0xFFFF, 0xFFFF, 0xFFFF, 0xFFFF, 0xFFFF, 0xFFFF, 0xFFFF, 0xFFFF, 0xFFFF,
    0xFFFF, 0x8430, 0x2104, 0x630C, 0x528A, 0x1082, 0x73AE, 0x528A, 0x0000, 0x630C, 0xFFFF, 0xFFFF,
    0xFFFF, 0xFFFF, 0xFFFF, 0x73AE, 0x0000, 0x2104, 0xE71C, 0xFFFF, 0x528A, 0x0000, 0x4208, 0xE71C,
    0xE71C, 0x73AE, 0x4208, 0x4208, 0xFFFF, 0xFFFF, 0xFFFF, 0xFFFF, 0xFFFF, 0xFFFF, 0xFFFF, 0xFFFF,
    0xFFFF, 0xFFFF, 0xFFFF, 0xFFFF, 0xFFFF, 0xFFFF, 0xFFFF, 0xE71C, 0x1082, 0x0000, 0x4208, 0xFFFF,
    0xFFFF, 0xFFFF, 0x528A, 0x0000, 0x0000, 0xF81F, 0xF81F, 0xF81F, 0xF81F, 0xF81F, 0xF81F, 0xF81F,
    0xF81F, 0xF81F, 0xF81F, 0xF81F, 0xF81F, 0xF81F, 0xF81F, 0xF81F, 0xF81F, 0xF81F, 0xF81F, 0xF81F,
    0xF81F, 0xF81F, 0xF81F, 0xF81F, 0xF81F, 0xF81F, 0xF81F, 0xF81F, 0xF81F, 0xF81F, 0xF81F, 0xF81F,
    0xF81F, 0xF81F, 0xF81F, 0xF81F, 0xF81F, 0xF81F, 0xF81F, 0xF81F, 0xF81F, 0xF81F, 0xF81F, 0x0000,
    0x0000, 0x1082, 0x73AE, 0xFFFF, 0xFFFF, 0xFFFF, 0xFFFF, 0xFFFF, 0xFFFF, 0xFFFF, 0xFFFF, 0xFFFF,
    0xFFFF, 0xFFFF, 0xFFFF, 0xFFFF, 0xFFFF, 0xFFFF, 0xFFFF, 0xFFFF, 0xFFFF, 0xFFFF, 0xFFFF, 0xFFFF,
    0xFFFF, 0xFFFF, 0xFFFF, 0xFFFF, 0xFFFF, 0xE71C, 0x4208, 0x1082, 0x0000, 0x3186, 0x8430, 0xFFFF,
    0xFFFF, 0xFFFF, 0xFFFF, 0xFFFF, 0xFFFF, 0xFFFF, 0xFFFF, 0xFFFF, 0xFFFF, 0x73AE, 0x0000, 0x4208,
    0x8430, 0x73AE, 0x630C, 0x2104, 0x0000, 0x528A, 0xFFFF, 0xFFFF, 0xFFFF, 0xFFFF, 0xFFFF, 0xE71C,
    0x3186, 0x0000, 0x528A, 0xEF5D, 0x8430, 0x2104, 0x0000, 0x3186, 0x1082, 0x0000, 0x0000, 0x0000,
    0x73AE, 0xFFFF, 0xFFFF, 0xFFFF, 0xFFFF, 0xFFFF, 0xFFFF, 0xFFFF, 0xFFFF, 0xFFFF, 0xFFFF, 0xFFFF,
    0xFFFF, 0xFFFF, 0xFFFF, 0xFFFF, 0x630C, 0x0000, 0x1082, 0xE71C, 0xFFFF, 0xFFFF, 0x73AE, 0x1082,
    0x0000, 0x0000, 0xF81F, 0xF81F, 0xF81F, 0xF81F, 0xF81F, 0xF81F, 0xF81F, 0xF81F, 0xF81F, 0xF81F,
    0xF81F, 0xF81F, 0xF81F, 0xF81F, 0xF81F, 0xF81F, 0xF81F, 0xF81F, 0xF81F, 0xF81F, 0xF81F, 0xF81F,
    0xF81F, 0xF81F, 0xF81F, 0xF81F, 0xF81F, 0xF81F, 0xF81F, 0xF81F, 0xF81F, 0xF81F, 0xF81F, 0xF81F,
    0xF81F, 0xF81F, 0xF81F, 0xF81F, 0xF81F, 0xF81F, 0x0000, 0x0000, 0x1082, 0x73AE, 0xFFFF, 0xFFFF,
    0xFFFF, 0xFFFF, 0xFFFF, 0xFFFF, 0xFFFF, 0xFFFF, 0xFFFF, 0xFFFF, 0xFFFF, 0xFFFF, 0xFFFF, 0xFFFF,
    0xFFFF, 0xFFFF, 0xFFFF, 0xFFFF, 0xFFFF, 0xFFFF, 0xFFFF, 0xFFFF, 0xFFFF, 0xFFFF, 0xFFFF, 0xFFFF,
    0xFFFF, 0xFFFF, 0xFFFF, 0x630C, 0x1082, 0x0000, 0x1082, 0x73AE, 0xFFFF, 0xFFFF, 0xFFFF, 0xFFFF,
    0xFFFF, 0xFFFF, 0xFFFF, 0xFFFF, 0xFFFF, 0xE71C, 0x4208, 0x1082, 0x2104, 0x1082, 0x1082, 0x2104,
    0x528A, 0xE71C, 0xE71C, 0xFFFF, 0xFFFF, 0xFFFF, 0xFFFF, 0xFFFF, 0x8430, 0x1082, 0x1082, 0x528A,
    0x528A, 0x1082, 0x0000, 0x0000, 0x0000, 0x1082, 0x2104, 0x4208, 0x8430, 0xFFFF, 0xFFFF, 0xFFFF,
    0xFFFF, 0xFFFF, 0xFFFF, 0xFFFF, 0xFFFF, 0xFFFF, 0xFFFF, 0xFFFF, 0xFFFF, 0xFFFF, 0xFFFF, 0xFFFF,
    0xE71C, 0x1082, 0x0000, 0x4208, 0xEF5D, 0xFFFF, 0xE71C, 0x4208, 0x0000, 0x0000, 0xF81F, 0xF81F,
    0xF81F, 0xF81F, 0xF81F, 0xF81F, 0xF81F, 0xF81F, 0xF81F, 0xF81F, 0xF81F, 0xF81F, 0xF81F, 0xF81F,
    0xF81F, 0xF81F, 0xF81F, 0xF81F, 0xF81F, 0xF81F, 0xF81F, 0xF81F, 0xF81F, 0xF81F, 0xF81F, 0xF81F,
    0xF81F, 0xF81F, 0xF81F, 0xF81F, 0xF81F, 0xF81F, 0xF81F, 0xF81F, 0xF81F, 0xF81F, 0xF81F, 0xF81F,
    0xF81F, 0x0000, 0x0000, 0x1082, 0x8430, 0xEF5D, 0xFFFF, 0xFFFF, 0xFFFF, 0xFFFF, 0xFFFF, 0xFFFF,
    0xFFFF, 0xFFFF, 0xFFFF, 0xFFFF, 0xFFFF, 0xFFFF, 0xFFFF, 0xFFFF, 0xFFFF, 0xFFFF, 0xFFFF, 0xFFFF,
    0xFFFF, 0xFFFF, 0xFFFF, 0xFFFF, 0xFFFF, 0xFFFF, 0xFFFF, 0xFFFF, 0xFFFF, 0xFFFF, 0xFFFF, 0xEF5D,
    0x73AE, 0x2104, 0x0000, 0x1082, 0x73AE, 0xFFFF, 0xFFFF, 0xFFFF, 0xFFFF, 0xFFFF, 0xFFFF, 0xFFFF,
    0xFFFF, 0xFFFF, 0xFFFF, 0x630C, 0x528A, 0x630C, 0x8430, 0xEF5D, 0xEF5D, 0xFFFF, 0x2104, 0x630C,
    0xFFFF, 0xFFFF, 0xFFFF, 0xFFFF, 0xFFFF, 0x630C, 0x0000, 0x0000, 0x0000, 0x0000, 0x1082, 0x2104,
    0x4208, 0x8430, 0xFFFF, 0xFFFF, 0xFFFF, 0xFFFF, 0xFFFF, 0xFFFF, 0xFFFF, 0xFFFF, 0xFFFF, 0xFFFF,
    0xFFFF, 0xFFFF, 0xFFFF, 0xFFFF, 0xFFFF, 0xFFFF, 0xFFFF, 0xFFFF, 0xFFFF, 0x630C, 0x0000, 0x2104,
    0xFFFF, 0xFFFF, 0xEF5D, 0x73AE, 0x0000, 0x0000, 0xF81F, 0xF81F, 0xF81F, 0xF81F, 0xF81F, 0xF81F,
    0xF81F, 0xF81F, 0xF81F, 0xF81F, 0xF81F, 0xF81F, 0xF81F, 0xF81F, 0xF81F, 0xF81F, 0xF81F, 0xF81F,
    0xF81F, 0xF81F, 0xF81F, 0xF81F, 0xF81F, 0xF81F, 0xF81F, 0xF81F, 0xF81F, 0xF81F, 0xF81F, 0xF81F,
    0xF81F, 0xF81F, 0xF81F, 0xF81F, 0xF81F, 0xF81F, 0xF81F, 0xF81F, 0x0000, 0x0000, 0x1082, 0x73AE,
    0xFFFF, 0xFFFF, 0xFFFF, 0xFFFF, 0xFFFF, 0xFFFF, 0xFFFF, 0xFFFF, 0xFFFF, 0xFFFF, 0xFFFF, 0xFFFF,
    0xFFFF, 0xFFFF, 0xFFFF, 0xFFFF, 0xFFFF, 0xFFFF, 0xFFFF, 0xFFFF, 0xFFFF, 0xFFFF, 0xFFFF, 0xFFFF,
    0xFFFF, 0xFFFF, 0xFFFF, 0xFFFF, 0xFFFF, 0xFFFF, 0xFFFF, 0xFFFF, 0xEF5D, 0x8430, 0x2104, 0x0000,
    0x1082, 0x73AE, 0xFFFF, 0xFFFF, 0xFFFF, 0xFFFF, 0xFFFF, 0xFFFF, 0xFFFF, 0xFFFF, 0xFFFF, 0xEF5D,
    0xE71C, 0x8430, 0xFFFF, 0xE71C, 0x73AE, 0x630C, 0x0000, 0x0000, 0xE71C, 0xFFFF, 0xFFFF, 0xFFFF,
    0xFFFF, 0xE71C, 0x2104, 0x1082, 0x3186, 0x4208, 0x73AE, 0xFFFF, 0xFFFF, 0x8430, 0x630C, 0x528A,
    0x528A, 0x73AE, 0xE71C, 0xFFFF, 0xFFFF, 0xFFFF, 0xFFFF, 0xFFFF, 0xFFFF, 0xFFFF, 0xFFFF, 0xFFFF,
    0xFFFF, 0xFFFF, 0xFFFF, 0xFFFF, 0xFFFF, 0xE71C, 0x1082, 0x1082, 0x630C, 0xEF5D, 0xFFFF, 0xE71C,
    0x2104, 0x0000, 0x0000, 0xF81F, 0xF81F, 0xF81F, 0xF81F, 0xF81F, 0xF81F, 0xF81F, 0xF81F, 0xF81F,
    0xF81F, 0xF81F, 0xF81F, 0xF81F, 0xF81F, 0xF81F, 0xF81F, 0xF81F, 0xF81F, 0xF81F, 0xF81F, 0xF81F,
    0xF81F, 0xF81F, 0xF81F, 0xF81F, 0xF81F, 0xF81F, 0xF81F, 0xF81F, 0xF81F, 0xF81F, 0xF81F, 0xF81F,
    0xF81F, 0xF81F, 0xF81F, 0x0000, 0x0000, 0x1082, 0x630C, 0xFFFF, 0xFFFF, 0xFFFF, 0xFFFF, 0xFFFF,
    0xFFFF, 0xFFFF, 0xFFFF, 0xFFFF, 0xFFFF, 0xFFFF, 0xFFFF, 0xFFFF, 0xFFFF, 0xFFFF, 0xFFFF, 0xFFFF,
    0xFFFF, 0xFFFF, 0xFFFF, 0xFFFF, 0xFFFF, 0xFFFF, 0xFFFF, 0xFFFF, 0xFFFF, 0xFFFF, 0xFFFF, 0xFFFF,
    0xFFFF, 0xFFFF, 0xFFFF, 0xFFFF, 0xFFFF, 0xEF5D, 0x8430, 0x2104, 0x0000, 0x1082, 0x73AE, 0xFFFF,
    0xFFFF, 0xFFFF, 0xFFFF, 0xFFFF, 0xFFFF, 0xFFFF, 0xFFFF, 0xEF5D, 0x630C, 0x1082, 0x4208, 0x3186,
    0x0000, 0x0000, 0x2104, 0x1082, 0x3186, 0xFFFF, 0xFFFF, 0xFFFF, 0xFFFF, 0xFFFF, 0x8430, 0x73AE,
    0xFFFF, 0xFFFF, 0x8430, 0x630C, 0x3186, 0x0000, 0x0000, 0x0000, 0x0000, 0x0000, 0x528A, 0xFFFF,
    0xFFFF, 0xFFFF, 0xFFFF, 0xFFFF, 0xFFFF, 0xFFFF, 0xFFFF, 0xFFFF, 0xFFFF, 0xFFFF, 0xFFFF, 0xFFFF,
    0xFFFF, 0xFFFF, 0x4208, 0x0000, 0x3186, 0xFFFF, 0xFFFF, 0xFFFF, 0x4208, 0x0000, 0x0000, 0xF81F,
    0xF81F, 0xF81F, 0xF81F, 0xF81F, 0xF81F, 0xF81F, 0xF81F, 0xF81F, 0xF81F, 0xF81F, 0xF81F, 0xF81F,
    0xF81F, 0xF81F, 0xF81F, 0xF81F, 0xF81F, 0xF81F, 0xF81F, 0xF81F, 0xF81F, 0xF81F, 0xF81F, 0xF81F,
    0xF81F, 0xF81F, 0xF81F, 0xF81F, 0xF81F, 0xF81F, 0xF81F, 0xF81F, 0xF81F, 0xF81F, 0x0000, 0x0000,
    0x0000, 0x4208, 0xFFFF, 0xFFFF, 0xFFFF, 0xFFFF, 0xFFFF, 0xFFFF, 0xFFFF, 0xFFFF, 0xFFFF, 0xFFFF,
    0xFFFF, 0xFFFF, 0xFFFF, 0xFFFF, 0xFFFF, 0xFFFF, 0xFFFF, 0xFFFF, 0xFFFF, 0xFFFF, 0xFFFF, 0xFFFF,
    0xFFFF, 0xFFFF, 0xFFFF, 0xFFFF, 0xFFFF, 0xFFFF, 0xFFFF, 0xFFFF, 0xFFFF, 0xFFFF, 0xFFFF, 0xFFFF,
    0xFFFF, 0xFFFF, 0xEF5D, 0x8430, 0x2104, 0x0000, 0x1082, 0x8430, 0xFFFF, 0xFFFF, 0xFFFF, 0xFFFF,
    0xFFFF, 0xFFFF, 0xFFFF, 0xFFFF, 0xE71C, 0x2104, 0x0000, 0x1082, 0x528A, 0x73AE, 0xE71C, 0x73AE,
    0x630C, 0xEF5D, 0xFFFF, 0xFFFF, 0xFFFF, 0xFFFF, 0xEF5D, 0xE71C, 0x528A, 0x3186, 0x1082, 0x0000,
    0x0000, 0x0000, 0x3186, 0x4208, 0x4208, 0x1082, 0x1082, 0x8430, 0xFFFF, 0xFFFF, 0xFFFF, 0xFFFF,
    0xFFFF, 0xFFFF, 0xFFFF, 0xFFFF, 0xFFFF, 0xFFFF, 0xFFFF, 0xFFFF, 0xFFFF, 0xFFFF, 0x8430, 0x0000,
    0x1082, 0x8430, 0xFFFF, 0xEF5D, 0x630C, 0x0000, 0x0000, 0xF81F, 0xF81F, 0xF81F, 0xF81F, 0xF81F,
    0xF81F, 0xF81F, 0xF81F, 0xF81F, 0xF81F, 0xF81F, 0xF81F, 0xF81F, 0xF81F, 0xF81F, 0xF81F, 0xF81F,
    0xF81F, 0xF81F, 0xF81F, 0xF81F, 0xF81F, 0xF81F, 0xF81F, 0xF81F, 0xF81F, 0xF81F, 0xF81F, 0xF81F,
    0xF81F, 0xF81F, 0xF81F, 0xF81F, 0xF81F, 0xF81F, 0x0000, 0x0000, 0x2104, 0xE71C, 0xFFFF, 0xFFFF,
    0xFFFF, 0xFFFF, 0xFFFF, 0xFFFF, 0xFFFF, 0xFFFF, 0xFFFF, 0xFFFF, 0xFFFF, 0xFFFF, 0xFFFF, 0xFFFF,
    0xFFFF, 0xFFFF, 0xFFFF, 0xFFFF, 0xFFFF, 0xFFFF, 0xFFFF, 0xFFFF, 0xFFFF, 0xFFFF, 0xFFFF, 0xFFFF,
    0xFFFF, 0xFFFF, 0xFFFF, 0xFFFF, 0xFFFF, 0xFFFF, 0xFFFF, 0xFFFF, 0xFFFF, 0xFFFF, 0xFFFF, 0xEF5D,
    0x8430, 0x1082, 0x0000, 0x2104, 0xE71C, 0xFFFF, 0xFFFF, 0xFFFF, 0xFFFF, 0xFFFF, 0xFFFF, 0xFFFF,
    0xEF5D, 0x73AE, 0x0000, 0x528A, 0xEF5D, 0xEF5D, 0xEF5D, 0xEF5D, 0xFFFF, 0x528A, 0xFFFF, 0xFFFF,
    0xFFFF, 0xFFFF, 0xEF5D, 0x73AE, 0x0000, 0x0000, 0x0000, 0x3186, 0x528A, 0x73AE, 0xE71C, 0xEF5D,
    0xEF5D, 0x3186, 0x0000, 0x528A, 0xEF5D, 0xFFFF, 0xFFFF, 0xFFFF, 0xFFFF, 0xFFFF, 0xFFFF, 0xFFFF,
    0xFFFF, 0xFFFF, 0xFFFF, 0xFFFF, 0xFFFF, 0xFFFF, 0xE71C, 0x1082, 0x0000, 0x528A, 0xEF5D, 0xFFFF,
    0x8430, 0x2104, 0x0000, 0x0000, 0xF81F, 0xF81F, 0xF81F, 0xF81F, 0xF81F, 0xF81F, 0xF81F, 0xF81F,
    0xF81F, 0xF81F, 0xF81F, 0xF81F, 0xF81F, 0xF81F, 0xF81F, 0xF81F, 0xF81F, 0xF81F, 0xF81F, 0xF81F,
    0xF81F, 0xF81F, 0xF81F, 0xF81F, 0xF81F, 0xF81F, 0xF81F, 0xF81F, 0xF81F, 0xF81F, 0xF81F, 0xF81F,
    0xF81F, 0x0000, 0x0000, 0x1082, 0x630C, 0xEF5D, 0xFFFF, 0xFFFF, 0xFFFF, 0xFFFF, 0xFFFF, 0xFFFF,
    0xFFFF, 0xFFFF, 0xFFFF, 0xFFFF, 0xFFFF, 0xFFFF, 0xFFFF, 0xFFFF, 0xFFFF, 0xFFFF, 0xFFFF, 0xFFFF,
    0xFFFF, 0xFFFF, 0xFFFF, 0xFFFF, 0xFFFF, 0xFFFF, 0xFFFF, 0xFFFF, 0xFFFF, 0xFFFF, 0xFFFF, 0xFFFF,
    0xFFFF, 0xFFFF, 0xFFFF, 0xFFFF, 0xFFFF, 0xFFFF, 0xFFFF, 0xFFFF, 0xFFFF, 0x73AE, 0x1082, 0x0000,
    0x4208, 0xFFFF, 0xFFFF, 0xFFFF, 0xFFFF, 0xFFFF, 0xFFFF, 0xFFFF, 0xFFFF, 0xFFFF, 0x73AE, 0xE71C,
    0xE71C, 0x630C, 0x630C, 0xFFFF, 0x4208, 0x0000, 0x8430, 0xFFFF, 0xFFFF, 0xFFFF, 0xFFFF, 0xE71C,
    0x528A, 0x528A, 0x73AE, 0xE71C, 0xEF5D, 0xEF5D, 0xFFFF, 0x8430, 0x4208, 0x1082, 0x0000, 0x630C,
    0xEF5D, 0xFFFF, 0xFFFF, 0xFFFF, 0xFFFF, 0xFFFF, 0xFFFF, 0xFFFF, 0xFFFF, 0xFFFF, 0xFFFF, 0xFFFF,
    0xFFFF, 0xFFFF, 0xFFFF, 0x528A, 0x0000, 0x3186, 0xFFFF, 0xFFFF, 0xEF5D, 0x3186, 0x0000, 0x0000,
    0xF81F, 0xF81F, 0xF81F, 0xF81F, 0xF81F, 0xF81F, 0xF81F, 0xF81F, 0xF81F, 0xF81F, 0xF81F, 0xF81F,
    0xF81F, 0xF81F, 0xF81F, 0xF81F, 0xF81F, 0xF81F, 0xF81F, 0xF81F, 0xF81F, 0xF81F, 0xF81F, 0xF81F,
    0xF81F, 0xF81F, 0xF81F, 0xF81F, 0xF81F, 0xF81F, 0xF81F, 0xF81F, 0xF81F, 0x0000, 0x0000, 0x2104,
    0xFFFF, 0xFFFF, 0xFFFF, 0xFFFF, 0xFFFF, 0xFFFF, 0xFFFF, 0xFFFF, 0xFFFF, 0xFFFF, 0xFFFF, 0xFFFF,
    0xFFFF, 0xFFFF, 0xFFFF, 0xFFFF, 0xFFFF, 0xFFFF, 0xFFFF, 0xFFFF, 0xFFFF, 0xFFFF, 0xFFFF, 0xFFFF,
    0xFFFF, 0xFFFF, 0xFFFF, 0xFFFF, 0xFFFF, 0xFFFF, 0xFFFF, 0xFFFF, 0xFFFF, 0xFFFF, 0xFFFF, 0xFFFF,
    0xFFFF, 0xFFFF, 0xFFFF, 0xFFFF, 0xFFFF, 0xFFFF, 0x630C, 0x0000, 0x0000, 0x630C, 0xEF5D, 0xFFFF,
    0xFFFF, 0xFFFF, 0xFFFF, 0xFFFF, 0xFFFF, 0xFFFF, 0xEF5D, 0xE71C, 0x3186, 0x0000, 0x0000, 0x2104,
    0x0000, 0x3186, 0xE71C, 0xFFFF, 0xFFFF, 0xFFFF, 0xFFFF, 0xFFFF, 0xE71C, 0xFFFF, 0xEF5D, 0xEF5D,
    0x8430, 0x528A, 0x3186, 0x1082, 0x0000, 0x0000, 0x2104, 0xE71C, 0xFFFF, 0xFFFF, 0xFFFF, 0xFFFF,
    0xFFFF, 0xFFFF, 0xFFFF, 0xFFFF, 0xFFFF, 0xFFFF, 0xFFFF, 0xFFFF, 0xFFFF, 0xFFFF, 0xFFFF, 0x73AE,
    0x0000, 0x2104, 0xE71C, 0xFFFF, 0xEF5D, 0x528A, 0x0000, 0x0000, 0xF81F, 0xF81F, 0xF81F, 0xF81F,
    0xF81F, 0xF81F, 0xF81F, 0xF81F, 0xF81F, 0xF81F, 0xF81F, 0xF81F, 0xF81F, 0xF81F, 0xF81F, 0xF81F,
    0xF81F, 0xF81F, 0xF81F, 0xF81F, 0xF81F, 0xF81F, 0xF81F, 0xF81F, 0xF81F, 0xF81F, 0xF81F, 0xF81F,
    0xF81F, 0xF81F, 0xF81F, 0xF81F, 0x0000, 0x0000, 0x1082, 0x630C, 0xEF5D, 0xFFFF, 0xEF5D, 0xEF5D,
    0xE71C, 0xE71C, 0xE71C, 0xE71C, 0xE71C, 0xFFFF, 0xEF5D, 0xFFFF, 0xFFFF, 0xFFFF, 0xFFFF, 0xFFFF,
    0xFFFF, 0xFFFF, 0xFFFF, 0xFFFF, 0xFFFF, 0xFFFF, 0xFFFF, 0xFFFF, 0xFFFF, 0xFFFF, 0xFFFF, 0xFFFF,
    0xFFFF, 0xFFFF, 0xFFFF, 0xFFFF, 0xFFFF, 0xFFFF, 0xFFFF, 0xFFFF, 0xFFFF, 0xFFFF, 0xFFFF, 0xFFFF,
    0xFFFF, 0xFFFF, 0xFFFF, 0x4208, 0x0000, 0x1082, 0x8430, 0xFFFF, 0xFFFF, 0xFFFF, 0xFFFF, 0xFFFF,
    0xFFFF, 0xFFFF, 0xFFFF, 0x73AE, 0x0000, 0x4208, 0x73AE, 0x1082, 0x0000, 0x1082, 0x2104, 0x630C,
    0xFFFF, 0xFFFF, 0xFFFF, 0xFFFF, 0xFFFF, 0x8430, 0x528A, 0x3186, 0x2104, 0x0000, 0x0000, 0x0000,
    0x2104, 0x528A, 0xE71C, 0xFFFF, 0xFFFF, 0xFFFF, 0xFFFF, 0xFFFF, 0xFFFF, 0xFFFF, 0xFFFF, 0xFFFF,
    0xFFFF, 0xFFFF, 0xFFFF, 0xFFFF, 0xFFFF, 0xFFFF, 0xFFFF, 0x8430, 0x1082, 0x1082, 0x73AE, 0xEF5D,
    0xEF5D, 0x73AE, 0x1082, 0x0000, 0x0000, 0xF81F, 0xF81F, 0xF81F, 0xF81F, 0xF81F, 0xF81F, 0xF81F,
    0xF81F, 0xF81F, 0xF81F, 0xF81F, 0xF81F, 0xF81F, 0xF81F, 0xF81F, 0xF81F, 0xF81F, 0xF81F, 0xF81F,
    0xF81F, 0xF81F, 0xF81F, 0xF81F, 0xF81F, 0xF81F, 0xF81F, 0xF81F, 0xF81F, 0xF81F, 0xF81F, 0xF81F,
    0x0000, 0x0000, 0x2104, 0xFFFF, 0xE71C, 0x630C, 0x4208, 0x2104, 0x2104, 0x1082, 0x1082, 0x1082,
    0x1082, 0x2104, 0x3186, 0x528A, 0x73AE, 0xFFFF, 0xFFFF, 0xFFFF, 0xFFFF, 0xFFFF, 0xFFFF, 0xFFFF,
    0xFFFF, 0xFFFF, 0xFFFF, 0xFFFF, 0xFFFF, 0xFFFF, 0xFFFF, 0xFFFF, 0xFFFF, 0xFFFF, 0xFFFF, 0xFFFF,
    0xFFFF, 0xFFFF, 0xFFFF, 0xFFFF, 0xFFFF, 0xFFFF, 0xFFFF, 0xFFFF, 0xFFFF, 0xFFFF, 0xFFFF, 0xE71C,
    0x2104, 0x0000, 0x3186, 0xFFFF, 0xFFFF, 0xFFFF, 0xFFFF, 0xFFFF, 0xFFFF, 0xFFFF, 0xFFFF, 0x8430,
    0x1082, 0x4208, 0x4208, 0x0000, 0x0000, 0x0000, 0x3186, 0x73AE, 0xFFFF, 0xFFFF, 0xFFFF, 0xFFFF,
    0xEF5D, 0x528A, 0x0000, 0x0000, 0x0000, 0x1082, 0x528A, 0x73AE, 0xE71C, 0xE71C, 0x73AE, 0x73AE,
    0xFFFF, 0xFFFF, 0xFFFF, 0xFFFF, 0xFFFF, 0xFFFF, 0xFFFF, 0xFFFF, 0xFFFF, 0xFFFF, 0xFFFF, 0xFFFF,
    0xFFFF, 0xFFFF, 0xFFFF, 0xE71C, 0x3186, 0x0000, 0x528A, 0xEF5D, 0xFFFF, 0x8430, 0x1082, 0x0000,
    0x0000, 0xF81F, 0xF81F, 0xF81F, 0xF81F, 0xF81F, 0xF81F, 0xF81F, 0xF81F, 0xF81F, 0xF81F, 0xF81F,
    0xF81F, 0xF81F, 0xF81F, 0xF81F, 0xF81F, 0xF81F, 0xF81F, 0xF81F, 0xF81F, 0xF81F, 0xF81F, 0xF81F,
    0xF81F, 0xF81F, 0xF81F, 0xF81F, 0xF81F, 0xF81F, 0xF81F, 0xF81F, 0x0000, 0x0000, 0x3186, 0x4208,
    0x1082, 0x1082, 0x0000, 0x0000, 0x0000, 0x0000, 0x0000, 0x0000, 0x0000, 0x0000, 0x0000, 0x0000,
    0x1082, 0x2104, 0x4208, 0x8430, 0xEF5D, 0xFFFF, 0xFFFF, 0xFFFF, 0xFFFF, 0xFFFF, 0xFFFF, 0xFFFF,
    0xFFFF, 0xFFFF, 0xFFFF, 0xFFFF, 0xFFFF, 0xFFFF, 0xFFFF, 0xFFFF, 0xFFFF, 0xFFFF, 0xFFFF, 0xFFFF,
    0xFFFF, 0xFFFF, 0xFFFF, 0xFFFF, 0xFFFF, 0xFFFF, 0xFFFF, 0xFFFF, 0x8430, 0x0000, 0x0000, 0x630C,
    0xEF5D, 0xFFFF, 0xFFFF, 0xFFFF, 0xFFFF, 0xFFFF, 0xFFFF, 0xFFFF, 0x3186, 0x0000, 0x0000, 0x3186,
    0x630C, 0x528A, 0x528A, 0x73AE, 0xFFFF, 0xFFFF, 0xFFFF, 0xFFFF, 0xFFFF, 0x73AE, 0x2104, 0x3186,
    0x73AE, 0xE71C, 0xFFFF, 0xFFFF, 0x73AE, 0x1082, 0x1082, 0x1082, 0x3186, 0xE71C, 0xFFFF, 0xFFFF,
    0xFFFF, 0xFFFF, 0xFFFF, 0xFFFF, 0xFFFF, 0xFFFF, 0xFFFF, 0xFFFF, 0xFFFF, 0xFFFF, 0xFFFF, 0xFFFF,
    0x528A, 0x0000, 0x4208, 0xFFFF, 0xFFFF, 0xE71C, 0x2104, 0x0000, 0x0000, 0xF81F, 0xF81F, 0xF81F,
    0xF81F, 0xF81F, 0xF81F, 0xF81F, 0xF81F, 0xF81F, 0xF81F, 0xF81F, 0xF81F, 0xF81F, 0xF81F, 0xF81F,
    0xF81F, 0xF81F, 0xF81F, 0xF81F, 0xF81F, 0xF81F, 0xF81F, 0xF81F, 0xF81F, 0xF81F, 0xF81F, 0xF81F,
    0xF81F, 0xF81F, 0xF81F, 0xF81F, 0x0000, 0x0000, 0x0000, 0x0000, 0x0000, 0x0000, 0x0000, 0x0000,
    0x0000, 0x0000, 0x0000, 0x0000, 0x0000, 0x0000, 0x0000, 0x0000, 0x0000, 0x0000, 0x0000, 0x1082,
    0x4208, 0xE71C, 0xFFFF, 0xFFFF, 0xFFFF, 0xFFFF, 0xFFFF, 0xFFFF, 0xFFFF, 0xFFFF, 0xFFFF, 0xFFFF,
    0xFFFF, 0xFFFF, 0xFFFF, 0xFFFF, 0xFFFF, 0xFFFF, 0xFFFF, 0xFFFF, 0xFFFF, 0xFFFF, 0xFFFF, 0xFFFF,
    0xFFFF, 0xFFFF, 0xFFFF, 0xFFFF, 0xFFFF, 0x528A, 0x0000, 0x2104, 0xE71C, 0xFFFF, 0xFFFF, 0xFFFF,
    0xFFFF, 0xFFFF, 0xFFFF, 0xFFFF, 0x8430, 0x630C, 0x73AE, 0x4208, 0x1082, 0x1082, 0x0000, 0x1082,
    0x528A, 0xEF5D, 0xFFFF, 0xFFFF, 0xFFFF, 0xFFFF, 0xE71C, 0xE71C, 0xE71C, 0x630C, 0x630C, 0xE71C,
    0x2104, 0x0000, 0x0000, 0x0000, 0x0000, 0x528A, 0xEF5D, 0xFFFF, 0xFFFF, 0xFFFF, 0xFFFF, 0xFFFF,
    0xFFFF, 0xFFFF, 0xFFFF, 0xFFFF, 0xFFFF, 0xFFFF, 0xFFFF, 0xFFFF, 0x73AE, 0x0000, 0x3186, 0xE71C,
    0xFFFF, 0xFFFF, 0x3186, 0x0000, 0x0000, 0xF81F, 0xF81F, 0xF81F, 0xF81F, 0xF81F, 0xF81F, 0xF81F,
    0xF81F, 0xF81F, 0xF81F, 0xF81F, 0xF81F, 0xF81F, 0xF81F, 0xF81F, 0xF81F, 0xF81F, 0xF81F, 0xF81F,
    0xF81F, 0xF81F, 0xF81F, 0xF81F, 0xF81F, 0xF81F, 0xF81F, 0xF81F, 0xF81F, 0xF81F, 0xF81F, 0x0000,
    0x0000, 0x0000, 0x0000, 0x0000, 0x0000, 0x0000, 0x0000, 0x0000, 0x0000, 0x0000, 0x0000, 0x0000,
    0x0000, 0x0000, 0x0000, 0x0000, 0x0000, 0x0000, 0x0000, 0x0000, 0x0000, 0x1082, 0x630C, 0xFFFF,
    0xFFFF, 0xFFFF, 0xFFFF, 0xFFFF, 0xFFFF, 0xFFFF, 0xFFFF, 0xFFFF, 0xFFFF, 0xFFFF, 0xFFFF, 0xFFFF,
    0xFFFF, 0xFFFF, 0xFFFF, 0xFFFF, 0xFFFF, 0xFFFF, 0xFFFF, 0xFFFF, 0xFFFF, 0xFFFF, 0xFFFF, 0xFFFF,
    0xFFFF, 0xE71C, 0x1082, 0x0000, 0x4208, 0xEF5D, 0xFFFF, 0xFFFF, 0xFFFF, 0xFFFF, 0xFFFF, 0xFFFF,
    0xFFFF, 0xE71C, 0x1082, 0x0000, 0x2104, 0x528A, 0x8430, 0x4208, 0x2104, 0xE71C, 0xFFFF, 0xFFFF,
    0xFFFF, 0xFFFF, 0xFFFF, 0x8430, 0x2104, 0x0000, 0x0000, 0x0000, 0x0000, 0x3186, 0xE71C, 0x528A,
    0x0000, 0x3186, 0xFFFF, 0xFFFF, 0xFFFF, 0xFFFF, 0xFFFF, 0xFFFF, 0xFFFF, 0xFFFF, 0xFFFF, 0xFFFF,
    0xFFFF, 0xFFFF, 0xFFFF, 0xFFFF, 0x73AE, 0x0000, 0x2104, 0x8430, 0xFFFF, 0xEF5D, 0x3186, 0x0000,
    0x0000, 0xF81F, 0xF81F, 0xF81F, 0xF81F, 0xF81F, 0xF81F, 0xF81F, 0xF81F, 0xF81F, 0xF81F, 0xF81F,
    0xF81F, 0xF81F, 0xF81F, 0xF81F, 0xF81F, 0xF81F, 0xF81F, 0xF81F, 0xF81F, 0xF81F, 0xF81F, 0xF81F,
    0xF81F, 0xF81F, 0xF81F, 0xF81F, 0xF81F, 0xF81F, 0xF81F, 0x0000, 0x0000, 0x0000, 0x0000, 0x0000,
    0x0000, 0x0000, 0x0000, 0x0000, 0x0000, 0x0000, 0x0000, 0x0000, 0x0000, 0x0000, 0x0000, 0x0000,
    0x0000, 0x0000, 0x1082, 0x1082, 0x0000, 0x0000, 0x0000, 0x4208, 0xE71C, 0xFFFF, 0xFFFF, 0xFFFF,
    0xFFFF, 0xFFFF, 0xFFFF, 0xFFFF, 0xFFFF, 0xFFFF, 0xFFFF, 0xFFFF, 0xFFFF, 0xFFFF, 0xFFFF, 0xFFFF,
    0xFFFF, 0xFFFF, 0xFFFF, 0xFFFF, 0xFFFF, 0xFFFF, 0xFFFF, 0xFFFF, 0xFFFF, 0xFFFF, 0x630C, 0x0000,
    0x2104, 0x8430, 0xFFFF, 0xFFFF, 0xFFFF, 0xFFFF, 0xFFFF, 0xFFFF, 0xFFFF, 0x630C, 0x0000, 0x630C,
    0xFFFF, 0xE71C, 0x8430, 0x2104, 0x2104, 0xE71C, 0xFFFF, 0xFFFF, 0xFFFF, 0xFFFF, 0xEF5D, 0x3186,
    0x0000, 0x0000, 0x3186, 0x1082, 0x1082, 0x8430, 0xFFFF, 0x8430, 0x1082, 0x2104, 0x8430, 0xFFFF,
    0xFFFF, 0xFFFF, 0xFFFF, 0xFFFF, 0xFFFF, 0xFFFF, 0xFFFF, 0xFFFF, 0xE71C, 0xE71C, 0x528A, 0x2104,
    0x0000, 0x0000, 0x2104, 0x8430, 0xFFFF, 0xEF5D, 0x3186, 0x0000, 0x0000, 0xF81F, 0xF81F, 0xF81F,
    0xF81F, 0xF81F, 0xF81F, 0xF81F, 0xF81F, 0xF81F, 0xF81F, 0xF81F, 0xF81F, 0xF81F, 0xF81F, 0xF81F,
    0xF81F, 0xF81F, 0xF81F, 0xF81F, 0xF81F, 0xF81F, 0xF81F, 0xF81F, 0xF81F, 0xF81F, 0xF81F, 0xF81F,
    0xF81F, 0xF81F, 0x0000, 0x0000, 0x0000, 0x0000, 0x0000, 0x1082, 0x3186, 0x528A, 0x3186, 0x0000,
    0x0000, 0x2104, 0x3186, 0x1082, 0x1082, 0x0000, 0x0000, 0x0000, 0x0000, 0x0000, 0x3186, 0x8430,
    0x3186, 0x0000, 0x0000, 0x0000, 0x2104, 0x8430, 0xFFFF, 0xFFFF, 0xFFFF, 0xFFFF, 0xFFFF, 0xFFFF,
    0xFFFF, 0xFFFF, 0xFFFF, 0xFFFF, 0xFFFF, 0xFFFF, 0xFFFF, 0xFFFF, 0xFFFF, 0xFFFF, 0xFFFF, 0xFFFF,
    0xFFFF, 0xFFFF, 0xFFFF, 0xFFFF, 0xFFFF, 0xFFFF, 0xE71C, 0x2104, 0x0000, 0x4208, 0xEF5D, 0xFFFF,
    0xFFFF, 0xFFFF, 0xFFFF, 0xFFFF, 0xFFFF, 0x8430, 0x1082, 0x528A, 0x528A, 0x2104, 0x0000, 0x1082,
    0x528A, 0xFFFF, 0xFFFF, 0xFFFF, 0xFFFF, 0xFFFF, 0xEF5D, 0x2104, 0x0000, 0x73AE, 0xFFFF, 0x73AE,
    0x0000, 0x4208, 0x3186, 0x0000, 0x0000, 0x1082, 0x73AE, 0xFFFF, 0xFFFF, 0xFFFF, 0xFFFF, 0xFFFF,
    0xFFFF, 0xE71C, 0xE71C, 0x630C, 0x3186, 0x0000, 0x0000, 0x0000, 0x1082, 0x2104, 0x630C, 0xE71C,
    0xFFFF, 0xEF5D, 0x3186, 0x0000, 0x0000, 0xF81F, 0xF81F, 0xF81F, 0xF81F, 0xF81F, 0xF81F, 0xF81F,
    0xF81F, 0xF81F, 0xF81F, 0xF81F, 0xF81F, 0xF81F, 0xF81F, 0xF81F, 0xF81F, 0xF81F, 0xF81F, 0xF81F,
    0xF81F, 0xF81F, 0xF81F, 0xF81F, 0xF81F, 0xF81F, 0xF81F, 0xF81F, 0xF81F, 0xF81F, 0x0000, 0x0000,
    0x0000, 0x2104, 0x630C, 0xFFFF, 0xE71C, 0x528A, 0x0000, 0x0000, 0x3186, 0xE71C, 0xEF5D, 0xFFFF,
    0x73AE, 0x3186, 0x1082, 0x0000, 0x0000, 0x0000, 0x0000, 0x4208, 0xFFFF, 0x630C, 0x1082, 0x0000,
    0x0000, 0x1082, 0x73AE, 0xFFFF, 0xFFFF, 0xFFFF, 0xFFFF, 0xFFFF, 0xFFFF, 0xFFFF, 0xFFFF, 0xFFFF,
    0xFFFF, 0xFFFF, 0xFFFF, 0xFFFF, 0xFFFF, 0xFFFF, 0xFFFF, 0xFFFF, 0xFFFF, 0xFFFF, 0xFFFF, 0xFFFF,
    0xFFFF, 0xFFFF, 0xFFFF, 0x630C, 0x0000, 0x2104, 0x8430, 0xFFFF, 0xFFFF, 0xFFFF, 0xFFFF, 0xFFFF,
    0xFFFF, 0xFFFF, 0x4208, 0x1082, 0x1082, 0x2104, 0x528A, 0x8430, 0xEF5D, 0xFFFF, 0xFFFF, 0xFFFF,
    0xFFFF, 0xFFFF, 0xEF5D, 0x4208, 0x0000, 0x73AE, 0x73AE, 0x4208, 0x0000, 0x0000, 0x0000, 0x1082,
    0x2104, 0x4208, 0x8430, 0xFFFF, 0xFFFF, 0xFFFF, 0xE71C, 0xE71C, 0x73AE, 0x3186, 0x0000, 0x0000,
    0x0000, 0x1082, 0x2104, 0x4208, 0x8430, 0xFFFF, 0xFFFF, 0xFFFF, 0xFFFF, 0xEF5D, 0x528A, 0x0000,
    0x0000, 0xF81F, 0xF81F, 0xF81F, 0xF81F, 0xF81F, 0xF81F, 0xF81F, 0xF81F, 0xF81F, 0xF81F, 0xF81F,
    0xF81F, 0xF81F, 0xF81F, 0xF81F, 0xF81F, 0xF81F, 0xF81F, 0xF81F, 0xF81F, 0xF81F, 0xF81F, 0xF81F,
    0xF81F, 0xF81F, 0xF81F, 0xF81F, 0xF81F, 0x0000, 0x0000, 0x1082, 0x528A, 0xFFFF, 0xEF5D, 0x8430,
    0x2104, 0x0000, 0x0000, 0x3186, 0xE71C, 0xFFFF, 0xFFFF, 0xFFFF, 0xFFFF, 0xFFFF, 0x73AE, 0x3186,
    0x0000, 0x0000, 0x0000, 0x0000, 0x528A, 0xEF5D, 0x8430, 0x1082, 0x0000, 0x0000, 0x1082, 0x8430,
    0xFFFF, 0xFFFF, 0xFFFF, 0xFFFF, 0xFFFF, 0xFFFF, 0xFFFF, 0xFFFF, 0xFFFF, 0xFFFF, 0xFFFF, 0xFFFF,
    0xFFFF, 0xFFFF, 0xFFFF, 0xFFFF, 0xFFFF, 0xFFFF, 0xFFFF, 0xFFFF, 0xFFFF, 0xFFFF, 0xFFFF, 0xE71C,
    0x2104, 0x0000, 0x528A, 0xEF5D, 0xFFFF, 0xFFFF, 0xFFFF, 0xFFFF, 0xFFFF, 0xFFFF, 0xFFFF, 0x8430,
    0x8430, 0xFFFF, 0xFFFF, 0xFFFF, 0xFFFF, 0xFFFF, 0xFFFF, 0xFFFF, 0xFFFF, 0xFFFF, 0xFFFF, 0x630C,
    0x0000, 0x0000, 0x0000, 0x0000, 0x1082, 0x2104, 0x4208, 0x73AE, 0xFFFF, 0xEF5D, 0xFFFF, 0xE71C,
    0x8430, 0x73AE, 0x4208, 0x1082, 0x0000, 0x0000, 0x1082, 0x2104, 0x4208, 0x73AE, 0xFFFF, 0xEF5D,
    0xFFFF, 0xFFFF, 0xFFFF, 0xFFFF, 0xFFFF, 0xEF5D, 0x528A, 0x0000, 0x0000, 0xF81F, 0xF81F, 0xF81F,
    0xF81F, 0xF81F, 0xF81F, 0xF81F, 0xF81F, 0xF81F, 0xF81F, 0xF81F, 0xF81F, 0xF81F, 0xF81F, 0xF81F,
    0xF81F, 0xF81F, 0xF81F, 0xF81F, 0xF81F, 0xF81F, 0xF81F, 0xF81F, 0xF81F, 0xF81F, 0xF81F, 0xF81F,
    0x0000, 0x0000, 0x2104, 0x73AE, 0xEF5D, 0xFFFF, 0x8430, 0x2104, 0x0000, 0x0000, 0x2104, 0xE71C,
    0xFFFF, 0xFFFF, 0xFFFF, 0xFFFF, 0xFFFF, 0xFFFF, 0xFFFF, 0xFFFF, 0x630C, 0x2104, 0x0000, 0x0000,
    0x0000, 0x528A, 0xEF5D, 0x73AE, 0x1082, 0x0000, 0x0000, 0x2104, 0x8430, 0xFFFF, 0xFFFF, 0xFFFF,
    0xFFFF, 0xFFFF, 0xFFFF, 0xFFFF, 0xFFFF, 0xFFFF, 0xFFFF, 0xFFFF, 0xFFFF, 0xFFFF, 0xFFFF, 0xFFFF,
    0xFFFF, 0xFFFF, 0xFFFF, 0xFFFF, 0xFFFF, 0xFFFF, 0xFFFF, 0xFFFF, 0x630C, 0x0000, 0x3186, 0xE71C,
    0xFFFF, 0xFFFF, 0xFFFF, 0xFFFF, 0xFFFF, 0xFFFF, 0xFFFF, 0xFFFF, 0xFFFF, 0xFFFF, 0xFFFF, 0xFFFF,
    0xFFFF, 0xFFFF, 0xFFFF, 0xFFFF, 0xFFFF, 0xFFFF, 0xFFFF, 0x8430, 0x1082, 0x0000, 0x2104, 0x3186,
    0x630C, 0xFFFF, 0xEF5D, 0xEF5D, 0xFFFF, 0xE71C, 0x73AE, 0x528A, 0x1082, 0x0000, 0x0000, 0x0000,
    0x2104, 0x4208, 0x73AE, 0xFFFF, 0xEF5D, 0xFFFF, 0xFFFF, 0xFFFF, 0xFFFF, 0xFFFF, 0xFFFF, 0xFFFF,
    0xFFFF, 0xEF5D, 0x4208, 0x0000, 0x0000, 0xF81F, 0xF81F, 0xF81F, 0xF81F, 0xF81F, 0xF81F, 0xF81F,
    0xF81F, 0xF81F, 0xF81F, 0xF81F, 0xF81F, 0xF81F, 0xF81F, 0xF81F, 0xF81F, 0xF81F, 0xF81F, 0xF81F,
    0xF81F, 0xF81F, 0xF81F, 0xF81F, 0xF81F, 0xF81F, 0xF81F, 0x0000, 0x0000, 0x1082, 0x8430, 0xFFFF,
    0xFFFF, 0xE71C, 0x3186, 0x0000, 0x0000, 0x1082, 0x73AE, 0xEF5D, 0xFFFF, 0xFFFF, 0xFFFF, 0xFFFF,
    0xFFFF, 0xFFFF, 0xFFFF, 0xFFFF, 0xFFFF, 0x8430, 0x2104, 0x0000, 0x0000, 0x1082, 0x630C, 0xEF5D,
    0x73AE, 0x1082, 0x0000, 0x0000, 0x3186, 0xE71C, 0xFFFF, 0xFFFF, 0xFFFF, 0xFFFF, 0xFFFF, 0xFFFF,
    0xFFFF, 0xFFFF, 0xFFFF, 0xFFFF, 0xFFFF, 0xFFFF, 0xFFFF, 0xFFFF, 0xFFFF, 0xFFFF, 0xFFFF, 0xFFFF,
    0xFFFF, 0xFFFF, 0xFFFF, 0xFFFF, 0x8430, 0x1082, 0x0000, 0x630C, 0xEF5D, 0xFFFF, 0xFFFF, 0xFFFF,
    0xFFFF, 0xFFFF, 0xFFFF, 0xFFFF, 0xFFFF, 0xFFFF, 0xFFFF, 0xFFFF, 0xFFFF, 0xFFFF, 0xFFFF, 0xFFFF,
    0xFFFF, 0xFFFF, 0xFFFF, 0xFFFF, 0x528A, 0x630C, 0x8430, 0xEF5D, 0xEF5D, 0xFFFF, 0xE71C, 0x73AE,
    0x528A, 0x2104, 0x0000, 0x0000, 0x0000, 0x2104, 0x4208, 0x630C, 0xE71C, 0xEF5D, 0xFFFF, 0xFFFF,
    0xFFFF, 0xFFFF, 0xFFFF, 0xFFFF, 0xFFFF, 0xFFFF, 0xFFFF, 0xFFFF, 0xFFFF, 0xEF5D, 0x3186, 0x0000,
    0x0000, 0xF81F, 0xF81F, 0xF81F, 0xF81F, 0xF81F, 0xF81F, 0xF81F, 0xF81F, 0xF81F, 0xF81F, 0xF81F,
    0xF81F, 0xF81F, 0xF81F, 0xF81F, 0xF81F, 0xF81F, 0xF81F, 0xF81F, 0xF81F, 0xF81F, 0xF81F, 0xF81F,
    0xF81F, 0xF81F, 0x0000, 0x0000, 0x1082, 0x73AE, 0xFFFF, 0xFFFF, 0xFFFF, 0x630C, 0x0000, 0x0000,
    0x0000, 0x4208, 0xFFFF, 0xFFFF, 0xFFFF, 0xFFFF, 0xFFFF, 0xFFFF, 0xFFFF, 0xFFFF, 0xFFFF, 0xFFFF,
    0xFFFF, 0xFFFF, 0xE71C, 0x3186, 0x0000, 0x0000, 0x1082, 0x8430, 0xEF5D, 0x630C, 0x0000, 0x0000,
    0x0000, 0x528A, 0xFFFF, 0xFFFF, 0xFFFF, 0xFFFF, 0xFFFF, 0xFFFF, 0xFFFF, 0xFFFF, 0xFFFF, 0xFFFF,
    0xFFFF, 0xFFFF, 0xFFFF, 0xFFFF, 0xFFFF, 0xFFFF, 0xFFFF, 0xFFFF, 0xFFFF, 0xFFFF, 0xFFFF, 0xFFFF,
    0xFFFF, 0x4208, 0x0000, 0x4208, 0xFFFF, 0xFFFF, 0xFFFF, 0xFFFF, 0xFFFF, 0xFFFF, 0xFFFF, 0xFFFF,
    0xFFFF, 0xFFFF, 0xFFFF, 0xFFFF, 0xFFFF, 0xFFFF, 0xFFFF, 0xFFFF, 0xFFFF, 0xFFFF, 0xFFFF, 0xFFFF,
    0xEF5D, 0xEF5D, 0xEF5D, 0xE71C, 0x73AE, 0x528A, 0x2104, 0x0000, 0x0000, 0x0000, 0x2104, 0x4208,
    0x630C, 0xE71C, 0xEF5D, 0xEF5D, 0xFFFF, 0xFFFF, 0xFFFF, 0xFFFF, 0xFFFF, 0xFFFF, 0xFFFF, 0xFFFF,
    0xFFFF, 0xFFFF, 0xFFFF, 0xFFFF, 0xFFFF, 0xEF5D, 0x3186, 0x0000, 0x0000, 0xF81F, 0xF81F, 0xF81F,
    0xF81F, 0xF81F, 0xF81F, 0xF81F, 0xF81F, 0xF81F, 0xF81F, 0xF81F, 0xF81F, 0xF81F, 0xF81F, 0xF81F,
    0xF81F, 0xF81F, 0xF81F, 0xF81F, 0xF81F, 0xF81F, 0xF81F, 0xF81F, 0xF81F, 0x0000, 0x0000, 0x0000,
    0x528A, 0xFFFF, 0xFFFF, 0xFFFF, 0x8430, 0x1082, 0x0000, 0x0000, 0x1082, 0x73AE, 0xEF5D, 0xFFFF,
    0xFFFF, 0xFFFF, 0xFFFF, 0xFFFF, 0xFFFF, 0xFFFF, 0xFFFF, 0xFFFF, 0xFFFF, 0xFFFF, 0xFFFF, 0xE71C,
    0x3186, 0x0000, 0x0000, 0x2104, 0xE71C, 0xEF5D, 0x4208, 0x0000, 0x0000, 0x0000, 0x73AE, 0xFFFF,
    0xFFFF, 0xFFFF, 0xFFFF, 0xFFFF, 0xFFFF, 0xFFFF, 0xFFFF, 0xFFFF, 0xFFFF, 0xFFFF, 0xFFFF, 0xFFFF,
    0xFFFF, 0xFFFF, 0xFFFF, 0xFFFF, 0xFFFF, 0xFFFF, 0xFFFF, 0xFFFF, 0xEF5D, 0x73AE, 0x0000, 0x2104,
    0x8430, 0xFFFF, 0xFFFF, 0xFFFF, 0xFFFF, 0xFFFF, 0xFFFF, 0xFFFF, 0xFFFF, 0xFFFF, 0xFFFF, 0xFFFF,
    0xFFFF, 0xFFFF, 0xFFFF, 0xFFFF, 0xFFFF, 0xFFFF, 0xFFFF, 0xEF5D, 0xE71C, 0x73AE, 0x528A, 0x3186,
    0x1082, 0x0000, 0x0000, 0x1082, 0x4208, 0x630C, 0x8430, 0xFFFF, 0xEF5D, 0xFFFF, 0xFFFF, 0xFFFF,
    0xFFFF, 0xFFFF, 0xFFFF, 0xFFFF, 0xFFFF, 0xFFFF, 0xFFFF, 0xFFFF, 0xFFFF, 0xFFFF, 0xFFFF, 0xFFFF,
    0xFFFF, 0xFFFF, 0x3186, 0x0000, 0x0000, 0xF81F, 0xF81F, 0xF81F, 0xF81F, 0xF81F, 0xF81F, 0xF81F,
    0xF81F, 0xF81F, 0xF81F, 0xF81F, 0xF81F, 0xF81F, 0xF81F, 0xF81F, 0xF81F, 0xF81F, 0xF81F, 0xF81F,
    0xF81F, 0xF81F, 0xF81F, 0xF81F, 0xF81F, 0x0000, 0x0000, 0x2104, 0xE71C, 0xFFFF, 0xFFFF, 0xFFFF,
    0x4208, 0x0000, 0x0000, 0x0000, 0x3186, 0xFFFF, 0xFFFF, 0xFFFF, 0xFFFF, 0xFFFF, 0xFFFF, 0xFFFF,
    0xFFFF, 0xFFFF, 0xFFFF, 0xFFFF, 0xFFFF, 0xFFFF, 0xFFFF, 0xFFFF, 0xE71C, 0x2104, 0x0000, 0x0000,
    0x528A, 0xFFFF, 0xE71C, 0x2104, 0x0000, 0x0000, 0x2104, 0xE71C, 0xFFFF, 0xFFFF, 0xFFFF, 0xFFFF,
    0xFFFF, 0xFFFF, 0xFFFF, 0xFFFF, 0xFFFF, 0xFFFF, 0xFFFF, 0xFFFF, 0xFFFF, 0xFFFF, 0xFFFF, 0xFFFF,
    0xFFFF, 0xFFFF, 0xFFFF, 0xFFFF, 0xFFFF, 0x8430, 0x2104, 0x0000, 0x630C, 0xEF5D, 0xFFFF, 0xFFFF,
    0xFFFF, 0xFFFF, 0xFFFF, 0xFFFF, 0xFFFF, 0xFFFF, 0xFFFF, 0xFFFF, 0xFFFF, 0xFFFF, 0xFFFF, 0xFFFF,
    0xEF5D, 0xFFFF, 0x8430, 0x528A, 0x3186, 0x1082, 0x0000, 0x0000, 0x1082, 0x3186, 0x528A, 0x8430,
    0xFFFF, 0xEF5D, 0xFFFF, 0xFFFF, 0xFFFF, 0xFFFF, 0xFFFF, 0xFFFF, 0xFFFF, 0xFFFF, 0xFFFF, 0xFFFF,
    0xFFFF, 0xFFFF, 0xFFFF, 0xFFFF, 0xFFFF, 0xFFFF, 0xFFFF, 0xFFFF, 0xFFFF, 0xE71C, 0x2104, 0x0000,
    0x0000, 0xF81F, 0xF81F, 0xF81F, 0xF81F, 0xF81F, 0xF81F, 0xF81F, 0xF81F, 0xF81F, 0xF81F, 0xF81F,
    0xF81F, 0xF81F, 0xF81F, 0xF81F, 0xF81F, 0xF81F, 0xF81F, 0xF81F, 0xF81F, 0xF81F, 0xF81F, 0xF81F,
    0xF81F, 0x0000, 0x0000, 0x630C, 0xFFFF, 0xFFFF, 0xFFFF, 0xE71C, 0x0000, 0x0000, 0x0000, 0x0000,
    0x630C, 0xEF5D, 0xFFFF, 0xFFFF, 0xFFFF, 0xFFFF, 0xFFFF, 0xFFFF, 0xFFFF, 0xFFFF, 0xFFFF, 0xFFFF,
    0xFFFF, 0xFFFF, 0xFFFF, 0xFFFF, 0xFFFF, 0x8430, 0x2104, 0x0000, 0x1082, 0x73AE, 0xEF5D, 0x630C,
    0x0000, 0x0000, 0x0000, 0x528A, 0xFFFF, 0xFFFF, 0xFFFF, 0xFFFF, 0xFFFF, 0xFFFF, 0xFFFF, 0xFFFF,
    0xFFFF, 0xFFFF, 0xFFFF, 0xFFFF, 0xFFFF, 0xFFFF, 0xFFFF, 0xFFFF, 0xFFFF, 0xFFFF, 0xFFFF, 0xFFFF,
    0xFFFF, 0xFFFF, 0x4208, 0x0000, 0x4208, 0xFFFF, 0xFFFF, 0xFFFF, 0xFFFF, 0xFFFF, 0xFFFF, 0xFFFF,
    0xFFFF, 0xFFFF, 0xFFFF, 0xFFFF, 0xFFFF, 0xEF5D, 0xFFFF, 0x8430, 0x528A, 0x3186, 0x1082, 0x0000,
    0x0000, 0x0000, 0x3186, 0x630C, 0x8430, 0xE71C, 0xFFFF, 0xFFFF, 0xFFFF, 0xFFFF, 0xFFFF, 0xFFFF,
    0xFFFF, 0xFFFF, 0xFFFF, 0xFFFF, 0xFFFF, 0xFFFF, 0xFFFF, 0xFFFF, 0xFFFF, 0xFFFF, 0xFFFF, 0xFFFF,
    0xFFFF, 0xFFFF, 0xFFFF, 0xFFFF, 0xFFFF, 0x8430, 0x1082, 0x0000, 0x0000, 0xF81F, 0xF81F, 0xF81F,
    0xF81F, 0xF81F, 0xF81F, 0xF81F, 0xF81F, 0xF81F, 0xF81F, 0xF81F, 0xF81F, 0xF81F, 0xF81F, 0xF81F,
    0xF81F, 0xF81F, 0xF81F, 0xF81F, 0xF81F, 0xF81F, 0xF81F, 0xF81F, 0x0000, 0x0000, 0x2104, 0xE71C,
    0xFFFF, 0xFFFF, 0xFFFF, 0x630C, 0x0000, 0x0000, 0x0000, 0x2104, 0x8430, 0xFFFF, 0xFFFF, 0xFFFF,
    0xFFFF, 0xFFFF, 0xFFFF, 0xFFFF, 0xFFFF, 0xFFFF, 0xFFFF, 0xFFFF, 0xFFFF, 0xFFFF, 0xFFFF, 0xFFFF,
    0xFFFF, 0xFFFF, 0x630C, 0x1082, 0x0000, 0x2104, 0xE71C, 0xEF5D, 0x2104, 0x0000, 0x0000, 0x1082,
    0xE71C, 0xFFFF, 0xFFFF, 0xFFFF, 0xFFFF, 0xFFFF, 0xFFFF, 0xFFFF, 0xFFFF, 0xFFFF, 0xFFFF, 0xFFFF,
    0xFFFF, 0xFFFF, 0xFFFF, 0xFFFF, 0xFFFF, 0xFFFF, 0xFFFF, 0xFFFF, 0xFFFF, 0xEF5D, 0x630C, 0x0000,
    0x3186, 0xE71C, 0xFFFF, 0xFFFF, 0xFFFF, 0xFFFF, 0xFFFF, 0xFFFF, 0xFFFF, 0xFFFF, 0xEF5D, 0xEF5D,
    0xE71C, 0x630C, 0x3186, 0x1082, 0x0000, 0x0000, 0x0000, 0x2104, 0x528A, 0x73AE, 0xE71C, 0xFFFF,
    0xFFFF, 0xFFFF, 0xFFFF, 0xFFFF, 0xFFFF, 0xFFFF, 0xFFFF, 0xFFFF, 0xFFFF, 0xFFFF, 0xFFFF, 0xFFFF,
    0xFFFF, 0xFFFF, 0xFFFF, 0xFFFF, 0xFFFF, 0xFFFF, 0xFFFF, 0xFFFF, 0xFFFF, 0xFFFF, 0xFFFF, 0xFFFF,
    0xEF5D, 0x630C, 0x0000, 0x0000, 0xF81F, 0xF81F, 0xF81F, 0xF81F, 0xF81F, 0xF81F, 0xF81F, 0xF81F,
    0xF81F, 0xF81F, 0xF81F, 0xF81F, 0xF81F, 0xF81F, 0xF81F, 0xF81F, 0xF81F, 0xF81F, 0xF81F, 0xF81F,
    0xF81F, 0xF81F, 0xF81F, 0xF81F, 0x0000, 0x0000, 0x630C, 0xFFFF, 0xFFFF, 0xFFFF, 0xFFFF, 0x2104,
    0x0000, 0x0000, 0x0000, 0x3186, 0xFFFF, 0xFFFF, 0xFFFF, 0xFFFF, 0xFFFF, 0xFFFF, 0xFFFF, 0xFFFF,
    0xFFFF, 0xFFFF, 0xFFFF, 0xFFFF, 0xFFFF, 0xFFFF, 0xFFFF, 0xFFFF, 0xFFFF, 0xFFFF, 0xFFFF, 0x4208,
    0x0000, 0x0000, 0x630C, 0xFFFF, 0x73AE, 0x0000, 0x0000, 0x0000, 0x528A, 0xFFFF, 0xFFFF, 0xFFFF,
    0xFFFF, 0xFFFF, 0xFFFF, 0xFFFF, 0xFFFF, 0xFFFF, 0xFFFF, 0xFFFF, 0xFFFF, 0xFFFF, 0xFFFF, 0xFFFF,
    0xFFFF, 0xFFFF, 0xFFFF, 0xFFFF, 0xFFFF, 0xFFFF, 0x73AE, 0x1082, 0x0000, 0x8430, 0xFFFF, 0xFFFF,
    0xFFFF, 0xFFFF, 0xFFFF, 0xFFFF, 0xEF5D, 0xE71C, 0x630C, 0x3186, 0x2104, 0x0000, 0x0000, 0x0000,
    0x2104, 0x630C, 0x73AE, 0xE71C, 0xFFFF, 0xFFFF, 0xFFFF, 0xFFFF, 0xFFFF, 0xFFFF, 0xFFFF, 0xFFFF,
    0xFFFF, 0xFFFF, 0xFFFF, 0xFFFF, 0xFFFF, 0xFFFF, 0xFFFF, 0xFFFF, 0xFFFF, 0xFFFF, 0xFFFF, 0xFFFF,
    0xFFFF, 0xFFFF, 0xFFFF, 0xFFFF, 0xFFFF, 0xFFFF, 0xFFFF, 0xFFFF, 0xEF5D, 0x4208, 0x0000, 0x0000,
    0xF81F, 0xF81F, 0xF81F, 0xF81F, 0xF81F, 0xF81F, 0xF81F, 0xF81F, 0xF81F, 0xF81F, 0xF81F, 0xF81F,
    0xF81F, 0xF81F, 0xF81F, 0xF81F, 0xF81F, 0xF81F, 0xF81F, 0xF81F, 0xF81F, 0xF81F, 0xF81F, 0xF81F,
    0x0000, 0x0000, 0x8430, 0xFFFF, 0xFFFF, 0xFFFF, 0xE71C, 0x0000, 0x0000, 0x0000, 0x0000, 0x4208,
    0xEF5D, 0xFFFF, 0xFFFF, 0xFFFF, 0xFFFF, 0xFFFF, 0xFFFF, 0xFFFF, 0xFFFF, 0xFFFF, 0xFFFF, 0xFFFF,
    0xFFFF, 0xFFFF, 0xFFFF, 0xFFFF, 0xFFFF, 0xFFFF, 0xFFFF, 0x8430, 0x1082, 0x0000, 0x1082, 0xE71C,
    0xFFFF, 0x2104, 0x0000, 0x0000, 0x1082, 0xE71C, 0xFFFF, 0xFFFF, 0xFFFF, 0xFFFF, 0xFFFF, 0xFFFF,
    0xFFFF, 0xFFFF, 0xFFFF, 0xFFFF, 0xFFFF, 0xFFFF, 0xFFFF, 0xFFFF, 0xFFFF, 0xFFFF, 0xFFFF, 0xFFFF,
    0xFFFF, 0xFFFF, 0xE71C, 0x3186, 0x0000, 0x73AE, 0xEF5D, 0xFFFF, 0xFFFF, 0xFFFF, 0xFFFF, 0x73AE,
    0x4208, 0x2104, 0x0000, 0x0000, 0x0000, 0x1082, 0x528A, 0x73AE, 0xE71C, 0xFFFF, 0xFFFF, 0xFFFF,
    0xFFFF, 0xFFFF, 0xFFFF, 0xFFFF, 0xFFFF, 0xFFFF, 0xFFFF, 0xFFFF, 0xFFFF, 0xFFFF, 0xFFFF, 0xFFFF,
    0xFFFF, 0xFFFF, 0xFFFF, 0xFFFF, 0xFFFF, 0xFFFF, 0xFFFF, 0xFFFF, 0xFFFF, 0xFFFF, 0xFFFF, 0xFFFF,
    0xFFFF, 0xFFFF, 0xFFFF, 0xFFFF, 0xE71C, 0x3186, 0x0000, 0x0000, 0xF81F, 0xF81F, 0xF81F, 0xF81F,
    0xF81F, 0xF81F, 0xF81F, 0xF81F, 0xF81F, 0xF81F, 0xF81F, 0xF81F, 0xF81F, 0xF81F, 0xF81F, 0xF81F,
    0xF81F, 0xF81F, 0xF81F, 0xF81F, 0xF81F, 0xF81F, 0xF81F, 0x0000, 0x0000, 0x1082, 0x8430, 0xFFFF,
    0xFFFF, 0xFFFF, 0x73AE, 0x0000, 0x0000, 0x0000, 0x0000, 0x528A, 0xEF5D, 0xFFFF, 0xFFFF, 0xFFFF,
    0xFFFF, 0xFFFF, 0xFFFF, 0xFFFF, 0xFFFF, 0xFFFF, 0xFFFF, 0xFFFF, 0xFFFF, 0xFFFF, 0xFFFF, 0xFFFF,
    0xFFFF, 0xFFFF, 0xFFFF, 0xEF5D, 0x528A, 0x0000, 0x0000, 0x528A, 0xFFFF, 0x528A, 0x0000, 0x0000,
    0x0000, 0x630C, 0xFFFF, 0xFFFF, 0xFFFF, 0xFFFF, 0xFFFF, 0xFFFF, 0xFFFF, 0xFFFF, 0xFFFF, 0xFFFF,
    0xFFFF, 0xFFFF, 0xFFFF, 0xFFFF, 0xFFFF, 0xFFFF, 0xFFFF, 0xFFFF, 0xFFFF, 0xFFFF, 0xFFFF, 0x4208,
    0x0000, 0x528A, 0xFFFF, 0xFFFF, 0x73AE, 0x4208, 0x1082, 0x1082, 0x0000, 0x0000, 0x0000, 0x4208,
    0x8430, 0xE71C, 0xFFFF, 0xFFFF, 0xFFFF, 0xFFFF, 0xFFFF, 0xFFFF, 0xFFFF, 0xFFFF, 0xFFFF, 0xFFFF,
    0xFFFF, 0xFFFF, 0xFFFF, 0xFFFF, 0xFFFF, 0xFFFF, 0xFFFF, 0xFFFF, 0xFFFF, 0xFFFF, 0xFFFF, 0xFFFF,
    0xFFFF, 0xFFFF, 0xFFFF, 0xFFFF, 0xFFFF, 0xFFFF, 0xFFFF, 0xFFFF, 0xFFFF, 0xFFFF, 0xFFFF, 0xFFFF,
    0x73AE, 0x1082, 0x0000, 0x0000, 0xF81F, 0xF81F, 0xF81F, 0xF81F, 0xF81F, 0xF81F, 0xF81F, 0xF81F,
    0xF81F, 0xF81F, 0xF81F, 0xF81F, 0xF81F, 0xF81F, 0xF81F, 0xF81F, 0xF81F, 0xF81F, 0xF81F, 0xF81F,
    0xF81F, 0xF81F, 0xF81F, 0x0000, 0x0000, 0x3186, 0xE71C, 0xFFFF, 0xFFFF, 0xFFFF, 0x528A, 0x0000,
    0x0000, 0x0000, 0x1082, 0x73AE, 0xFFFF, 0xFFFF, 0xFFFF, 0xFFFF, 0xFFFF, 0xFFFF, 0xFFFF, 0xFFFF,
    0xFFFF, 0xFFFF, 0xFFFF, 0xFFFF, 0xFFFF, 0xFFFF, 0xFFFF, 0xFFFF, 0xFFFF, 0xFFFF, 0xFFFF, 0xFFFF,
    0xE71C, 0x2104, 0x0000, 0x1082, 0xE71C, 0xE71C, 0x0000, 0x0000, 0x0000, 0x2104, 0xFFFF, 0xFFFF,
    0xFFFF, 0xFFFF, 0xFFFF, 0xFFFF, 0xFFFF, 0xFFFF, 0xFFFF, 0xFFFF, 0xFFFF, 0xFFFF, 0xFFFF, 0xFFFF,
    0xFFFF, 0xFFFF, 0xFFFF, 0xFFFF, 0xFFFF, 0xFFFF, 0xEF5D, 0x528A, 0x0000, 0x2104, 0x4208, 0x2104,
    0x1082, 0x0000, 0x0000, 0x0000, 0x3186, 0x73AE, 0xE71C, 0xE71C, 0xFFFF, 0xFFFF, 0xFFFF, 0xFFFF,
    0xFFFF, 0xFFFF, 0xFFFF, 0xFFFF, 0xFFFF, 0xFFFF, 0xFFFF, 0xFFFF, 0xFFFF, 0xFFFF, 0xFFFF, 0xFFFF,
    0xFFFF, 0xFFFF, 0xFFFF, 0xFFFF, 0xFFFF, 0xFFFF, 0xFFFF, 0xFFFF, 0xFFFF, 0xFFFF, 0xFFFF, 0xFFFF,
    0xFFFF, 0xFFFF, 0xFFFF, 0xFFFF, 0xFFFF, 0xFFFF, 0xFFFF, 0xEF5D, 0x528A, 0x0000, 0x0000, 0xF81F,
    0xF81F, 0xF81F, 0xF81F, 0xF81F, 0xF81F, 0xF81F, 0xF81F, 0xF81F, 0xF81F, 0xF81F, 0xF81F, 0xF81F,
    0xF81F, 0xF81F, 0xF81F, 0xF81F, 0xF81F, 0xF81F, 0xF81F, 0xF81F, 0xF81F, 0xF81F, 0xF81F, 0x0000,
    0x0000, 0x3186, 0xE71C, 0xFFFF, 0xFFFF, 0xFFFF, 0x4208, 0x0000, 0x0000, 0x0000, 0x1082, 0x73AE,
    0xFFFF, 0xFFFF, 0xFFFF, 0xFFFF, 0xFFFF, 0xFFFF, 0xFFFF, 0xFFFF, 0xFFFF, 0xFFFF, 0xFFFF, 0xFFFF,
    0xFFFF, 0xFFFF, 0xFFFF, 0xFFFF, 0xFFFF, 0xFFFF, 0xFFFF, 0xFFFF, 0xEF5D, 0x4208, 0x0000, 0x0000,
    0x630C, 0xFFFF, 0x2104, 0x0000, 0x0000, 0x1082, 0x8430, 0xFFFF, 0xFFFF, 0xFFFF, 0xFFFF, 0xFFFF,
    0xFFFF, 0xFFFF, 0xFFFF, 0xFFFF, 0xFFFF, 0xFFFF, 0xFFFF, 0xFFFF, 0xFFFF, 0xFFFF, 0xFFFF, 0xFFFF,
    0xFFFF, 0xFFFF, 0xEF5D, 0x630C, 0x0000, 0x0000, 0x0000, 0x0000, 0x0000, 0x3186, 0x630C, 0xE71C,
    0xFFFF, 0xFFFF, 0xFFFF, 0xFFFF, 0xFFFF, 0xFFFF, 0xFFFF, 0xFFFF, 0xFFFF, 0xFFFF, 0xFFFF, 0xFFFF,
    0xFFFF, 0xFFFF, 0xFFFF, 0xFFFF, 0xFFFF, 0xFFFF, 0xFFFF, 0xFFFF, 0xFFFF, 0xFFFF, 0xFFFF, 0xFFFF,
    0xFFFF, 0xFFFF, 0xFFFF, 0xFFFF, 0xFFFF, 0xFFFF, 0xFFFF, 0xFFFF, 0xFFFF, 0xFFFF, 0xFFFF, 0xFFFF,
    0xFFFF, 0xFFFF, 0xFFFF, 0xE71C, 0x3186, 0x0000, 0x0000, 0xF81F, 0xF81F, 0xF81F, 0xF81F, 0xF81F,
    0xF81F, 0xF81F, 0xF81F, 0xF81F, 0xF81F, 0xF81F, 0xF81F, 0xF81F, 0xF81F, 0xF81F, 0xF81F, 0xF81F,
    0xF81F, 0xF81F, 0xF81F, 0xF81F, 0xF81F, 0xF81F, 0xF81F, 0x0000, 0x0000, 0x4208, 0xE71C, 0xFFFF,
    0xFFFF, 0xFFFF, 0x3186, 0x0000, 0x0000, 0x0000, 0x1082, 0x73AE, 0xFFFF, 0xFFFF, 0xFFFF, 0xFFFF,
    0xFFFF, 0xFFFF, 0xFFFF, 0xFFFF, 0xFFFF, 0xFFFF, 0xFFFF, 0xFFFF, 0xFFFF, 0xFFFF, 0xFFFF, 0xFFFF,
    0xFFFF, 0xFFFF, 0xFFFF, 0xFFFF, 0xFFFF, 0x8430, 0x1082, 0x0000, 0x3186, 0xE71C, 0x528A, 0x0000,
    0x0000, 0x0000, 0x528A, 0xFFFF, 0xFFFF, 0xFFFF, 0xFFFF, 0xFFFF, 0xFFFF, 0xFFFF, 0xFFFF, 0xFFFF,
    0xFFFF, 0xFFFF, 0xFFFF, 0xFFFF, 0xFFFF, 0xFFFF, 0xFFFF, 0xFFFF, 0xFFFF, 0xFFFF, 0xFFFF, 0x73AE,
    0x1082, 0x1082, 0x2104, 0x630C, 0xE71C, 0xFFFF, 0xFFFF, 0xFFFF, 0xFFFF, 0xFFFF, 0xFFFF, 0xFFFF,
    0xFFFF, 0xFFFF, 0xFFFF, 0xFFFF, 0xFFFF, 0xFFFF, 0xFFFF, 0xFFFF, 0xFFFF, 0xFFFF, 0xFFFF, 0xFFFF,
    0xFFFF, 0xFFFF, 0xFFFF, 0xFFFF, 0xFFFF, 0xFFFF, 0xFFFF, 0xFFFF, 0xFFFF, 0xFFFF, 0xFFFF, 0xFFFF,
    0xFFFF, 0xFFFF, 0xFFFF, 0xFFFF, 0xFFFF, 0xFFFF, 0xFFFF, 0xFFFF, 0xFFFF, 0xFFFF, 0xEF5D, 0x73AE,
    0x0000, 0x0000, 0x0000, 0xF81F, 0xF81F, 0xF81F, 0xF81F, 0xF81F, 0xF81F, 0xF81F, 0xF81F, 0xF81F,
    0xF81F, 0xF81F, 0xF81F, 0xF81F, 0xF81F, 0xF81F, 0xF81F, 0xF81F, 0xF81F, 0xF81F, 0xF81F, 0xF81F,
    0xF81F, 0xF81F, 0xF81F, 0x0000, 0x0000, 0x528A, 0xFFFF, 0xFFFF, 0xFFFF, 0xFFFF, 0x3186, 0x0000,
    0x0000, 0x0000, 0x1082, 0x73AE, 0xFFFF, 0xFFFF, 0xFFFF, 0xFFFF, 0xFFFF, 0xFFFF, 0xFFFF, 0xFFFF,
    0xFFFF, 0xFFFF, 0xFFFF, 0xFFFF, 0xFFFF, 0xFFFF, 0xFFFF, 0xFFFF, 0xFFFF, 0xFFFF, 0xFFFF, 0xFFFF,
    0xFFFF, 0xEF5D, 0x3186, 0x0000, 0x0000, 0x73AE, 0x8430, 0x0000, 0x0000, 0x0000, 0x3186, 0xEF5D,
    0xFFFF, 0xFFFF, 0xFFFF, 0xFFFF, 0xFFFF, 0xFFFF, 0xFFFF, 0xFFFF, 0xFFFF, 0xFFFF, 0xFFFF, 0xFFFF,
    0xFFFF, 0xFFFF, 0xFFFF, 0xFFFF, 0xFFFF, 0xFFFF, 0xFFFF, 0xFFFF, 0x8430, 0x8430, 0xFFFF, 0xFFFF,
    0xFFFF, 0xFFFF, 0xFFFF, 0xFFFF, 0xFFFF, 0xFFFF, 0xFFFF, 0xFFFF, 0xFFFF, 0xFFFF, 0xFFFF, 0xFFFF,
    0xFFFF, 0xFFFF, 0xFFFF, 0xFFFF, 0xFFFF, 0xFFFF, 0xFFFF, 0xFFFF, 0xFFFF, 0xFFFF, 0xFFFF, 0xFFFF,
    0xFFFF, 0xFFFF, 0xFFFF, 0xFFFF, 0xFFFF, 0xFFFF, 0xFFFF, 0xFFFF, 0xFFFF, 0xFFFF, 0xFFFF, 0xFFFF,
    0xFFFF, 0xFFFF, 0xFFFF, 0xFFFF, 0xFFFF, 0xFFFF, 0xE71C, 0x3186, 0x0000, 0x0000, 0xF81F, 0xF81F,
    0xF81F, 0xF81F, 0xF81F, 0xF81F, 0xF81F, 0xF81F, 0xF81F, 0xF81F, 0xF81F, 0xF81F, 0xF81F, 0xF81F,
    0xF81F, 0xF81F, 0xF81F, 0xF81F, 0xF81F, 0xF81F, 0xF81F, 0xF81F, 0xF81F, 0xF81F, 0xF81F, 0x0000,
    0x0000, 0x528A, 0xFFFF, 0xFFFF, 0xFFFF, 0xFFFF, 0x3186, 0x0000, 0x0000, 0x0000, 0x1082, 0x73AE,
    0xFFFF, 0xFFFF, 0xFFFF, 0xFFFF, 0xFFFF, 0xFFFF, 0xFFFF, 0xFFFF, 0xFFFF, 0xFFFF, 0xFFFF, 0xFFFF,
    0xFFFF, 0xFFFF, 0xFFFF, 0xFFFF, 0xFFFF, 0xFFFF, 0xFFFF, 0xFFFF, 0xFFFF, 0xEF5D, 0x630C, 0x0000,
    0x0000, 0x3186, 0xE71C, 0x0000, 0x0000, 0x0000, 0x2104, 0xE71C, 0xFFFF, 0xFFFF, 0xFFFF, 0xFFFF,
    0xFFFF, 0xFFFF, 0xFFFF, 0xFFFF, 0xFFFF, 0xFFFF, 0xFFFF, 0xFFFF, 0xFFFF, 0xFFFF, 0xFFFF, 0xFFFF,
    0xFFFF, 0xFFFF, 0xFFFF, 0xFFFF, 0xFFFF, 0xFFFF, 0xFFFF, 0xFFFF, 0xFFFF, 0xFFFF, 0xFFFF, 0xFFFF,
    0xFFFF, 0xFFFF, 0xFFFF, 0xFFFF, 0xFFFF, 0xFFFF, 0xFFFF, 0xFFFF, 0xFFFF, 0xFFFF, 0xFFFF, 0xFFFF,
    0xFFFF, 0xFFFF, 0xFFFF, 0xFFFF, 0xFFFF, 0xFFFF, 0xFFFF, 0xFFFF, 0xFFFF, 0xFFFF, 0xFFFF, 0xFFFF,
    0xFFFF, 0xFFFF, 0xFFFF, 0xFFFF, 0xFFFF, 0xFFFF, 0xFFFF, 0xFFFF, 0xFFFF, 0xFFFF, 0xFFFF, 0xFFFF,
    0xFFFF, 0xFFFF, 0x73AE, 0x0000, 0x0000, 0x0000, 0xF81F, 0xF81F, 0xF81F, 0xF81F, 0xF81F, 0xF81F,
    0xF81F, 0xF81F, 0xF81F, 0xF81F, 0xF81F, 0xF81F, 0xF81F, 0xF81F, 0xF81F, 0xF81F, 0xF81F, 0xF81F,
    0xF81F, 0xF81F, 0xF81F, 0xF81F, 0xF81F, 0xF81F, 0xF81F, 0x0000, 0x0000, 0x4208, 0xE71C, 0xFFFF,
    0xFFFF, 0xFFFF, 0x3186, 0x0000, 0x0000, 0x0000, 0x1082, 0x73AE, 0xFFFF, 0xFFFF, 0xFFFF, 0xFFFF,
    0xFFFF, 0xFFFF, 0xFFFF, 0xFFFF, 0xFFFF, 0xFFFF, 0xFFFF, 0xFFFF, 0xFFFF, 0xFFFF, 0xFFFF, 0xFFFF,
    0xFFFF, 0xFFFF, 0xFFFF, 0xFFFF, 0xFFFF, 0xFFFF, 0x8430, 0x1082, 0x0000, 0x0000, 0x73AE, 0x0000,
    0x0000, 0x0000, 0x1082, 0x73AE, 0xFFFF, 0xFFFF, 0xFFFF, 0xFFFF, 0xFFFF, 0xFFFF, 0xFFFF, 0xFFFF,
    0xFFFF, 0xFFFF, 0xFFFF, 0xFFFF, 0xFFFF, 0xFFFF, 0xFFFF, 0xFFFF, 0xFFFF, 0xFFFF, 0xFFFF, 0xFFFF,
    0xFFFF, 0xFFFF, 0xFFFF, 0xFFFF, 0xFFFF, 0xFFFF, 0xFFFF, 0xFFFF, 0xFFFF, 0xFFFF, 0xFFFF, 0xFFFF,
    0xFFFF, 0xFFFF, 0xFFFF, 0xFFFF, 0xFFFF, 0xFFFF, 0xFFFF, 0xFFFF, 0xFFFF, 0xFFFF, 0xFFFF, 0xFFFF,
    0xFFFF, 0xFFFF, 0xFFFF, 0xFFFF, 0xFFFF, 0xFFFF, 0xFFFF, 0xFFFF, 0xFFFF, 0xFFFF, 0xFFFF, 0xFFFF,
    0xFFFF, 0xFFFF, 0xFFFF, 0xFFFF, 0xFFFF, 0xFFFF, 0xFFFF, 0xFFFF, 0xFFFF, 0xE71C, 0x3186, 0x0000,
    0x0000, 0xF81F, 0xF81F, 0xF81F, 0xF81F, 0xF81F, 0xF81F, 0xF81F, 0xF81F, 0xF81F, 0xF81F, 0xF81F,
    0xF81F, 0xF81F, 0xF81F, 0xF81F, 0xF81F, 0xF81F, 0xF81F, 0xF81F, 0xF81F, 0xF81F, 0xF81F, 0xF81F,
    0xF81F, 0xF81F, 0xF81F, 0x0000, 0x0000, 0x3186, 0xE71C, 0xFFFF, 0xFFFF, 0xFFFF, 0x3186, 0x0000,
    0x0000, 0x0000, 0x1082, 0x630C, 0xEF5D, 0xFFFF, 0xFFFF, 0xFFFF, 0xFFFF, 0xFFFF, 0xFFFF, 0xFFFF,
    0xFFFF, 0xFFFF, 0xFFFF, 0xFFFF, 0xFFFF, 0xFFFF, 0xFFFF, 0xFFFF, 0xFFFF, 0xEF5D, 0xFFFF, 0xFFFF,
    0xFFFF, 0xEF5D, 0xEF5D, 0x2104, 0x0000, 0x0000, 0x1082, 0x0000, 0x0000, 0x0000, 0x1082, 0x630C,
    0xEF5D, 0xFFFF, 0xFFFF, 0xFFFF, 0xFFFF, 0xFFFF, 0xFFFF, 0xFFFF, 0xFFFF, 0xFFFF, 0xFFFF, 0xFFFF,
    0xFFFF, 0xFFFF, 0xFFFF, 0xFFFF, 0xFFFF, 0xFFFF, 0xFFFF, 0xFFFF, 0xFFFF, 0xFFFF, 0xFFFF, 0xFFFF,
    0xFFFF, 0xFFFF, 0xFFFF, 0xFFFF, 0xFFFF, 0xFFFF, 0xFFFF, 0xFFFF, 0xFFFF, 0xFFFF, 0xFFFF, 0xFFFF,
    0xFFFF, 0xFFFF, 0xFFFF, 0xFFFF, 0xFFFF, 0xFFFF, 0xFFFF, 0xFFFF, 0xFFFF, 0xFFFF, 0xFFFF, 0xFFFF,
    0xFFFF, 0xFFFF, 0xFFFF, 0xFFFF, 0xFFFF, 0xFFFF, 0xFFFF, 0xFFFF, 0xFFFF, 0xFFFF, 0xFFFF, 0xFFFF,
    0xFFFF, 0xFFFF, 0xFFFF, 0xFFFF, 0xFFFF, 0x630C, 0x0000, 0x0000, 0x0000, 0xF81F, 0xF81F, 0xF81F,
    0xF81F, 0xF81F, 0xF81F, 0xF81F, 0xF81F, 0xF81F, 0xF81F, 0xF81F, 0xF81F, 0xF81F, 0xF81F, 0xF81F,
    0xF81F, 0xF81F, 0xF81F, 0xF81F, 0xF81F, 0xF81F, 0xF81F, 0xF81F, 0xF81F, 0xF81F, 0xF81F, 0x0000,
    0x0000, 0x3186, 0xE71C, 0xFFFF, 0xFFFF, 0xFFFF, 0x3186, 0x0000, 0x0000, 0x0000, 0x0000, 0x528A,
    0xEF5D, 0xFFFF, 0xFFFF, 0xFFFF, 0xFFFF, 0xFFFF, 0xFFFF, 0xFFFF, 0xFFFF, 0xFFFF, 0xFFFF, 0xFFFF,
    0xFFFF, 0xFFFF, 0xFFFF, 0xFFFF, 0x8430, 0x73AE, 0x630C, 0x4208, 0x528A, 0x630C, 0x73AE, 0x3186,
    0x0000, 0x0000, 0x0000, 0x0000, 0x0000, 0x0000, 0x0000, 0x4208, 0xEF5D, 0xFFFF, 0xFFFF, 0xFFFF,
    0xFFFF, 0xFFFF, 0xFFFF, 0xFFFF, 0xFFFF, 0xFFFF, 0xFFFF, 0xFFFF, 0xFFFF, 0xFFFF, 0xFFFF, 0xFFFF,
    0xFFFF, 0xFFFF, 0xFFFF, 0xFFFF, 0xFFFF, 0xFFFF, 0xFFFF, 0xFFFF, 0xFFFF, 0xFFFF, 0xFFFF, 0xFFFF,
    0xFFFF, 0xFFFF, 0xFFFF, 0xFFFF, 0xFFFF, 0xFFFF, 0xFFFF, 0xFFFF, 0xFFFF, 0xFFFF, 0xFFFF, 0xFFFF,
    0xFFFF, 0xFFFF, 0xFFFF, 0xFFFF, 0xFFFF, 0xFFFF, 0xFFFF, 0xFFFF, 0xFFFF, 0xFFFF, 0xFFFF, 0xFFFF,
    0xFFFF, 0xFFFF, 0xFFFF, 0xFFFF, 0xFFFF, 0xFFFF, 0xFFFF, 0xFFFF, 0xFFFF, 0xFFFF, 0xFFFF, 0xFFFF,
    0x8430, 0x1082, 0x0000, 0x0000, 0xF81F, 0xF81F, 0xF81F, 0xF81F, 0xF81F, 0xF81F, 0xF81F, 0xF81F,
    0xF81F, 0xF81F, 0xF81F, 0xF81F, 0xF81F, 0xF81F, 0xF81F, 0xF81F, 0xF81F, 0xF81F, 0xF81F, 0xF81F,
    0xF81F, 0xF81F, 0xF81F, 0xF81F, 0xF81F, 0xF81F, 0xF81F, 0x0000, 0x0000, 0x2104, 0xE71C, 0xFFFF,
    0xFFFF, 0xFFFF, 0x528A, 0x0000, 0x0000, 0x0000, 0x0000, 0x4208, 0xEF5D, 0xFFFF, 0xFFFF, 0xFFFF,
    0xFFFF, 0xFFFF, 0xFFFF, 0xFFFF, 0xFFFF, 0xFFFF, 0xFFFF, 0xFFFF, 0xFFFF, 0xFFFF, 0x73AE, 0x4208,
    0x1082, 0x1082, 0x2104, 0x2104, 0x2104, 0x2104, 0x2104, 0x1082, 0x0000, 0x0000, 0x0000, 0x0000,
    0x0000, 0x0000, 0x0000, 0x3186, 0xEF5D, 0xFFFF, 0xFFFF, 0xFFFF, 0xFFFF, 0xFFFF, 0xFFFF, 0xFFFF,
    0xFFFF, 0xFFFF, 0xFFFF, 0xFFFF, 0xFFFF, 0xFFFF, 0xFFFF, 0xFFFF, 0xFFFF, 0xFFFF, 0xFFFF, 0xFFFF,
    0xFFFF, 0xFFFF, 0xFFFF, 0xFFFF, 0xFFFF, 0xFFFF, 0xFFFF, 0xFFFF, 0xFFFF, 0xFFFF, 0xFFFF, 0xFFFF,
    0xFFFF, 0xFFFF, 0xFFFF, 0xFFFF, 0xFFFF, 0xFFFF, 0xFFFF, 0xFFFF, 0xFFFF, 0xFFFF, 0xFFFF, 0xFFFF,
    0xFFFF, 0xFFFF, 0xFFFF, 0xFFFF, 0xFFFF, 0xFFFF, 0xFFFF, 0xFFFF, 0xFFFF, 0xFFFF, 0xFFFF, 0xFFFF,
    0xFFFF, 0xFFFF, 0xFFFF, 0xFFFF, 0xFFFF, 0xFFFF, 0xFFFF, 0xE71C, 0x3186, 0x0000, 0x0000, 0xF81F,
    0xF81F, 0xF81F, 0xF81F, 0xF81F, 0xF81F, 0xF81F, 0xF81F, 0xF81F, 0xF81F, 0xF81F, 0xF81F, 0xF81F,
    0xF81F, 0xF81F, 0xF81F, 0xF81F, 0xF81F, 0xF81F, 0xF81F, 0xF81F, 0xF81F, 0xF81F, 0xF81F, 0xF81F,
    0xF81F, 0xF81F, 0xF81F, 0x0000, 0x0000, 0x1082, 0x8430, 0xFFFF, 0xFFFF, 0xFFFF, 0x630C, 0x0000,
    0x0000, 0x0000, 0x0000, 0x2104, 0xE71C, 0xEF5D, 0xEF5D, 0xFFFF, 0xE71C, 0x8430, 0xE71C, 0xE71C,
    0xFFFF, 0xEF5D, 0xEF5D, 0xFFFF, 0xFFFF, 0x528A, 0x1082, 0x0000, 0x2104, 0x3186, 0x73AE, 0xE71C,
    0xFFFF, 0xFFFF, 0x8430, 0x528A, 0x1082, 0x0000, 0x0000, 0x0000, 0x0000, 0x0000, 0x0000, 0x3186,
    0xEF5D, 0xFFFF, 0xFFFF, 0xFFFF, 0xFFFF, 0xFFFF, 0xFFFF, 0xFFFF, 0xFFFF, 0xFFFF, 0xFFFF, 0xFFFF,
    0xFFFF, 0xFFFF, 0xFFFF, 0xFFFF, 0xFFFF, 0xFFFF, 0xFFFF, 0xFFFF, 0xFFFF, 0xFFFF, 0xFFFF, 0xFFFF,
    0xFFFF, 0xFFFF, 0xFFFF, 0xFFFF, 0xFFFF, 0xFFFF, 0xFFFF, 0xFFFF, 0xFFFF, 0xFFFF, 0xFFFF, 0xFFFF,
    0xFFFF, 0xFFFF, 0xFFFF, 0xFFFF, 0xFFFF, 0xFFFF, 0xFFFF, 0xFFFF, 0xFFFF, 0xFFFF, 0xFFFF, 0xFFFF,
    0xFFFF, 0xFFFF, 0xFFFF, 0xFFFF, 0xFFFF, 0xFFFF, 0xFFFF, 0xFFFF, 0xFFFF, 0xFFFF, 0xFFFF, 0xFFFF,
    0xFFFF, 0xFFFF, 0xFFFF, 0x4208, 0x0000, 0x0000, 0xF81F, 0xF81F, 0xF81F, 0xF81F, 0xF81F, 0xF81F,
    0xF81F, 0xF81F, 0xF81F, 0xF81F, 0xF81F, 0xF81F, 0xF81F, 0xF81F, 0xF81F, 0xF81F, 0xF81F, 0xF81F,
    0xF81F, 0xF81F, 0xF81F, 0xF81F, 0xF81F, 0xF81F, 0xF81F, 0xF81F, 0xF81F, 0xF81F, 0xF81F, 0xF81F,
    0x0000, 0x0000, 0x73AE, 0xFFFF, 0xFFFF, 0xFFFF, 0x8430, 0x0000, 0x0000, 0x0000, 0x0000, 0x1082,
    0x630C, 0x8430, 0x528A, 0x3186, 0x3186, 0x1082, 0x2104, 0x3186, 0x3186, 0x528A, 0x73AE, 0xE71C,
    0x630C, 0x0000, 0x1082, 0x630C, 0x3186, 0x0000, 0x1082, 0x3186, 0x528A, 0x8430, 0xEF5D, 0xE71C,
    0x1082, 0x0000, 0x0000, 0x0000, 0x0000, 0x0000, 0x0000, 0x3186, 0xEF5D, 0xFFFF, 0xFFFF, 0xFFFF,
    0xFFFF, 0xFFFF, 0xFFFF, 0xFFFF, 0xFFFF, 0xFFFF, 0xFFFF, 0xFFFF, 0xFFFF, 0xFFFF, 0xFFFF, 0xFFFF,
    0xFFFF, 0xFFFF, 0xFFFF, 0xFFFF, 0xFFFF, 0xFFFF, 0xFFFF, 0xFFFF, 0xFFFF, 0xFFFF, 0xFFFF, 0xFFFF,
    0xFFFF, 0xFFFF, 0xFFFF, 0xFFFF, 0xFFFF, 0xFFFF, 0xFFFF, 0xFFFF, 0xFFFF, 0xFFFF, 0xFFFF, 0xFFFF,
    0xFFFF, 0xFFFF, 0xFFFF, 0xFFFF, 0xFFFF, 0xFFFF, 0xFFFF, 0xFFFF, 0xFFFF, 0xFFFF, 0xFFFF, 0xFFFF,
    0xFFFF, 0xFFFF, 0xFFFF, 0xFFFF, 0xFFFF, 0xFFFF, 0xFFFF, 0xFFFF, 0xFFFF, 0xFFFF, 0x630C, 0x0000,
    0x0000, 0x0000, 0xF81F, 0xF81F, 0xF81F, 0xF81F, 0xF81F, 0xF81F, 0xF81F, 0xF81F, 0xF81F, 0xF81F,
    0xF81F, 0xF81F, 0xF81F, 0xF81F, 0xF81F, 0xF81F, 0xF81F, 0xF81F, 0xF81F, 0xF81F, 0xF81F, 0xF81F,
    0xF81F, 0xF81F, 0xF81F, 0xF81F, 0xF81F, 0xF81F, 0xF81F, 0xF81F, 0x0000, 0x0000, 0x528A, 0xFFFF,
    0xFFFF, 0xFFFF, 0xE71C, 0x1082, 0x0000, 0x0000, 0x0000, 0x0000, 0x1082, 0x1082, 0x0000, 0x2104,
    0x4208, 0x528A, 0x528A, 0x4208, 0x3186, 0x1082, 0x1082, 0x2104, 0x1082, 0x1082, 0x8430, 0xFFFF,
    0x73AE, 0x630C, 0x4208, 0x1082, 0x0000, 0x1082, 0x4208, 0x528A, 0x1082, 0x0000, 0x0000, 0x0000,
    0x0000, 0x0000, 0x0000, 0x3186, 0xEF5D, 0xFFFF, 0xFFFF, 0xFFFF, 0xFFFF, 0xFFFF, 0xFFFF, 0xFFFF,
    0xFFFF, 0xFFFF, 0xFFFF, 0xFFFF, 0xFFFF, 0xFFFF, 0xFFFF, 0xFFFF, 0xFFFF, 0xFFFF, 0xFFFF, 0xFFFF,
    0xEF5D, 0xEF5D, 0xFFFF, 0xFFFF, 0xFFFF, 0xFFFF, 0xFFFF, 0xFFFF, 0xFFFF, 0xFFFF, 0xFFFF, 0xFFFF,
    0xFFFF, 0xFFFF, 0xFFFF, 0xFFFF, 0xFFFF, 0xFFFF, 0xFFFF, 0xFFFF, 0xFFFF, 0xFFFF, 0xFFFF, 0xFFFF,
    0xFFFF, 0xFFFF, 0xFFFF, 0xFFFF, 0xFFFF, 0xFFFF, 0xFFFF, 0xFFFF, 0xFFFF, 0xFFFF, 0xFFFF, 0xFFFF,
    0xFFFF, 0xFFFF, 0xFFFF, 0xFFFF, 0xFFFF, 0x630C, 0x1082, 0x0000, 0x0000, 0xF81F, 0xF81F, 0xF81F,
    0xF81F, 0xF81F, 0xF81F, 0xF81F, 0xF81F, 0xF81F, 0xF81F, 0xF81F, 0xF81F, 0xF81F, 0xF81F, 0xF81F,
    0xF81F, 0xF81F, 0xF81F, 0xF81F, 0xF81F, 0xF81F, 0xF81F, 0xF81F, 0xF81F, 0xF81F, 0xF81F, 0xF81F,
    0xF81F, 0xF81F, 0xF81F, 0xF81F, 0x0000, 0x0000, 0x3186, 0xE71C, 0xFFFF, 0xFFFF, 0xFFFF, 0x4208,
    0x0000, 0x0000, 0x0000, 0x0000, 0x0000, 0x528A, 0x8430, 0xE71C, 0xFFFF, 0xFFFF, 0x4208, 0x4208,
    0xE71C, 0x8430, 0x630C, 0x2104, 0x0000, 0x1082, 0x8430, 0xEF5D, 0xFFFF, 0xEF5D, 0xFFFF, 0xE71C,
    0x73AE, 0x1082, 0x0000, 0x0000, 0x0000, 0x0000, 0x0000, 0x0000, 0x0000, 0x0000, 0x0000, 0x3186,
    0xEF5D, 0xFFFF, 0xFFFF, 0xFFFF, 0xFFFF, 0xFFFF, 0xFFFF, 0xFFFF, 0xFFFF, 0xFFFF, 0xFFFF, 0xFFFF,
    0xFFFF, 0xFFFF, 0xFFFF, 0xFFFF, 0xFFFF, 0xFFFF, 0xFFFF, 0xFFFF, 0x528A, 0x3186, 0xE71C, 0xFFFF,
    0xFFFF, 0xFFFF, 0xFFFF, 0xFFFF, 0xFFFF, 0xFFFF, 0xFFFF, 0xFFFF, 0xFFFF, 0xFFFF, 0xFFFF, 0xFFFF,
    0xFFFF, 0xFFFF, 0xFFFF, 0xFFFF, 0xFFFF, 0xFFFF, 0xFFFF, 0xFFFF, 0xFFFF, 0xFFFF, 0xFFFF, 0xFFFF,
    0xFFFF, 0xFFFF, 0xFFFF, 0xFFFF, 0xFFFF, 0xFFFF, 0xFFFF, 0xFFFF, 0xFFFF, 0xFFFF, 0xFFFF, 0xFFFF,
    0x4208, 0x0000, 0x0000, 0x0000, 0xF81F, 0xF81F, 0xF81F, 0xF81F, 0xF81F, 0xF81F, 0xF81F, 0xF81F,
    0xF81F, 0xF81F, 0xF81F, 0xF81F, 0xF81F, 0xF81F, 0xF81F, 0xF81F, 0xF81F, 0xF81F, 0xF81F, 0xF81F,
    0xF81F, 0xF81F, 0xF81F, 0xF81F, 0xF81F, 0xF81F, 0xF81F, 0xF81F, 0xF81F, 0xF81F, 0xF81F, 0xF81F,
    0xF81F, 0x0000, 0x0000, 0xE71C, 0xFFFF, 0xFFFF, 0xFFFF, 0x73AE, 0x0000, 0x0000, 0x0000, 0x2104,
    0x8430, 0xFFFF, 0xFFFF, 0xFFFF, 0xFFFF, 0xE71C, 0x1082, 0x0000, 0xE71C, 0xFFFF, 0xFFFF, 0xE71C,
    0x630C, 0x0000, 0x2104, 0x8430, 0xEF5D, 0xFFFF, 0xEF5D, 0xE71C, 0x4208, 0x1082, 0x0000, 0x2104,
    0x0000, 0x0000, 0x0000, 0x0000, 0x0000, 0x0000, 0x0000, 0x3186, 0xEF5D, 0xFFFF, 0xFFFF, 0xFFFF,
    0xFFFF, 0xFFFF, 0xFFFF, 0xFFFF, 0xFFFF, 0xFFFF, 0xFFFF, 0xFFFF, 0xFFFF, 0xFFFF, 0xFFFF, 0xFFFF,
    0xFFFF, 0xFFFF, 0xFFFF, 0xE71C, 0x2104, 0x0000, 0x73AE, 0xFFFF, 0xFFFF, 0xFFFF, 0xFFFF, 0xFFFF,
    0xFFFF, 0xFFFF, 0xFFFF, 0xFFFF, 0xFFFF, 0xFFFF, 0xFFFF, 0xFFFF, 0xFFFF, 0xFFFF, 0xFFFF, 0xFFFF,
    0xFFFF, 0xFFFF, 0xFFFF, 0xFFFF, 0xFFFF, 0xFFFF, 0xFFFF, 0xFFFF, 0xFFFF, 0xFFFF, 0xFFFF, 0xFFFF,
    0xFFFF, 0xFFFF, 0xFFFF, 0xFFFF, 0xFFFF, 0xFFFF, 0xE71C, 0x3186, 0x0000, 0x0000, 0x0000, 0xF81F,
    0xF81F, 0xF81F, 0xF81F, 0xF81F, 0xF81F, 0xF81F, 0xF81F, 0xF81F, 0xF81F, 0xF81F, 0xF81F, 0xF81F,
    0xF81F, 0xF81F, 0xF81F, 0xF81F, 0xF81F, 0xF81F, 0xF81F, 0xF81F, 0xF81F, 0xF81F, 0xF81F, 0xF81F,
    0xF81F, 0xF81F, 0xF81F, 0xF81F, 0xF81F, 0xF81F, 0xF81F, 0xF81F, 0xF81F, 0x0000, 0x0000, 0x630C,
    0xFFFF, 0xFFFF, 0xFFFF, 0xE71C, 0x1082, 0x0000, 0x1082, 0x8430, 0xFFFF, 0xFFFF, 0xFFFF, 0xFFFF,
    0xFFFF, 0xEF5D, 0x3186, 0x0000, 0x73AE, 0xFFFF, 0xFFFF, 0xFFFF, 0xFFFF, 0x630C, 0x0000, 0x2104,
    0xE71C, 0xFFFF, 0x528A, 0x1082, 0x0000, 0x2104, 0x73AE, 0x8430, 0x1082, 0x0000, 0x0000, 0x0000,
    0x0000, 0x0000, 0x0000, 0x3186, 0xEF5D, 0xFFFF, 0xFFFF, 0xFFFF, 0xFFFF, 0xFFFF, 0xFFFF, 0xFFFF,
    0xFFFF, 0xFFFF, 0xFFFF, 0xFFFF, 0xFFFF, 0xFFFF, 0xFFFF, 0xFFFF, 0xFFFF, 0xFFFF, 0xFFFF, 0x8430,
    0x2104, 0x0000, 0x8430, 0xFFFF, 0xFFFF, 0xFFFF, 0xFFFF, 0xFFFF, 0xFFFF, 0xFFFF, 0xFFFF, 0xFFFF,
    0xFFFF, 0xFFFF, 0xFFFF, 0xFFFF, 0xFFFF, 0xFFFF, 0xFFFF, 0xFFFF, 0xFFFF, 0xFFFF, 0xFFFF, 0xFFFF,
    0xFFFF, 0xFFFF, 0xFFFF, 0xFFFF, 0xFFFF, 0xFFFF, 0xFFFF, 0xFFFF, 0xFFFF, 0xFFFF, 0xFFFF, 0xFFFF,
    0xFFFF, 0x73AE, 0x2104, 0x0000, 0x0000, 0x0000, 0xF81F, 0xF81F, 0xF81F, 0xF81F, 0xF81F, 0xF81F,
    0xF81F, 0xF81F, 0xF81F, 0xF81F, 0xF81F, 0xF81F, 0xF81F, 0xF81F, 0xF81F, 0xF81F, 0xF81F, 0xF81F,
    0xF81F, 0xF81F, 0xF81F, 0xF81F, 0xF81F, 0xF81F, 0xF81F, 0xF81F, 0xF81F, 0xF81F, 0xF81F, 0xF81F,
    0xF81F, 0xF81F, 0xF81F, 0xF81F, 0xF81F, 0x0000, 0x0000, 0x3186, 0xE71C, 0xFFFF, 0xFFFF, 0xE71C,
    0x2104, 0x0000, 0x528A, 0xEF5D, 0xE71C, 0x8430, 0x8430, 0x8430, 0x8430, 0xE71C, 0x4208, 0x0000,
    0x4208, 0xFFFF, 0xFFFF, 0xFFFF, 0xFFFF, 0xFFFF, 0x630C, 0x0000, 0x2104, 0x3186, 0x0000, 0x0000,
    0x4208, 0xE71C, 0xFFFF, 0xE71C, 0x1082, 0x0000, 0x0000, 0x0000, 0x0000, 0x0000, 0x0000, 0x3186,
    0xEF5D, 0xFFFF, 0xFFFF, 0xFFFF, 0xFFFF, 0xFFFF, 0xFFFF, 0xFFFF, 0xFFFF, 0xFFFF, 0xFFFF, 0xFFFF,
    0xFFFF, 0xFFFF, 0xFFFF, 0xFFFF, 0xFFFF, 0xFFFF, 0xEF5D, 0x73AE, 0x1082, 0x1082, 0x8430, 0xFFFF,
    0xFFFF, 0xFFFF, 0xFFFF, 0xFFFF, 0xFFFF, 0xFFFF, 0xFFFF, 0xFFFF, 0xFFFF, 0xFFFF, 0xFFFF, 0xFFFF,
    0xFFFF, 0xFFFF, 0xFFFF, 0xFFFF, 0xFFFF, 0xFFFF, 0xFFFF, 0xFFFF, 0xFFFF, 0xFFFF, 0xFFFF, 0xFFFF,
    0xFFFF, 0xFFFF, 0xFFFF, 0xFFFF, 0xFFFF, 0xFFFF, 0xEF5D, 0x8430, 0x3186, 0x1082, 0x0000, 0x0000,
    0xF81F, 0xF81F, 0xF81F, 0xF81F, 0xF81F, 0xF81F, 0xF81F, 0xF81F, 0xF81F, 0xF81F, 0xF81F, 0xF81F,
    0xF81F, 0xF81F, 0xF81F, 0xF81F, 0xF81F, 0xF81F, 0xF81F, 0xF81F, 0xF81F, 0xF81F, 0xF81F, 0xF81F,
    0xF81F, 0xF81F, 0xF81F, 0xF81F, 0xF81F, 0xF81F, 0xF81F, 0xF81F, 0xF81F, 0xF81F, 0xF81F, 0xF81F,
    0xF81F, 0xF81F, 0x0000, 0x0000, 0x8430, 0xFFFF, 0xFFFF, 0xE71C, 0x0000, 0x2104, 0x73AE, 0x2104,
    0x1082, 0x1082, 0x1082, 0x1082, 0x1082, 0x1082, 0x0000, 0x0000, 0x0000, 0x3186, 0x528A, 0x630C,
    0xE71C, 0xFFFF, 0xE71C, 0x4208, 0x0000, 0x0000, 0x1082, 0x73AE, 0xFFFF, 0xFFFF, 0xFFFF, 0x73AE,
    0x1082, 0x0000, 0x0000, 0x0000, 0x0000, 0x0000, 0x0000, 0x528A, 0xEF5D, 0xFFFF, 0xFFFF, 0xFFFF,
    0xFFFF, 0xFFFF, 0xFFFF, 0xFFFF, 0xFFFF, 0xFFFF, 0xFFFF, 0xFFFF, 0xFFFF, 0xFFFF, 0xFFFF, 0xFFFF,
    0xFFFF, 0xFFFF, 0xEF5D, 0x630C, 0x0000, 0x3186, 0xE71C, 0xFFFF, 0xFFFF, 0xFFFF, 0xFFFF, 0xFFFF,
    0xFFFF, 0xFFFF, 0xFFFF, 0xFFFF, 0xFFFF, 0xFFFF, 0xFFFF, 0xFFFF, 0xFFFF, 0xFFFF, 0xFFFF, 0xFFFF,
    0xFFFF, 0xFFFF, 0xFFFF, 0xFFFF, 0xFFFF, 0xFFFF, 0xFFFF, 0xFFFF, 0xFFFF, 0xFFFF, 0xFFFF, 0xFFFF,
    0xFFFF, 0x8430, 0x4208, 0x1082, 0x0000, 0x0000, 0x0000, 0xF81F, 0xF81F, 0xF81F, 0xF81F, 0xF81F,
    0xF81F, 0xF81F, 0xF81F, 0xF81F, 0xF81F, 0xF81F, 0xF81F, 0xF81F, 0xF81F, 0xF81F, 0xF81F, 0xF81F,
    0xF81F, 0xF81F, 0xF81F, 0xF81F, 0xF81F, 0xF81F, 0xF81F, 0xF81F, 0xF81F, 0xF81F, 0xF81F, 0xF81F,
    0xF81F, 0xF81F, 0xF81F, 0xF81F, 0xF81F, 0xF81F, 0xF81F, 0xF81F, 0xF81F, 0xF81F, 0x0000, 0x0000,
    0x4208, 0xFFFF, 0xFFFF, 0xE71C, 0x0000, 0x2104, 0xE71C, 0x1082, 0x0000, 0x2104, 0x4208, 0x528A,
    0x630C, 0x73AE, 0x73AE, 0x1082, 0x0000, 0x1082, 0x0000, 0x0000, 0x1082, 0x3186, 0x73AE, 0x630C,
    0x0000, 0x3186, 0xFFFF, 0xFFFF, 0xFFFF, 0xFFFF, 0xFFFF, 0x630C, 0x1082, 0x0000, 0x0000, 0x0000,
    0x0000, 0x0000, 0x1082, 0x630C, 0xFFFF, 0xFFFF, 0xFFFF, 0xFFFF, 0xFFFF, 0xFFFF, 0xFFFF, 0xFFFF,
    0xFFFF, 0xFFFF, 0xFFFF, 0xFFFF, 0xFFFF, 0xFFFF, 0xFFFF, 0xFFFF, 0xFFFF, 0xFFFF, 0xEF5D, 0x4208,
    0x0000, 0x528A, 0xFFFF, 0xFFFF, 0xFFFF, 0xFFFF, 0xFFFF, 0xFFFF, 0xFFFF, 0xFFFF, 0xFFFF, 0xFFFF,
    0xFFFF, 0xFFFF, 0xFFFF, 0xFFFF, 0xFFFF, 0xFFFF, 0xFFFF, 0xFFFF, 0xFFFF, 0xFFFF, 0xFFFF, 0xFFFF,
    0xFFFF, 0xFFFF, 0xFFFF, 0xFFFF, 0xFFFF, 0xFFFF, 0xE71C, 0x630C, 0x2104, 0x1082, 0x0000, 0x0000,
    0x0000, 0x0000, 0xF81F, 0xF81F, 0xF81F, 0xF81F, 0xF81F, 0xF81F, 0xF81F, 0xF81F, 0xF81F, 0xF81F,
    0xF81F, 0xF81F, 0xF81F, 0xF81F, 0xF81F, 0xF81F, 0xF81F, 0xF81F, 0xF81F, 0xF81F, 0xF81F, 0xF81F,
    0xF81F, 0xF81F, 0xF81F, 0xF81F, 0xF81F, 0xF81F, 0xF81F, 0xF81F, 0xF81F, 0xF81F, 0xF81F, 0xF81F,
    0xF81F, 0xF81F, 0xF81F, 0xF81F, 0xF81F, 0xF81F, 0x0000, 0x0000, 0x0000, 0xE71C, 0xFFFF, 0xE71C,
    0x0000, 0x2104, 0xEF5D, 0xFFFF, 0xFFFF, 0xFFFF, 0xFFFF, 0xFFFF, 0xFFFF, 0xFFFF, 0xEF5D, 0x3186,
    0x0000, 0x73AE, 0xE71C, 0x630C, 0x3186, 0x0000, 0x1082, 0x3186, 0x0000, 0x4208, 0xEF5D, 0xFFFF,
    0xFFFF, 0xFFFF, 0xEF5D, 0x4208, 0x0000, 0x0000, 0x0000, 0x0000, 0x0000, 0x0000, 0x1082, 0x8430,
    0xFFFF, 0xFFFF, 0xFFFF, 0xFFFF, 0xFFFF, 0xFFFF, 0xFFFF, 0xFFFF, 0xFFFF, 0xFFFF, 0xFFFF, 0xFFFF,
    0xFFFF, 0xFFFF, 0xFFFF, 0xFFFF, 0xFFFF, 0xFFFF, 0xE71C, 0x3186, 0x0000, 0x73AE, 0xEF5D, 0xFFFF,
    0xFFFF, 0xFFFF, 0xFFFF, 0xFFFF, 0xFFFF, 0xFFFF, 0xFFFF, 0xFFFF, 0xFFFF, 0xFFFF, 0xFFFF, 0xFFFF,
    0xFFFF, 0xFFFF, 0xFFFF, 0xFFFF, 0xFFFF, 0xFFFF, 0xFFFF, 0xFFFF, 0xFFFF, 0xFFFF, 0xFFFF, 0xE71C,
    0x73AE, 0x3186, 0x1082, 0x0000, 0x0000, 0x0000, 0x0000, 0x0000, 0x0000, 0xF81F, 0xF81F, 0xF81F,
    0xF81F, 0xF81F, 0xF81F, 0xF81F, 0xF81F, 0xF81F, 0xF81F, 0xF81F, 0xF81F, 0xF81F, 0xF81F, 0xF81F,
    0xF81F, 0xF81F, 0xF81F, 0xF81F, 0xF81F, 0xF81F, 0xF81F, 0xF81F, 0xF81F, 0xF81F, 0xF81F, 0xF81F,
    0xF81F, 0xF81F, 0xF81F, 0xF81F, 0xF81F, 0xF81F, 0xF81F, 0xF81F, 0xF81F, 0xF81F, 0xF81F, 0xF81F,
    0xF81F, 0xF81F, 0xF81F, 0x0000, 0x0000, 0x4208, 0xFFFF, 0xE71C, 0x0000, 0x1082, 0x8430, 0xFFFF,
    0xFFFF, 0xFFFF, 0xFFFF, 0xFFFF, 0xFFFF, 0xFFFF, 0xEF5D, 0x4208, 0x0000, 0x4208, 0xFFFF, 0xFFFF,
    0xFFFF, 0xE71C, 0x528A, 0x4208, 0x0000, 0x3186, 0xE71C, 0xFFFF, 0xFFFF, 0xFFFF, 0xEF5D, 0x2104,
    0x0000, 0x0000, 0x0000, 0x0000, 0x0000, 0x0000, 0x2104, 0xFFFF, 0xFFFF, 0xFFFF, 0xFFFF, 0xFFFF,
    0xFFFF, 0xFFFF, 0xFFFF, 0xFFFF, 0xFFFF, 0xFFFF, 0xFFFF, 0xFFFF, 0xFFFF, 0xFFFF, 0xFFFF, 0xFFFF,
    0xFFFF, 0xFFFF, 0x73AE, 0x1082, 0x1082, 0x8430, 0xFFFF, 0xFFFF, 0xFFFF, 0xFFFF, 0xFFFF, 0xFFFF,
    0xFFFF, 0xFFFF, 0xFFFF, 0xFFFF, 0xFFFF, 0xFFFF, 0xFFFF, 0xFFFF, 0xFFFF, 0xFFFF, 0xFFFF, 0xFFFF,
    0xFFFF, 0xFFFF, 0xFFFF, 0xFFFF, 0xE71C, 0x8430, 0x528A, 0x1082, 0x0000, 0x0000, 0x0000, 0x0000,
    0x0000, 0x0000, 0xF81F, 0xF81F, 0xF81F, 0xF81F, 0xF81F, 0xF81F, 0xF81F, 0xF81F, 0xF81F, 0xF81F,
    0xF81F, 0xF81F, 0xF81F, 0xF81F, 0xF81F, 0xF81F, 0xF81F, 0xF81F, 0xF81F, 0xF81F, 0xF81F, 0xF81F,
    0xF81F, 0xF81F, 0xF81F, 0xF81F, 0xF81F, 0xF81F, 0xF81F, 0xF81F, 0xF81F, 0xF81F, 0xF81F, 0xF81F,
    0xF81F, 0xF81F, 0xF81F, 0xF81F, 0xF81F, 0xF81F, 0xF81F, 0xF81F, 0xF81F, 0xF81F, 0xF81F, 0x0000,
    0x0000, 0x0000, 0x8430, 0xE71C, 0x0000, 0x0000, 0x528A, 0xFFFF, 0xFFFF, 0xFFFF, 0xFFFF, 0xFFFF,
    0xFFFF, 0xFFFF, 0xFFFF, 0x4208, 0x0000, 0x3186, 0xFFFF, 0xFFFF, 0xFFFF, 0xFFFF, 0xFFFF, 0x630C,
    0x0000, 0x0000, 0x2104, 0x630C, 0x8430, 0xE71C, 0x73AE, 0x1082, 0x0000, 0x0000, 0x0000, 0x0000,
    0x0000, 0x0000, 0x4208, 0xEF5D, 0xFFFF, 0xFFFF, 0xFFFF, 0xFFFF, 0xFFFF, 0xFFFF, 0xFFFF, 0xFFFF,
    0xFFFF, 0xFFFF, 0xFFFF, 0xFFFF, 0xFFFF, 0xFFFF, 0xFFFF, 0xFFFF, 0xFFFF, 0xFFFF, 0x528A, 0x0000,
    0x3186, 0xE71C, 0xFFFF, 0xFFFF, 0xFFFF, 0xFFFF, 0xFFFF, 0xFFFF, 0xFFFF, 0xFFFF, 0xFFFF, 0xFFFF,
    0xFFFF, 0xFFFF, 0xFFFF, 0xFFFF, 0xFFFF, 0xFFFF, 0xFFFF, 0xFFFF, 0xFFFF, 0xE71C, 0xE71C, 0x630C,
    0x3186, 0x0000, 0x0000, 0x0000, 0x0000, 0x0000, 0x0000, 0xF81F, 0xF81F, 0xF81F, 0xF81F, 0xF81F,
    0xF81F, 0xF81F, 0xF81F, 0xF81F, 0xF81F, 0xF81F, 0xF81F, 0xF81F, 0xF81F, 0xF81F, 0xF81F, 0xF81F,
    0xF81F, 0xF81F, 0xF81F, 0xF81F, 0xF81F, 0xF81F, 0xF81F, 0xF81F, 0xF81F, 0xF81F, 0xF81F, 0xF81F,
    0xF81F, 0xF81F, 0xF81F, 0xF81F, 0xF81F, 0xF81F, 0xF81F, 0xF81F, 0xF81F, 0xF81F, 0xF81F, 0xF81F,
    0xF81F, 0xF81F, 0xF81F, 0xF81F, 0xF81F, 0xF81F, 0xF81F, 0x0000, 0x0000, 0x0000, 0x2104, 0xE71C,
    0x0000, 0x0000, 0x1082, 0x8430, 0xFFFF, 0xFFFF, 0xFFFF, 0xFFFF, 0xFFFF, 0xFFFF, 0xEF5D, 0x4208,
    0x0000, 0x2104, 0xFFFF, 0xFFFF, 0xFFFF, 0xFFFF, 0xE71C, 0x2104, 0x0000, 0x1082, 0x2104, 0x0000,
    0x0000, 0x1082, 0x2104, 0x0000, 0x0000, 0x0000, 0x0000, 0x0000, 0x0000, 0x1082, 0x8430, 0xFFFF,
    0xFFFF, 0xFFFF, 0xFFFF, 0xFFFF, 0xFFFF, 0xFFFF, 0xFFFF, 0xFFFF, 0xFFFF, 0xFFFF, 0xFFFF, 0xFFFF,
    0xFFFF, 0xFFFF, 0xFFFF, 0xFFFF, 0xFFFF, 0xE71C, 0x3186, 0x0000, 0x528A, 0xFFFF, 0xFFFF, 0xFFFF,
    0xFFFF, 0xFFFF, 0xFFFF, 0xFFFF, 0xFFFF, 0xFFFF, 0xFFFF, 0xFFFF, 0xFFFF, 0xFFFF, 0xFFFF, 0xFFFF,
    0xFFFF, 0xFFFF, 0xFFFF, 0xE71C, 0x73AE, 0x4208, 0x1082, 0x0000, 0x0000, 0x0000, 0x0000, 0x0000,
    0xF81F, 0xF81F, 0xF81F, 0xF81F, 0xF81F, 0xF81F, 0xF81F, 0xF81F, 0xF81F, 0xF81F, 0xF81F, 0xF81F,
    0xF81F, 0xF81F, 0xF81F, 0xF81F, 0xF81F, 0xF81F, 0xF81F, 0xF81F, 0xF81F, 0xF81F, 0xF81F, 0xF81F,
    0xF81F, 0xF81F, 0xF81F, 0xF81F, 0xF81F, 0xF81F, 0xF81F, 0xF81F, 0xF81F, 0xF81F, 0xF81F, 0xF81F,
    0xF81F, 0xF81F, 0xF81F, 0xF81F, 0xF81F, 0xF81F, 0xF81F, 0xF81F, 0xF81F, 0xF81F, 0xF81F, 0xF81F,
    0xF81F, 0xF81F, 0xF81F, 0x0000, 0x0000, 0x0000, 0x0000, 0x4208, 0x0000, 0x0000, 0x0000, 0x2104,
    0x8430, 0xFFFF, 0xFFFF, 0xFFFF, 0xFFFF, 0xFFFF, 0xFFFF, 0x630C, 0x1082, 0x3186, 0xFFFF, 0xFFFF,
    0xFFFF, 0xE71C, 0x4208, 0x0000, 0x0000, 0x3186, 0xE71C, 0x73AE, 0x528A, 0x2104, 0x0000, 0x0000,
    0x0000, 0x0000, 0x0000, 0x0000, 0x0000, 0x2104, 0xFFFF, 0xFFFF, 0xFFFF, 0xFFFF, 0xFFFF, 0xFFFF,
    0xFFFF, 0xFFFF, 0xFFFF, 0xFFFF, 0xFFFF, 0xFFFF, 0xFFFF, 0xFFFF, 0xFFFF, 0xFFFF, 0xFFFF, 0xFFFF,
    0xEF5D, 0x73AE, 0x1082, 0x1082, 0x73AE, 0xFFFF, 0xFFFF, 0xFFFF, 0xFFFF, 0xFFFF, 0xFFFF, 0xFFFF,
    0xFFFF, 0xFFFF, 0xFFFF, 0xFFFF, 0xFFFF, 0xFFFF, 0xFFFF, 0xFFFF, 0xE71C, 0x8430, 0x528A, 0x2104,
    0x0000, 0x0000, 0x0000, 0x0000, 0x0000, 0x0000, 0xF81F, 0xF81F, 0xF81F, 0xF81F, 0xF81F, 0xF81F,
    0xF81F, 0xF81F, 0xF81F, 0xF81F, 0xF81F, 0xF81F, 0xF81F, 0xF81F, 0xF81F, 0xF81F, 0xF81F, 0xF81F,
    0xF81F, 0xF81F, 0xF81F, 0xF81F, 0xF81F, 0xF81F, 0xF81F, 0xF81F, 0xF81F, 0xF81F, 0xF81F, 0xF81F,
    0xF81F, 0xF81F, 0xF81F, 0xF81F, 0xF81F, 0xF81F, 0xF81F, 0xF81F, 0xF81F, 0xF81F, 0xF81F, 0xF81F,
    0xF81F, 0xF81F, 0xF81F, 0xF81F, 0xF81F, 0xF81F, 0xF81F, 0xF81F, 0xF81F, 0xF81F, 0xF81F, 0x0000,
    0x0000, 0x0000, 0x0000, 0x0000, 0x0000, 0x0000, 0x1082, 0x0000, 0x1082, 0x630C, 0xE71C, 0xFFFF,
    0xEF5D, 0xFFFF, 0xFFFF, 0xE71C, 0x73AE, 0xE71C, 0xFFFF, 0xFFFF, 0x8430, 0x4208, 0x0000, 0x0000,
    0x0000, 0x1082, 0x528A, 0xE71C, 0xEF5D, 0x73AE, 0x1082, 0x0000, 0x0000, 0x0000, 0x0000, 0x0000,
    0x0000, 0x73AE, 0xFFFF, 0xFFFF, 0xFFFF, 0xFFFF, 0xFFFF, 0xFFFF, 0xFFFF, 0xFFFF, 0xFFFF, 0xFFFF,
    0xFFFF, 0xFFFF, 0xFFFF, 0xFFFF, 0xFFFF, 0xFFFF, 0xFFFF, 0xFFFF, 0xFFFF, 0x528A, 0x0000, 0x3186,
    0xE71C, 0xFFFF, 0xFFFF, 0xFFFF, 0xFFFF, 0xFFFF, 0xFFFF, 0xFFFF, 0xFFFF, 0xFFFF, 0xFFFF, 0xFFFF,
    0xFFFF, 0xFFFF, 0x8430, 0x630C, 0x3186, 0x0000, 0x0000, 0x0000, 0x0000, 0x0000, 0x0000, 0xF81F,
    0xF81F, 0xF81F, 0xF81F, 0xF81F, 0xF81F, 0xF81F, 0xF81F, 0xF81F, 0xF81F, 0xF81F, 0xF81F, 0xF81F,
    0xF81F, 0xF81F, 0xF81F, 0xF81F, 0xF81F, 0xF81F, 0xF81F, 0xF81F, 0xF81F, 0xF81F, 0xF81F, 0xF81F,
    0xF81F, 0xF81F, 0xF81F, 0xF81F, 0xF81F, 0xF81F, 0xF81F, 0xF81F, 0xF81F, 0xF81F, 0xF81F, 0xF81F,
    0xF81F, 0xF81F, 0xF81F, 0xF81F, 0xF81F, 0xF81F, 0xF81F, 0xF81F, 0xF81F, 0xF81F, 0xF81F, 0xF81F,
    0xF81F, 0xF81F, 0xF81F, 0xF81F, 0xF81F, 0xF81F, 0xF81F, 0x0000, 0x0000, 0x0000, 0x0000, 0x0000,
    0x0000, 0x0000, 0x1082, 0x4208, 0x2104, 0x0000, 0x2104, 0x528A, 0x8430, 0x8430, 0xE71C, 0xFFFF,
    0xE71C, 0x8430, 0x73AE, 0x528A, 0x1082, 0x0000, 0x2104, 0x2104, 0x0000, 0x1082, 0x0000, 0x1082,
    0x4208, 0x2104, 0x0000, 0x0000, 0x0000, 0x0000, 0x0000, 0x0000, 0x2104, 0xFFFF, 0xFFFF, 0xFFFF,
    0xFFFF, 0xFFFF, 0xFFFF, 0xFFFF, 0xFFFF, 0xFFFF, 0xFFFF, 0xFFFF, 0xFFFF, 0xFFFF, 0xFFFF, 0xFFFF,
    0xFFFF, 0xFFFF, 0xFFFF, 0xFFFF, 0x8430, 0x1082, 0x0000, 0x630C, 0xEF5D, 0xFFFF, 0xFFFF, 0xFFFF,
    0xFFFF, 0xFFFF, 0xFFFF, 0xFFFF, 0xFFFF, 0xFFFF, 0xFFFF, 0xE71C, 0x73AE, 0x528A, 0x2104, 0x0000,
    0x0000, 0x0000, 0x0000, 0x0000, 0xF81F, 0xF81F, 0xF81F, 0xF81F, 0xF81F, 0xF81F, 0xF81F, 0xF81F,
    0xF81F, 0xF81F, 0xF81F, 0xF81F, 0xF81F, 0xF81F, 0xF81F, 0xF81F, 0xF81F, 0xF81F, 0xF81F, 0xF81F,
    0xF81F, 0xF81F, 0xF81F, 0xF81F, 0xF81F, 0xF81F, 0xF81F, 0xF81F, 0xF81F, 0xF81F, 0xF81F, 0xF81F,
    0xF81F, 0xF81F, 0xF81F, 0xF81F, 0xF81F, 0xF81F, 0xF81F, 0xF81F, 0xF81F, 0xF81F, 0xF81F, 0xF81F,
    0xF81F, 0xF81F, 0xF81F, 0xF81F, 0xF81F, 0xF81F, 0xF81F, 0xF81F, 0xF81F, 0xF81F, 0xF81F, 0xF81F,
    0xF81F, 0xF81F, 0xF81F, 0x0000, 0x0000, 0x0000, 0x0000, 0x0000, 0x0000, 0x0000, 0x0000, 0x4208,
    0x73AE, 0x4208, 0x1082, 0x0000, 0x0000, 0x2104, 0x3186, 0x4208, 0x2104, 0x1082, 0x0000, 0x0000,
    0x2104, 0x528A, 0x630C, 0x1082, 0x1082, 0x73AE, 0x73AE, 0x3186, 0x0000, 0x0000, 0x0000, 0x0000,
    0x0000, 0x0000, 0x0000, 0x0000, 0x73AE, 0xFFFF, 0xFFFF, 0xFFFF, 0xFFFF, 0xFFFF, 0xFFFF, 0xFFFF,
    0xFFFF, 0xFFFF, 0xFFFF, 0xFFFF, 0xFFFF, 0xFFFF, 0xFFFF, 0xFFFF, 0xFFFF, 0xFFFF, 0xFFFF, 0xFFFF,
    0x528A, 0x0000, 0x2104, 0xE71C, 0xFFFF, 0xFFFF, 0xFFFF, 0xFFFF, 0xFFFF, 0xFFFF, 0xFFFF, 0xEF5D,
    0xFFFF, 0x8430, 0x528A, 0x3186, 0x0000, 0x0000, 0x0000, 0x0000, 0x0000, 0x0000, 0xF81F, 0xF81F,
    0xF81F, 0xF81F, 0xF81F, 0xF81F, 0xF81F, 0xF81F, 0xF81F, 0xF81F, 0xF81F, 0xF81F, 0xF81F, 0xF81F,
    0xF81F, 0xF81F, 0xF81F, 0xF81F, 0xF81F, 0xF81F, 0xF81F, 0xF81F, 0xF81F, 0xF81F, 0xF81F, 0xF81F,
    0xF81F, 0xF81F, 0xF81F, 0xF81F, 0xF81F, 0xF81F, 0xF81F, 0xF81F, 0xF81F, 0xF81F, 0xF81F, 0xF81F,
    0xF81F, 0xF81F, 0xF81F, 0xF81F, 0xF81F, 0xF81F, 0xF81F, 0xF81F, 0xF81F, 0xF81F, 0xF81F, 0xF81F,
    0xF81F, 0xF81F, 0xF81F, 0xF81F, 0xF81F, 0xF81F, 0xF81F, 0xF81F, 0xF81F, 0xF81F, 0x0000, 0x0000,
    0x0000, 0x0000, 0x0000, 0x0000, 0x0000, 0x0000, 0x0000, 0x0000, 0x4208, 0xE71C, 0xE71C, 0x630C,
    0x4208, 0x2104, 0x1082, 0x1082, 0x1082, 0x3186, 0x4208, 0x73AE, 0x8430, 0x73AE, 0x2104, 0x0000,
    0x528A, 0xEF5D, 0xEF5D, 0x630C, 0x1082, 0x0000, 0x0000, 0x0000, 0x0000, 0x0000, 0x0000, 0x4208,
    0xFFFF, 0xFFFF, 0xFFFF, 0xFFFF, 0xFFFF, 0xFFFF, 0xFFFF, 0xFFFF, 0xFFFF, 0xFFFF, 0xFFFF, 0xFFFF,
    0xFFFF, 0xFFFF, 0xFFFF, 0xFFFF, 0xFFFF, 0xFFFF, 0xFFFF, 0x8430, 0x1082, 0x0000, 0x528A, 0xEF5D,
    0xFFFF, 0xFFFF, 0xFFFF, 0xFFFF, 0xFFFF, 0xFFFF, 0x8430, 0x630C, 0x4208, 0x1082, 0x0000, 0x0000,
    0x0000, 0x0000, 0x0000, 0xF81F, 0xF81F, 0xF81F, 0xF81F, 0xF81F, 0xF81F, 0xF81F, 0xF81F, 0xF81F,
    0xF81F, 0xF81F, 0xF81F, 0xF81F, 0xF81F, 0xF81F, 0xF81F, 0xF81F, 0xF81F, 0xF81F, 0xF81F, 0xF81F,
    0xF81F, 0xF81F, 0xF81F, 0xF81F, 0xF81F, 0xF81F, 0xF81F, 0xF81F, 0xF81F, 0xF81F, 0xF81F, 0xF81F,
    0xF81F, 0xF81F, 0xF81F, 0xF81F, 0xF81F, 0xF81F, 0xF81F, 0xF81F, 0xF81F, 0xF81F, 0xF81F, 0xF81F,
    0xF81F, 0xF81F, 0xF81F, 0xF81F, 0xF81F, 0xF81F, 0xF81F, 0xF81F, 0xF81F, 0xF81F, 0xF81F, 0xF81F,
    0xF81F, 0xF81F, 0xF81F, 0xF81F, 0xF81F, 0xF81F, 0x0000, 0x0000, 0x0000, 0x0000, 0x0000, 0x0000,
    0x0000, 0x0000, 0x0000, 0x0000, 0x0000, 0x2104, 0x630C, 0xE71C, 0xFFFF, 0xFFFF, 0xE71C, 0xE71C,
    0xE71C, 0xFFFF, 0xFFFF, 0x8430, 0x4208, 0x1082, 0x0000, 0x528A, 0xFFFF, 0xFFFF, 0x73AE, 0x1082,
    0x0000, 0x0000, 0x0000, 0x0000, 0x0000, 0x0000, 0x2104, 0xE71C, 0xFFFF, 0xFFFF, 0xFFFF, 0xFFFF,
    0xFFFF, 0xFFFF, 0xFFFF, 0xFFFF, 0xFFFF, 0xFFFF, 0xFFFF, 0xFFFF, 0xFFFF, 0xFFFF, 0xFFFF, 0xFFFF,
    0xFFFF, 0xFFFF, 0xFFFF, 0x3186, 0x0000, 0x2104, 0xE71C, 0xFFFF, 0xFFFF, 0xFFFF, 0xEF5D, 0xE71C,
    0x73AE, 0x4208, 0x2104, 0x0000, 0x0000, 0x0000, 0x0000, 0x0000, 0x0000, 0xF81F, 0xF81F, 0xF81F,
    0xF81F, 0xF81F, 0xF81F, 0xF81F, 0xF81F, 0xF81F, 0xF81F, 0xF81F, 0xF81F, 0xF81F, 0xF81F, 0xF81F,
    0xF81F, 0xF81F, 0xF81F, 0xF81F, 0xF81F, 0xF81F, 0xF81F, 0xF81F, 0xF81F, 0xF81F, 0xF81F, 0xF81F,
    0xF81F, 0xF81F, 0xF81F, 0xF81F, 0xF81F, 0xF81F, 0xF81F, 0xF81F, 0xF81F, 0xF81F, 0xF81F, 0xF81F,
    0xF81F, 0xF81F, 0xF81F, 0xF81F, 0xF81F, 0xF81F, 0xF81F, 0xF81F, 0xF81F, 0xF81F, 0xF81F, 0xF81F,
    0xF81F, 0xF81F, 0xF81F, 0xF81F, 0xF81F, 0xF81F, 0xF81F, 0xF81F, 0xF81F, 0xF81F, 0xF81F, 0xF81F,
    0xF81F, 0x0000, 0x0000, 0x0000, 0x0000, 0x0000, 0x0000, 0x0000, 0x0000, 0x0000, 0x0000, 0x0000,
    0x0000, 0x0000, 0x0000, 0x2104, 0x3186, 0x528A, 0x630C, 0x630C, 0x630C, 0x528A, 0x3186, 0x1082,
    0x0000, 0x1082, 0x630C, 0xFFFF, 0xFFFF, 0x528A, 0x1082, 0x0000, 0x0000, 0x0000, 0x0000, 0x0000,
    0x0000, 0x2104, 0x8430, 0xFFFF, 0xFFFF, 0xFFFF, 0xFFFF, 0xFFFF, 0xFFFF, 0xFFFF, 0xFFFF, 0xFFFF,
    0xFFFF, 0xFFFF, 0xFFFF, 0xFFFF, 0xFFFF, 0xFFFF, 0xFFFF, 0xFFFF, 0xFFFF, 0xFFFF, 0x630C, 0x0000,
    0x1082, 0x73AE, 0xEF5D, 0xEF5D, 0xEF5D, 0x8430, 0x528A, 0x3186, 0x1082, 0x0000, 0x0000, 0x0000,
    0x0000, 0x0000, 0xF81F, 0xF81F, 0xF81F, 0xF81F, 0xF81F, 0xF81F, 0xF81F, 0xF81F, 0xF81F, 0xF81F,
    0xF81F, 0xF81F, 0xF81F, 0xF81F, 0xF81F, 0xF81F, 0xF81F, 0xF81F, 0xF81F, 0xF81F, 0xF81F, 0xF81F,
    0xF81F, 0xF81F, 0xF81F, 0xF81F, 0xF81F, 0xF81F, 0xF81F, 0xF81F, 0xF81F, 0xF81F, 0xF81F, 0xF81F,
    0xF81F, 0xF81F, 0xF81F, 0xF81F, 0xF81F, 0xF81F, 0xF81F, 0xF81F, 0xF81F, 0xF81F, 0xF81F, 0xF81F,
    0xF81F, 0xF81F, 0xF81F, 0xF81F, 0xF81F, 0xF81F, 0xF81F, 0xF81F, 0xF81F, 0xF81F, 0xF81F, 0xF81F,
    0xF81F, 0xF81F, 0xF81F, 0xF81F, 0xF81F, 0xF81F, 0xF81F, 0xF81F, 0xF81F, 0x0000, 0x0000, 0x0000,
    0x0000, 0x0000, 0x0000, 0x0000, 0x0000, 0x0000, 0x0000, 0x0000, 0x0000, 0x0000, 0x0000, 0x0000,
    0x0000, 0x0000, 0x0000, 0x0000, 0x0000, 0x0000, 0x0000, 0x2104, 0x630C, 0xE71C, 0xEF5D, 0x8430,
    0x3186, 0x0000, 0x0000, 0x0000, 0x0000, 0x0000, 0x0000, 0x0000, 0x1082, 0x8430, 0xFFFF, 0xFFFF,
    0xFFFF, 0xFFFF, 0xFFFF, 0xFFFF, 0xFFFF, 0xFFFF, 0xFFFF, 0xFFFF, 0xFFFF, 0xFFFF, 0xFFFF, 0xFFFF,
    0xFFFF, 0xFFFF, 0xFFFF, 0xFFFF, 0xFFFF, 0x8430, 0x1082, 0x0000, 0x528A, 0xEF5D, 0xFFFF, 0x630C,
    0x3186, 0x2104, 0x0000, 0x0000, 0x0000, 0x0000, 0x0000, 0x0000, 0xF81F, 0xF81F, 0xF81F, 0xF81F,
    0xF81F, 0xF81F, 0xF81F, 0xF81F, 0xF81F, 0xF81F, 0xF81F, 0xF81F, 0xF81F, 0xF81F, 0xF81F, 0xF81F,
    0xF81F, 0xF81F, 0xF81F, 0xF81F, 0xF81F, 0xF81F, 0xF81F, 0xF81F, 0xF81F, 0xF81F, 0xF81F, 0xF81F,
    0xF81F, 0xF81F, 0xF81F, 0xF81F, 0xF81F, 0xF81F, 0xF81F, 0xF81F, 0xF81F, 0xF81F, 0xF81F, 0xF81F,
    0xF81F, 0xF81F, 0xF81F, 0xF81F, 0xF81F, 0xF81F, 0xF81F, 0xF81F, 0xF81F, 0xF81F, 0xF81F, 0xF81F,
    0xF81F, 0xF81F, 0xF81F, 0xF81F, 0xF81F, 0xF81F, 0xF81F, 0xF81F, 0xF81F, 0xF81F, 0xF81F, 0xF81F,
    0xF81F, 0xF81F, 0xF81F, 0xF81F, 0x0000, 0x0000, 0x0000, 0x0000, 0x0000, 0x0000, 0x0000, 0x0000,
    0x0000, 0x0000, 0x0000, 0x0000, 0x0000, 0x0000, 0x0000, 0x0000, 0x1082, 0x3186, 0x528A, 0x528A,
    0x73AE, 0x8430, 0xE71C, 0xE71C, 0x8430, 0x630C, 0x3186, 0x1082, 0x0000, 0x0000, 0x0000, 0x0000,
    0x0000, 0x0000, 0x0000, 0x2104, 0x8430, 0xFFFF, 0xFFFF, 0xFFFF, 0xFFFF, 0xFFFF, 0xFFFF, 0xFFFF,
    0xFFFF, 0xFFFF, 0xFFFF, 0xFFFF, 0xFFFF, 0xFFFF, 0xFFFF, 0xFFFF, 0xFFFF, 0xFFFF, 0xFFFF, 0xFFFF,
    0x8430, 0x1082, 0x0000, 0x3186, 0x73AE, 0x4208, 0x2104, 0x1082, 0x0000, 0x0000, 0x0000, 0x0000,
    0x0000, 0xF81F, 0xF81F, 0xF81F, 0xF81F, 0xF81F, 0xF81F, 0xF81F, 0xF81F, 0xF81F, 0xF81F, 0xF81F,
    0xF81F, 0xF81F, 0xF81F, 0xF81F, 0xF81F, 0xF81F, 0xF81F, 0xF81F, 0xF81F, 0xF81F, 0xF81F, 0xF81F,
    0xF81F, 0xF81F, 0xF81F, 0xF81F, 0xF81F, 0xF81F, 0xF81F, 0xF81F, 0xF81F, 0xF81F, 0xF81F, 0xF81F,
    0xF81F, 0xF81F, 0xF81F, 0xF81F, 0xF81F, 0xF81F, 0xF81F, 0xF81F, 0xF81F, 0xF81F, 0xF81F, 0xF81F,
    0xF81F, 0xF81F, 0xF81F, 0xF81F, 0xF81F, 0xF81F, 0xF81F, 0xF81F, 0xF81F, 0xF81F, 0xF81F, 0xF81F,
    0xF81F, 0xF81F, 0xF81F, 0xF81F, 0xF81F, 0xF81F, 0xF81F, 0xF81F, 0xF81F, 0xF81F, 0xF81F, 0x0000,
    0x0000, 0x0000, 0x0000, 0x0000, 0x0000, 0x0000, 0x0000, 0x0000, 0x0000, 0x0000, 0x0000, 0x0000,
    0x0000, 0x0000, 0x0000, 0x0000, 0x0000, 0x1082, 0x1082, 0x2104, 0x2104, 0x2104, 0x2104, 0x2104,
    0x1082, 0x0000, 0x0000, 0x0000, 0x0000, 0x0000, 0x0000, 0x0000, 0x0000, 0x0000, 0x4208, 0xE71C,
    0xFFFF, 0xFFFF, 0xFFFF, 0xFFFF, 0xFFFF, 0xFFFF, 0xFFFF, 0xFFFF, 0xFFFF, 0xFFFF, 0xFFFF, 0xFFFF,
    0xFFFF, 0xFFFF, 0xFFFF, 0xFFFF, 0xFFFF, 0xFFFF, 0xFFFF, 0x8430, 0x2104, 0x0000, 0x0000, 0x1082,
    0x1082, 0x0000, 0x0000, 0x0000, 0x0000, 0x0000, 0x0000, 0xF81F, 0xF81F, 0xF81F, 0xF81F, 0xF81F,
    0xF81F, 0xF81F, 0xF81F, 0xF81F, 0xF81F, 0xF81F, 0xF81F, 0xF81F, 0xF81F, 0xF81F, 0xF81F, 0xF81F,
    0xF81F, 0xF81F, 0xF81F, 0xF81F, 0xF81F, 0xF81F, 0xF81F, 0xF81F, 0xF81F, 0xF81F, 0xF81F, 0xF81F,
    0xF81F, 0xF81F, 0xF81F, 0xF81F, 0xF81F, 0xF81F, 0xF81F, 0xF81F, 0xF81F, 0xF81F, 0xF81F, 0xF81F,
    0xF81F, 0xF81F, 0xF81F, 0xF81F, 0xF81F, 0xF81F, 0xF81F, 0xF81F, 0xF81F, 0xF81F, 0xF81F, 0xF81F,
    0xF81F, 0xF81F, 0xF81F, 0xF81F, 0xF81F, 0xF81F, 0xF81F, 0xF81F, 0xF81F, 0xF81F, 0xF81F, 0xF81F,
    0xF81F, 0xF81F, 0xF81F, 0xF81F, 0xF81F, 0xF81F, 0x0000, 0x0000, 0x0000, 0x0000, 0x0000, 0x0000,
    0x0000, 0x0000, 0x0000, 0x0000, 0x0000, 0x0000, 0x0000, 0x0000, 0x0000, 0x0000, 0x0000, 0x0000,
    0x0000, 0x0000, 0x0000, 0x0000, 0x0000, 0x0000, 0x0000, 0x0000, 0x0000, 0x0000, 0x0000, 0x0000,
    0x0000, 0x0000, 0x0000, 0x0000, 0x2104, 0x73AE, 0xFFFF, 0xFFFF, 0xFFFF, 0xFFFF, 0xFFFF, 0xFFFF,
    0xFFFF, 0xFFFF, 0xFFFF, 0xFFFF, 0xFFFF, 0xFFFF, 0xFFFF, 0xFFFF, 0xFFFF, 0xFFFF, 0xFFFF, 0xFFFF,
    0xFFFF, 0xFFFF, 0xE71C, 0x2104, 0x0000, 0x0000, 0x0000, 0x0000, 0x0000, 0x0000, 0x0000, 0x0000,
    0xF81F, 0xF81F, 0xF81F, 0xF81F, 0xF81F, 0xF81F, 0xF81F, 0xF81F, 0xF81F, 0xF81F, 0xF81F, 0xF81F,
    0xF81F, 0xF81F, 0xF81F, 0xF81F, 0xF81F, 0xF81F, 0xF81F, 0xF81F, 0xF81F, 0xF81F, 0xF81F, 0xF81F,
    0xF81F, 0xF81F, 0xF81F, 0xF81F, 0xF81F, 0xF81F, 0xF81F, 0xF81F, 0xF81F, 0xF81F, 0xF81F, 0xF81F,
    0xF81F, 0xF81F, 0xF81F, 0xF81F, 0xF81F, 0xF81F, 0xF81F, 0xF81F, 0xF81F, 0xF81F, 0xF81F, 0xF81F,
    0xF81F, 0xF81F, 0xF81F, 0xF81F, 0xF81F, 0xF81F, 0xF81F, 0xF81F, 0xF81F, 0xF81F, 0xF81F, 0xF81F,
    0xF81F, 0xF81F, 0xF81F, 0xF81F, 0xF81F, 0xF81F, 0xF81F, 0xF81F, 0xF81F, 0xF81F, 0xF81F, 0xF81F,
    0xF81F, 0x0000, 0x0000, 0x0000, 0x0000, 0x3186, 0x528A, 0x73AE, 0x73AE, 0x630C, 0x4208, 0x1082,
    0x0000, 0x0000, 0x0000, 0x0000, 0x0000, 0x0000, 0x0000, 0x0000, 0x0000, 0x0000, 0x0000, 0x0000,
    0x0000, 0x0000, 0x0000, 0x0000, 0x0000, 0x0000, 0x0000, 0x0000, 0x0000, 0x0000, 0x4208, 0x8430,
    0xE71C, 0xFFFF, 0xFFFF, 0xFFFF, 0xFFFF, 0xFFFF, 0xFFFF, 0xFFFF, 0xFFFF, 0xFFFF, 0xFFFF, 0xFFFF,
    0xFFFF, 0xFFFF, 0xFFFF, 0xFFFF, 0xFFFF, 0xFFFF, 0xFFFF, 0xFFFF, 0x8430, 0x528A, 0x1082, 0x0000,
    0x0000, 0x0000, 0x0000, 0x0000, 0x0000, 0xF81F, 0xF81F, 0xF81F, 0xF81F, 0xF81F, 0xF81F, 0xF81F,
    0xF81F, 0xF81F, 0xF81F, 0xF81F, 0xF81F, 0xF81F, 0xF81F, 0xF81F, 0xF81F, 0xF81F, 0xF81F, 0xF81F,
    0xF81F, 0xF81F, 0xF81F, 0xF81F, 0xF81F, 0xF81F, 0xF81F, 0xF81F, 0xF81F, 0xF81F, 0xF81F, 0xF81F,
    0xF81F, 0xF81F, 0xF81F, 0xF81F, 0xF81F, 0xF81F, 0xF81F, 0xF81F, 0xF81F, 0xF81F, 0xF81F, 0xF81F,
    0xF81F, 0xF81F, 0xF81F, 0xF81F, 0xF81F, 0xF81F, 0xF81F, 0xF81F, 0xF81F, 0xF81F, 0xF81F, 0xF81F,
    0xF81F, 0xF81F, 0xF81F, 0xF81F, 0xF81F, 0xF81F, 0xF81F, 0xF81F, 0xF81F, 0xF81F, 0xF81F, 0xF81F,
    0xF81F, 0xF81F, 0xF81F, 0xF81F, 0xF81F, 0xF81F, 0xF81F, 0xF81F, 0x0000, 0x0000, 0x2104, 0x2104,
    0x2104, 0x8430, 0xFFFF, 0xFFFF, 0xFFFF, 0xFFFF, 0xFFFF, 0xE71C, 0x528A, 0x1082, 0x0000, 0x0000,
    0x0000, 0x0000, 0x0000, 0x0000, 0x0000, 0x0000, 0x0000, 0x0000, 0x0000, 0x0000, 0x0000, 0x0000,
    0x0000, 0x0000, 0x0000, 0x0000, 0x0000, 0x0000, 0x2104, 0x630C, 0xE71C, 0xFFFF, 0xFFFF, 0xFFFF,
    0xFFFF, 0xFFFF, 0xFFFF, 0xFFFF, 0xFFFF, 0xFFFF, 0xFFFF, 0xFFFF, 0xFFFF, 0xFFFF, 0xFFFF, 0xFFFF,
    0xFFFF, 0xE71C, 0x73AE, 0x2104, 0x0000, 0x0000, 0x0000, 0x0000, 0x0000, 0x0000, 0xF81F, 0xF81F,
    0xF81F, 0xF81F, 0xF81F, 0xF81F, 0xF81F, 0xF81F, 0xF81F, 0xF81F, 0xF81F, 0xF81F, 0xF81F, 0xF81F,
    0xF81F, 0xF81F, 0xF81F, 0xF81F, 0xF81F, 0xF81F, 0xF81F, 0xF81F, 0xF81F, 0xF81F, 0xF81F, 0xF81F,
    0xF81F, 0xF81F, 0xF81F, 0xF81F, 0xF81F, 0xF81F, 0xF81F, 0xF81F, 0xF81F, 0xF81F, 0xF81F, 0xF81F,
    0xF81F, 0xF81F, 0xF81F, 0xF81F, 0xF81F, 0xF81F, 0xF81F, 0xF81F, 0xF81F, 0xF81F, 0xF81F, 0xF81F,
    0xF81F, 0xF81F, 0xF81F, 0xF81F, 0xF81F, 0xF81F, 0xF81F, 0xF81F, 0xF81F, 0xF81F, 0xF81F, 0xF81F,
    0xF81F, 0xF81F, 0xF81F, 0xF81F, 0xF81F, 0xF81F, 0xF81F, 0xF81F, 0xF81F, 0xF81F, 0xF81F, 0xF81F,
    0xF81F, 0xF81F, 0xF81F, 0x0000, 0x0000, 0x528A, 0xFFFF, 0x630C, 0x0000, 0x2104, 0xE71C, 0xFFFF,
    0xFFFF, 0xFFFF, 0xE71C, 0xE71C, 0xE71C, 0x630C, 0x1082, 0x0000, 0x0000, 0x0000, 0x0000, 0x0000,
    0x1082, 0x1082, 0x1082, 0x1082, 0x1082, 0x0000, 0x0000, 0x0000, 0x0000, 0x0000, 0x0000, 0x0000,
    0x0000, 0x0000, 0x0000, 0x0000, 0x0000, 0x3186, 0x630C, 0xE71C, 0xE71C, 0xE71C, 0xFFFF, 0xFFFF,
    0xFFFF, 0xFFFF, 0xFFFF, 0xFFFF, 0xE71C, 0xE71C, 0xE71C, 0x73AE, 0x4208, 0x1082, 0x0000, 0x0000,
    0x0000, 0x0000, 0x0000, 0xF81F, 0xF81F, 0xF81F, 0xF81F, 0xF81F, 0xF81F, 0xF81F, 0xF81F, 0xF81F,
    0xF81F, 0xF81F, 0xF81F, 0xF81F, 0xF81F, 0xF81F, 0xF81F, 0xF81F, 0xF81F, 0xF81F, 0xF81F, 0xF81F,
    0xF81F, 0xF81F, 0xF81F, 0xF81F, 0xF81F, 0xF81F, 0xF81F, 0xF81F, 0xF81F, 0xF81F, 0xF81F, 0xF81F,
    0xF81F, 0xF81F, 0xF81F, 0xF81F, 0xF81F, 0xF81F, 0xF81F, 0xF81F, 0xF81F, 0xF81F, 0xF81F, 0xF81F,
    0xF81F, 0xF81F, 0xF81F, 0xF81F, 0xF81F, 0xF81F, 0xF81F, 0xF81F, 0xF81F, 0xF81F, 0xF81F, 0xF81F,
    0xF81F, 0xF81F, 0xF81F, 0xF81F, 0xF81F, 0xF81F, 0xF81F, 0xF81F, 0xF81F, 0xF81F, 0xF81F, 0xF81F,
    0xF81F, 0xF81F, 0xF81F, 0xF81F, 0xF81F, 0xF81F, 0xF81F, 0xF81F, 0xF81F, 0xF81F, 0x0000, 0x0000,
    0x630C, 0xFFFF, 0xFFFF, 0xFFFF, 0x4208, 0x0000, 0x4208, 0x8430, 0x630C, 0x4208, 0x2104, 0x2104,
    0x0000, 0x4208, 0x528A, 0x0000, 0x0000, 0x1082, 0x3186, 0x630C, 0x8430, 0x8430, 0x73AE, 0x73AE,
    0x73AE, 0x4208, 0x1082, 0x0000, 0x0000, 0x0000, 0x0000, 0x0000, 0x0000, 0x0000, 0x0000, 0x0000,
    0x0000, 0x0000, 0x0000, 0x0000, 0x1082, 0x2104, 0x4208, 0x4208, 0x630C, 0x630C, 0x4208, 0x4208,
    0x3186, 0x1082, 0x0000, 0x0000, 0x0000, 0x0000, 0x0000, 0x0000, 0x0000, 0xF81F, 0xF81F, 0xF81F,
    0xF81F, 0xF81F, 0xF81F, 0xF81F, 0xF81F, 0xF81F, 0xF81F, 0xF81F, 0xF81F, 0xF81F, 0xF81F, 0xF81F,
    0xF81F, 0xF81F, 0xF81F, 0xF81F, 0xF81F, 0xF81F, 0xF81F, 0xF81F, 0xF81F, 0xF81F, 0xF81F, 0xF81F,
    0xF81F, 0xF81F, 0xF81F, 0xF81F, 0xF81F, 0xF81F, 0xF81F, 0xF81F, 0xF81F, 0xF81F, 0xF81F, 0xF81F,
    0xF81F, 0xF81F, 0xF81F, 0xF81F, 0xF81F, 0xF81F, 0xF81F, 0xF81F, 0xF81F, 0xF81F, 0xF81F, 0xF81F,
    0xF81F, 0xF81F, 0xF81F, 0xF81F, 0xF81F, 0xF81F, 0xF81F, 0xF81F, 0xF81F, 0xF81F, 0xF81F, 0xF81F,
    0xF81F, 0xF81F, 0xF81F, 0xF81F, 0xF81F, 0xF81F, 0xF81F, 0xF81F, 0xF81F, 0xF81F, 0xF81F, 0xF81F,
    0xF81F, 0xF81F, 0xF81F, 0xF81F, 0xF81F, 0x0000, 0x0000, 0x4208, 0xEF5D, 0xFFFF, 0xFFFF, 0xFFFF,
    0x73AE, 0x1082, 0x0000, 0x0000, 0x1082, 0x2104, 0x3186, 0x4208, 0x4208, 0x3186, 0x2104, 0x1082,
    0x528A, 0xE71C, 0xEF5D, 0xFFFF, 0xFFFF, 0xE71C, 0x2104, 0x1082, 0xE71C, 0xEF5D, 0xE71C, 0x4208,
    0x1082, 0x0000, 0x0000, 0x0000, 0x0000, 0x0000, 0x0000, 0x0000, 0x0000, 0x0000, 0x0000, 0x0000,
    0x0000, 0x0000, 0x0000, 0x0000, 0x0000, 0x0000, 0x0000, 0x0000, 0x0000, 0x0000, 0x0000, 0x0000,
    0x0000, 0x0000, 0xF81F, 0xF81F, 0xF81F, 0xF81F, 0xF81F, 0xF81F, 0xF81F, 0xF81F, 0xF81F, 0xF81F,
    0xF81F, 0xF81F, 0xF81F, 0xF81F, 0xF81F, 0xF81F, 0xF81F, 0xF81F, 0xF81F, 0xF81F, 0xF81F, 0xF81F,
    0xF81F, 0xF81F, 0xF81F, 0xF81F, 0xF81F, 0xF81F, 0xF81F, 0xF81F, 0xF81F, 0xF81F, 0xF81F, 0xF81F,
    0xF81F, 0xF81F, 0xF81F, 0xF81F, 0xF81F, 0xF81F, 0xF81F, 0xF81F, 0xF81F, 0xF81F, 0xF81F, 0xF81F,
    0xF81F, 0xF81F, 0xF81F, 0xF81F, 0xF81F, 0xF81F, 0xF81F, 0xF81F, 0xF81F, 0xF81F, 0xF81F, 0xF81F,
    0xF81F, 0xF81F, 0xF81F, 0xF81F, 0xF81F, 0xF81F, 0xF81F, 0xF81F, 0xF81F, 0xF81F, 0xF81F, 0xF81F,
    0xF81F, 0xF81F, 0xF81F, 0xF81F, 0xF81F, 0xF81F, 0xF81F, 0xF81F, 0xF81F, 0xF81F, 0xF81F, 0xF81F,
    0x0000, 0x0000, 0x2104, 0xE71C, 0xEF5D, 0xE71C, 0x73AE, 0x3186, 0x0000, 0x2104, 0x1082, 0x0000,
    0x528A, 0xEF5D, 0xEF5D, 0xEF5D, 0x73AE, 0x0000, 0x1082, 0x73AE, 0xEF5D, 0xFFFF, 0xFFFF, 0xFFFF,
    0xEF5D, 0x528A, 0x0000, 0x3186, 0xE71C, 0xFFFF, 0xFFFF, 0xFFFF, 0x73AE, 0x1082, 0x0000, 0x0000,
    0x0000, 0x0000, 0x0000, 0x0000, 0x0000, 0x0000, 0x0000, 0x0000, 0x0000, 0x0000, 0x0000, 0x0000,
    0x0000, 0x0000, 0x0000, 0x0000, 0x0000, 0x0000, 0xF81F, 0xF81F, 0xF81F, 0xF81F, 0xF81F, 0xF81F,
    0xF81F, 0xF81F, 0xF81F, 0xF81F, 0xF81F, 0xF81F, 0xF81F, 0xF81F, 0xF81F, 0xF81F, 0xF81F, 0xF81F,
    0xF81F, 0xF81F, 0xF81F, 0xF81F, 0xF81F, 0xF81F, 0xF81F, 0xF81F, 0xF81F, 0xF81F, 0xF81F, 0xF81F,
    0xF81F, 0xF81F, 0xF81F, 0xF81F, 0xF81F, 0xF81F, 0xF81F, 0xF81F, 0xF81F, 0xF81F, 0xF81F, 0xF81F,
    0xF81F, 0xF81F, 0xF81F, 0xF81F, 0xF81F, 0xF81F, 0xF81F, 0xF81F, 0xF81F, 0xF81F, 0xF81F, 0xF81F,
    0xF81F, 0xF81F, 0xF81F, 0xF81F, 0xF81F, 0xF81F, 0xF81F, 0xF81F, 0xF81F, 0xF81F, 0xF81F, 0xF81F,
    0xF81F, 0xF81F, 0xF81F, 0xF81F, 0xF81F, 0xF81F, 0xF81F, 0xF81F, 0xF81F, 0xF81F, 0xF81F, 0xF81F,
    0xF81F, 0xF81F, 0xF81F, 0xF81F, 0xF81F, 0xF81F, 0xF81F, 0xF81F, 0x0000, 0x0000, 0x528A, 0xEF5D,
    0x73AE, 0x3186, 0x0000, 0x1082, 0x528A, 0xE71C, 0x73AE, 0x1082, 0x1082, 0x8430, 0xFFFF, 0x8430,
    0x1082, 0x1082, 0x8430, 0xEF5D, 0xFFFF, 0xEF5D, 0xEF5D, 0xEF5D, 0xE71C, 0x2104, 0x0000, 0x8430,
    0xFFFF, 0xFFFF, 0xFFFF, 0xFFFF, 0xFFFF, 0x630C, 0x0000, 0x0000, 0x0000, 0x0000, 0x0000, 0x0000,
    0x0000, 0x0000, 0x0000, 0xF81F, 0xF81F, 0xF81F, 0xF81F, 0xF81F, 0xF81F, 0xF81F, 0xF81F, 0xF81F,
    0xF81F, 0xF81F, 0xF81F, 0xF81F, 0xF81F, 0xF81F, 0xF81F, 0xF81F, 0xF81F, 0xF81F, 0xF81F, 0xF81F,
    0xF81F, 0xF81F, 0xF81F, 0xF81F, 0xF81F, 0xF81F, 0xF81F, 0xF81F, 0xF81F, 0xF81F, 0xF81F, 0xF81F,
    0xF81F, 0xF81F, 0xF81F, 0xF81F, 0xF81F, 0xF81F, 0xF81F, 0xF81F, 0xF81F, 0xF81F, 0xF81F, 0xF81F,
    0xF81F, 0xF81F, 0xF81F, 0xF81F, 0xF81F, 0xF81F, 0xF81F, 0xF81F, 0xF81F, 0xF81F, 0xF81F, 0xF81F,
    0xF81F, 0xF81F, 0xF81F, 0xF81F, 0xF81F, 0xF81F, 0xF81F, 0xF81F, 0xF81F, 0xF81F, 0xF81F, 0xF81F,
    0xF81F, 0xF81F, 0xF81F, 0xF81F, 0xF81F, 0xF81F, 0xF81F, 0xF81F, 0xF81F, 0xF81F, 0xF81F, 0xF81F,
    0xF81F, 0xF81F, 0xF81F, 0xF81F, 0xF81F, 0xF81F, 0xF81F, 0xF81F, 0xF81F, 0xF81F, 0xF81F, 0xF81F,
    0xF81F, 0xF81F, 0xF81F, 0x0000, 0x0000, 0x1082, 0x630C, 0x630C, 0x0000, 0x0000, 0x3186, 0x8430,
    0xEF5D, 0xFFFF, 0xEF5D, 0x4208, 0x0000, 0x3186, 0xE71C, 0x4208, 0x0000, 0x528A, 0xE71C, 0x73AE,
    0x630C, 0x630C, 0x630C, 0x630C, 0x3186, 0x0000, 0x1082, 0x73AE, 0x8430, 0xE71C, 0xFFFF, 0xEF5D,
    0xEF5D, 0xE71C, 0x2104, 0x0000, 0x0000, 0x0000, 0x0000, 0x0000, 0x0000, 0xF81F, 0xF81F, 0xF81F,
    0xF81F, 0xF81F, 0xF81F, 0xF81F, 0xF81F, 0xF81F, 0xF81F, 0xF81F, 0xF81F, 0xF81F, 0xF81F, 0xF81F,
    0xF81F, 0xF81F, 0xF81F, 0xF81F, 0xF81F, 0xF81F, 0xF81F, 0xF81F, 0xF81F, 0xF81F, 0xF81F, 0xF81F,
    0xF81F, 0xF81F, 0xF81F, 0xF81F, 0xF81F, 0xF81F, 0xF81F, 0xF81F, 0xF81F, 0xF81F, 0xF81F, 0xF81F,
    0xF81F, 0xF81F, 0xF81F, 0xF81F, 0xF81F, 0xF81F, 0xF81F, 0xF81F, 0xF81F, 0xF81F, 0xF81F, 0xF81F,
    0xF81F, 0xF81F, 0xF81F, 0xF81F, 0xF81F, 0xF81F, 0xF81F, 0xF81F, 0xF81F, 0xF81F, 0xF81F, 0xF81F,
    0xF81F, 0xF81F, 0xF81F, 0xF81F, 0xF81F, 0xF81F, 0xF81F, 0xF81F, 0xF81F, 0xF81F, 0xF81F, 0xF81F,
    0xF81F, 0xF81F, 0xF81F, 0xF81F, 0xF81F, 0xF81F, 0xF81F, 0xF81F, 0xF81F, 0xF81F, 0xF81F, 0xF81F,
    0xF81F, 0xF81F, 0xF81F, 0xF81F, 0xF81F, 0xF81F, 0xF81F, 0xF81F, 0xF81F, 0xF81F, 0xF81F, 0x0000,
    0x0000, 0x1082, 0x528A, 0x528A, 0x2104, 0x630C, 0xFFFF, 0xEF5D, 0xFFFF, 0xFFFF, 0xFFFF, 0x8430,
    0x1082, 0x0000, 0x630C, 0x0000, 0x2104, 0x73AE, 0x0000, 0x0000, 0x0000, 0x0000, 0x1082, 0x0000,
    0x0000, 0x0000, 0x1082, 0x0000, 0x0000, 0x2104, 0x4208, 0x630C, 0x8430, 0xE71C, 0x528A, 0x0000,
    0x0000, 0x0000, 0x0000, 0xF81F, 0xF81F, 0xF81F, 0xF81F, 0xF81F, 0xF81F, 0xF81F, 0xF81F, 0xF81F,
    0xF81F, 0xF81F, 0xF81F, 0xF81F, 0xF81F, 0xF81F, 0xF81F, 0xF81F, 0xF81F, 0xF81F, 0xF81F, 0xF81F,
    0xF81F, 0xF81F, 0xF81F, 0xF81F, 0xF81F, 0xF81F, 0xF81F, 0xF81F, 0xF81F, 0xF81F, 0xF81F, 0xF81F,
    0xF81F, 0xF81F, 0xF81F, 0xF81F, 0xF81F, 0xF81F, 0xF81F, 0xF81F, 0xF81F, 0xF81F, 0xF81F, 0xF81F,
    0xF81F, 0xF81F, 0xF81F, 0xF81F, 0xF81F, 0xF81F, 0xF81F, 0xF81F, 0xF81F, 0xF81F, 0xF81F, 0xF81F,
    0xF81F, 0xF81F, 0xF81F, 0xF81F, 0xF81F, 0xF81F, 0xF81F, 0xF81F, 0xF81F, 0xF81F, 0xF81F, 0xF81F,
    0xF81F, 0xF81F, 0xF81F, 0xF81F, 0xF81F, 0xF81F, 0xF81F, 0xF81F, 0xF81F, 0xF81F, 0xF81F, 0xF81F,
    0xF81F, 0xF81F, 0xF81F, 0xF81F, 0xF81F, 0xF81F, 0xF81F, 0xF81F, 0xF81F, 0xF81F, 0xF81F, 0xF81F,
    0xF81F, 0xF81F, 0xF81F, 0xF81F, 0xF81F, 0xF81F, 0xF81F, 0xF81F, 0x0000, 0x0000, 0x3186, 0xFFFF,
    0xE71C, 0xFFFF, 0xFFFF, 0xFFFF, 0xFFFF, 0xFFFF, 0xFFFF, 0xFFFF, 0x528A, 0x3186, 0x528A, 0x0000,
    0x3186, 0x8430, 0x3186, 0x528A, 0x73AE, 0x73AE, 0xE71C, 0x4208, 0x0000, 0x3186, 0x73AE, 0x630C,
    0x4208, 0x2104, 0x0000, 0x0000, 0x1082, 0x4208, 0x528A, 0x0000, 0x0000, 0x0000, 0xF81F, 0xF81F,
    0xF81F, 0xF81F, 0xF81F, 0xF81F, 0xF81F, 0xF81F, 0xF81F, 0xF81F, 0xF81F, 0xF81F, 0xF81F, 0xF81F,
    0xF81F, 0xF81F, 0xF81F, 0xF81F, 0xF81F, 0xF81F, 0xF81F, 0xF81F, 0xF81F, 0xF81F, 0xF81F, 0xF81F,
    0xF81F, 0xF81F, 0xF81F, 0xF81F, 0xF81F, 0xF81F, 0xF81F, 0xF81F, 0xF81F, 0xF81F, 0xF81F, 0xF81F,
    0xF81F, 0xF81F, 0xF81F, 0xF81F, 0xF81F, 0xF81F, 0xF81F, 0xF81F, 0xF81F, 0xF81F, 0xF81F, 0xF81F,
    0xF81F, 0xF81F, 0xF81F, 0xF81F, 0xF81F, 0xF81F, 0xF81F, 0xF81F, 0xF81F, 0xF81F, 0xF81F, 0xF81F,
    0xF81F, 0xF81F, 0xF81F, 0xF81F, 0xF81F, 0xF81F, 0xF81F, 0xF81F, 0xF81F, 0xF81F, 0xF81F, 0xF81F,
    0xF81F, 0xF81F, 0xF81F, 0xF81F, 0xF81F, 0xF81F, 0xF81F, 0xF81F, 0xF81F, 0xF81F, 0xF81F, 0xF81F,
    0xF81F, 0xF81F, 0xF81F, 0xF81F, 0xF81F, 0xF81F, 0xF81F, 0xF81F, 0xF81F, 0xF81F, 0xF81F, 0xF81F,
    0xF81F, 0xF81F, 0xF81F, 0xF81F, 0x0000, 0x0000, 0x1082, 0x630C, 0xEF5D, 0xFFFF, 0xFFFF, 0xFFFF,
    0xFFFF, 0xFFFF, 0xFFFF, 0xFFFF, 0xFFFF, 0xE71C, 0x8430, 0x0000, 0x4208, 0xFFFF, 0xFFFF, 0xEF5D,
    0xEF5D, 0xEF5D, 0xFFFF, 0x4208, 0x0000, 0x630C, 0xEF5D, 0xEF5D, 0xFFFF, 0xE71C, 0x73AE, 0x4208,
    0x1082, 0x2104, 0x528A, 0x0000, 0x0000, 0x0000, 0xF81F, 0xF81F, 0xF81F, 0xF81F, 0xF81F, 0xF81F,
    0xF81F, 0xF81F, 0xF81F, 0xF81F, 0xF81F, 0xF81F, 0xF81F, 0xF81F, 0xF81F, 0xF81F, 0xF81F, 0xF81F,
    0xF81F, 0xF81F, 0xF81F, 0xF81F, 0xF81F, 0xF81F, 0xF81F, 0xF81F, 0xF81F, 0xF81F, 0xF81F, 0xF81F,
    0xF81F, 0xF81F, 0xF81F, 0xF81F, 0xF81F, 0xF81F, 0xF81F, 0xF81F, 0xF81F, 0xF81F, 0xF81F, 0xF81F,
    0xF81F, 0xF81F, 0xF81F, 0xF81F, 0xF81F, 0xF81F, 0xF81F, 0xF81F, 0xF81F, 0xF81F, 0xF81F, 0xF81F,
    0xF81F, 0xF81F, 0xF81F, 0xF81F, 0xF81F, 0xF81F, 0xF81F, 0xF81F, 0xF81F, 0xF81F, 0xF81F, 0xF81F,
    0xF81F, 0xF81F, 0xF81F, 0xF81F, 0xF81F, 0xF81F, 0xF81F, 0xF81F, 0xF81F, 0xF81F, 0xF81F, 0xF81F,
    0xF81F, 0xF81F, 0xF81F, 0xF81F, 0xF81F, 0xF81F, 0xF81F, 0xF81F, 0xF81F, 0xF81F, 0xF81F, 0xF81F,
    0xF81F, 0xF81F, 0xF81F, 0xF81F, 0xF81F, 0xF81F, 0xF81F, 0xF81F, 0xF81F, 0xF81F, 0xF81F, 0xF81F,
    0x0000, 0x0000, 0x0000, 0x0000, 0x528A, 0xE71C, 0xEF5D, 0xEF5D, 0xFFFF, 0xFFFF, 0xFFFF, 0xEF5D,
    0xFFFF, 0x8430, 0x3186, 0x0000, 0x3186, 0xEF5D, 0xFFFF, 0xFFFF, 0xFFFF, 0xEF5D, 0x73AE, 0x1082,
    0x0000, 0x8430, 0xFFFF, 0xFFFF, 0xFFFF, 0xFFFF, 0xFFFF, 0xFFFF, 0x8430, 0x73AE, 0x2104, 0x0000,
    0x0000, 0xF81F, 0xF81F, 0xF81F, 0xF81F, 0xF81F, 0xF81F, 0xF81F, 0xF81F, 0xF81F, 0xF81F, 0xF81F,
    0xF81F, 0xF81F, 0xF81F, 0xF81F, 0xF81F, 0xF81F, 0xF81F, 0xF81F, 0xF81F, 0xF81F, 0xF81F, 0xF81F,
    0xF81F, 0xF81F, 0xF81F, 0xF81F, 0xF81F, 0xF81F, 0xF81F, 0xF81F, 0xF81F, 0xF81F, 0xF81F, 0xF81F,
    0xF81F, 0xF81F, 0xF81F, 0xF81F, 0xF81F, 0xF81F, 0xF81F, 0xF81F, 0xF81F, 0xF81F, 0xF81F, 0xF81F,
    0xF81F, 0xF81F, 0xF81F, 0xF81F, 0xF81F, 0xF81F, 0xF81F, 0xF81F, 0xF81F, 0xF81F, 0xF81F, 0xF81F,
    0xF81F, 0xF81F, 0xF81F, 0xF81F, 0xF81F, 0xF81F, 0xF81F, 0xF81F, 0xF81F, 0xF81F, 0xF81F, 0xF81F,
    0xF81F, 0xF81F, 0xF81F, 0xF81F, 0xF81F, 0xF81F, 0xF81F, 0xF81F, 0xF81F, 0xF81F, 0xF81F, 0xF81F,
    0xF81F, 0xF81F, 0xF81F, 0xF81F, 0xF81F, 0xF81F, 0xF81F, 0xF81F, 0xF81F, 0xF81F, 0xF81F, 0xF81F,
    0xF81F, 0xF81F, 0xF81F, 0xF81F, 0xF81F, 0xF81F, 0xF81F, 0xF81F, 0x0000, 0x0000, 0x1082, 0x1082,
    0x0000, 0x2104, 0x4208, 0x630C, 0x73AE, 0x73AE, 0x630C, 0x528A, 0x3186, 0x1082, 0x0000, 0x0000,
    0x1082, 0xFFFF, 0xFFFF, 0xFFFF, 0xFFFF, 0xEF5D, 0x528A, 0x0000, 0x2104, 0xE71C, 0xFFFF, 0xFFFF,
    0xFFFF, 0xFFFF, 0xFFFF, 0xFFFF, 0xFFFF, 0x630C, 0x0000, 0x0000, 0x0000, 0xF81F, 0xF81F, 0xF81F,
    0xF81F, 0xF81F, 0xF81F, 0xF81F, 0xF81F, 0xF81F, 0xF81F, 0xF81F, 0xF81F, 0xF81F, 0xF81F, 0xF81F,
    0xF81F, 0xF81F, 0xF81F, 0xF81F, 0xF81F, 0xF81F, 0xF81F, 0xF81F, 0xF81F, 0xF81F, 0xF81F, 0xF81F,
    0xF81F, 0xF81F, 0xF81F, 0xF81F, 0xF81F, 0xF81F, 0xF81F, 0xF81F, 0xF81F, 0xF81F, 0xF81F, 0xF81F,
    0xF81F, 0xF81F, 0xF81F, 0xF81F, 0xF81F, 0xF81F, 0xF81F, 0xF81F, 0xF81F, 0xF81F, 0xF81F, 0xF81F,
    0xF81F, 0xF81F, 0xF81F, 0xF81F, 0xF81F, 0xF81F, 0xF81F, 0xF81F, 0xF81F, 0xF81F, 0xF81F, 0xF81F,
    0xF81F, 0xF81F, 0xF81F, 0xF81F, 0xF81F, 0xF81F, 0xF81F, 0xF81F, 0xF81F, 0xF81F, 0xF81F, 0xF81F,
    0xF81F, 0xF81F, 0xF81F, 0xF81F, 0xF81F, 0xF81F, 0xF81F, 0xF81F, 0xF81F, 0xF81F, 0xF81F, 0xF81F,
    0xF81F, 0xF81F, 0xF81F, 0xF81F, 0xF81F, 0xF81F, 0xF81F, 0xF81F, 0xF81F, 0xF81F, 0xF81F, 0xF81F,
    0xF81F, 0xF81F, 0xF81F, 0xF81F, 0x0000, 0x0000, 0x2104, 0x73AE, 0x528A, 0x1082, 0x0000, 0x0000,
    0x0000, 0x0000, 0x0000, 0x0000, 0x2104, 0x4208, 0x4208, 0x0000, 0x0000, 0x4208, 0xEF5D, 0xFFFF,
    0xFFFF, 0xFFFF, 0x3186, 0x0000, 0x4208, 0xFFFF, 0xFFFF, 0xFFFF, 0xFFFF, 0xFFFF, 0xFFFF, 0xFFFF,
    0x73AE, 0x1082, 0x0000, 0x0000, 0xF81F, 0xF81F, 0xF81F, 0xF81F, 0xF81F, 0xF81F, 0xF81F, 0xF81F,
    0xF81F, 0xF81F, 0xF81F, 0xF81F, 0xF81F, 0xF81F, 0xF81F, 0xF81F, 0xF81F, 0xF81F, 0xF81F, 0xF81F,
    0xF81F, 0xF81F, 0xF81F, 0xF81F, 0xF81F, 0xF81F, 0xF81F, 0xF81F, 0xF81F, 0xF81F, 0xF81F, 0xF81F,
    0xF81F, 0xF81F, 0xF81F, 0xF81F, 0xF81F, 0xF81F, 0xF81F, 0xF81F, 0xF81F, 0xF81F, 0xF81F, 0xF81F,
    0xF81F, 0xF81F, 0xF81F, 0xF81F, 0xF81F, 0xF81F, 0xF81F, 0xF81F, 0xF81F, 0xF81F, 0xF81F, 0xF81F,
    0xF81F, 0xF81F, 0xF81F, 0xF81F, 0xF81F, 0xF81F, 0xF81F, 0xF81F, 0xF81F, 0xF81F, 0xF81F, 0xF81F,
    0xF81F, 0xF81F, 0xF81F, 0xF81F, 0xF81F, 0xF81F, 0xF81F, 0xF81F, 0xF81F, 0xF81F, 0xF81F, 0xF81F,
    0xF81F, 0xF81F, 0xF81F, 0xF81F, 0xF81F, 0xF81F, 0xF81F, 0xF81F, 0xF81F, 0xF81F, 0xF81F, 0xF81F,
    0xF81F, 0xF81F, 0xF81F, 0xF81F, 0xF81F, 0xF81F, 0xF81F, 0xF81F, 0xF81F, 0xF81F, 0xF81F, 0xF81F,
    0xF81F, 0x0000, 0x0000, 0x3186, 0xE71C, 0xE71C, 0x8430, 0x73AE, 0x528A, 0x528A, 0x73AE, 0x8430,
    0xE71C, 0xFFFF, 0x4208, 0x0000, 0x0000, 0x0000, 0x528A, 0xEF5D, 0xFFFF, 0xFFFF, 0xE71C, 0x630C,
    0x8430, 0xFFFF, 0xFFFF, 0xFFFF, 0xFFFF, 0xFFFF, 0xFFFF, 0x630C, 0x1082, 0x0000, 0x0000, 0x0000,
    0xF81F, 0xF81F, 0xF81F, 0xF81F, 0xF81F, 0xF81F, 0xF81F, 0xF81F, 0xF81F, 0xF81F, 0xF81F, 0xF81F,
    0xF81F, 0xF81F, 0xF81F, 0xF81F, 0xF81F, 0xF81F, 0xF81F, 0xF81F, 0xF81F, 0xF81F, 0xF81F, 0xF81F,
    0xF81F, 0xF81F, 0xF81F, 0xF81F, 0xF81F, 0xF81F, 0xF81F, 0xF81F, 0xF81F, 0xF81F, 0xF81F, 0xF81F,
    0xF81F, 0xF81F, 0xF81F, 0xF81F, 0xF81F, 0xF81F, 0xF81F, 0xF81F, 0xF81F, 0xF81F, 0xF81F, 0xF81F,
    0xF81F, 0xF81F, 0xF81F, 0xF81F, 0xF81F, 0xF81F, 0xF81F, 0xF81F, 0xF81F, 0xF81F, 0xF81F, 0xF81F,
    0xF81F, 0xF81F, 0xF81F, 0xF81F, 0xF81F, 0xF81F, 0xF81F, 0xF81F, 0xF81F, 0xF81F, 0xF81F, 0xF81F,
    0xF81F, 0xF81F, 0xF81F, 0xF81F, 0xF81F, 0xF81F, 0xF81F, 0xF81F, 0xF81F, 0xF81F, 0xF81F, 0xF81F,
    0xF81F, 0xF81F, 0xF81F, 0xF81F, 0xF81F, 0xF81F, 0xF81F, 0xF81F, 0xF81F, 0xF81F, 0xF81F, 0xF81F,
    0xF81F, 0xF81F, 0xF81F, 0xF81F, 0xF81F, 0xF81F, 0xF81F, 0xF81F, 0xF81F, 0xF81F, 0x0000, 0x0000,
    0x2104, 0x630C, 0xE71C, 0xFFFF, 0xFFFF, 0xFFFF, 0xFFFF, 0xE71C, 0x73AE, 0x3186, 0x1082, 0x0000,
    0x0000, 0x0000, 0x0000, 0x3186, 0x8430, 0xFFFF, 0xFFFF, 0xFFFF, 0xFFFF, 0xFFFF, 0xFFFF, 0xFFFF,
    0xFFFF, 0x8430, 0x3186, 0x1082, 0x0000, 0x2104, 0x0000, 0x0000, 0xF81F, 0xF81F, 0xF81F, 0xF81F,
    0xF81F, 0xF81F, 0xF81F, 0xF81F, 0xF81F, 0xF81F, 0xF81F, 0xF81F, 0xF81F, 0xF81F, 0xF81F, 0xF81F,
    0xF81F, 0xF81F, 0xF81F, 0xF81F, 0xF81F, 0xF81F, 0xF81F, 0xF81F, 0xF81F, 0xF81F, 0xF81F, 0xF81F,
    0xF81F, 0xF81F, 0xF81F, 0xF81F, 0xF81F, 0xF81F, 0xF81F, 0xF81F, 0xF81F, 0xF81F, 0xF81F, 0xF81F,
    0xF81F, 0xF81F, 0xF81F, 0xF81F, 0xF81F, 0xF81F, 0xF81F, 0xF81F, 0xF81F, 0xF81F, 0xF81F, 0xF81F,
    0xF81F, 0xF81F, 0xF81F, 0xF81F, 0xF81F, 0xF81F, 0xF81F, 0xF81F, 0xF81F, 0xF81F, 0xF81F, 0xF81F,
    0xF81F, 0xF81F, 0xF81F, 0xF81F, 0xF81F, 0xF81F, 0xF81F, 0xF81F, 0xF81F, 0xF81F, 0xF81F, 0xF81F,
    0xF81F, 0xF81F, 0xF81F, 0xF81F, 0xF81F, 0xF81F, 0xF81F, 0xF81F, 0xF81F, 0xF81F, 0xF81F, 0xF81F,
    0xF81F, 0xF81F, 0xF81F, 0xF81F, 0xF81F, 0xF81F, 0xF81F, 0xF81F, 0xF81F, 0xF81F, 0xF81F, 0xF81F,
    0xF81F, 0xF81F, 0xF81F, 0xF81F, 0xF81F, 0xF81F, 0xF81F, 0x0000, 0x0000, 0x0000, 0x1082, 0x1082,
    0x3186, 0x3186, 0x1082, 0x1082, 0x0000, 0x0000, 0x0000, 0x0000, 0x1082, 0x4208, 0x1082, 0x0000,
    0x1082, 0x3186, 0x528A, 0x73AE, 0x8430, 0x8430, 0x73AE, 0x528A, 0x2104, 0x1082, 0x0000, 0x2104,
    0x73AE, 0x2104, 0x0000, 0x0000, 0xF81F, 0xF81F, 0xF81F, 0xF81F, 0xF81F, 0xF81F, 0xF81F, 0xF81F,
    0xF81F, 0xF81F, 0xF81F, 0xF81F, 0xF81F, 0xF81F, 0xF81F, 0xF81F, 0xF81F, 0xF81F, 0xF81F, 0xF81F,
    0xF81F, 0xF81F, 0xF81F, 0xF81F, 0xF81F, 0xF81F, 0xF81F, 0xF81F, 0xF81F, 0xF81F, 0xF81F, 0xF81F,
    0xF81F, 0xF81F, 0xF81F, 0xF81F, 0xF81F, 0xF81F, 0xF81F, 0xF81F, 0xF81F, 0xF81F, 0xF81F, 0xF81F,
    0xF81F, 0xF81F, 0xF81F, 0xF81F, 0xF81F, 0xF81F, 0xF81F, 0xF81F, 0xF81F, 0xF81F, 0xF81F, 0xF81F,
    0xF81F, 0xF81F, 0xF81F, 0xF81F, 0xF81F, 0xF81F, 0xF81F, 0xF81F, 0xF81F, 0xF81F, 0xF81F, 0xF81F,
    0xF81F, 0xF81F, 0xF81F, 0xF81F, 0xF81F, 0xF81F, 0xF81F, 0xF81F, 0xF81F, 0xF81F, 0xF81F, 0xF81F,
    0xF81F, 0xF81F, 0xF81F, 0xF81F, 0xF81F, 0xF81F, 0xF81F, 0xF81F, 0xF81F, 0xF81F, 0xF81F, 0xF81F,
    0xF81F, 0xF81F, 0xF81F, 0xF81F, 0xF81F, 0xF81F, 0xF81F, 0xF81F, 0xF81F, 0xF81F, 0xF81F, 0xF81F,
    0xF81F, 0xF81F, 0xF81F, 0xF81F, 0x0000, 0x0000, 0x0000, 0x0000, 0x0000, 0x0000, 0x0000, 0x0000,
    0x0000, 0x0000, 0x0000, 0x0000, 0x0000, 0x2104, 0x8430, 0x630C, 0x2104, 0x0000, 0x0000, 0x0000,
    0x0000, 0x0000, 0x0000, 0x0000, 0x0000, 0x2104, 0x630C, 0x8430, 0x3186, 0x0000, 0x0000, 0xF81F,
    0xF81F, 0xF81F, 0xF81F, 0xF81F, 0xF81F, 0xF81F, 0xF81F, 0xF81F, 0xF81F, 0xF81F, 0xF81F, 0xF81F,
    0xF81F, 0xF81F, 0xF81F, 0xF81F, 0xF81F, 0xF81F, 0xF81F, 0xF81F, 0xF81F, 0xF81F, 0xF81F, 0xF81F,
    0xF81F, 0xF81F, 0xF81F, 0xF81F, 0xF81F, 0xF81F, 0xF81F, 0xF81F, 0xF81F, 0xF81F, 0xF81F, 0xF81F,
    0xF81F, 0xF81F, 0xF81F, 0xF81F, 0xF81F, 0xF81F, 0xF81F, 0xF81F, 0xF81F, 0xF81F, 0xF81F, 0xF81F,
    0xF81F, 0xF81F, 0xF81F, 0xF81F, 0xF81F, 0xF81F, 0xF81F, 0xF81F, 0xF81F, 0xF81F, 0xF81F, 0xF81F,
    0xF81F, 0xF81F, 0xF81F, 0xF81F, 0xF81F, 0xF81F, 0xF81F, 0xF81F, 0xF81F, 0xF81F, 0xF81F, 0xF81F,
    0xF81F, 0xF81F, 0xF81F, 0xF81F, 0xF81F, 0xF81F, 0xF81F, 0xF81F, 0xF81F, 0xF81F, 0xF81F, 0xF81F,
    0xF81F, 0xF81F, 0xF81F, 0xF81F, 0xF81F, 0xF81F, 0xF81F, 0xF81F, 0xF81F, 0xF81F, 0xF81F, 0xF81F,
    0xF81F, 0xF81F, 0xF81F, 0xF81F, 0xF81F, 0xF81F, 0xF81F, 0xF81F, 0xF81F, 0xF81F, 0xF81F, 0xF81F,
    0xF81F, 0xF81F, 0x0000, 0x0000, 0x0000, 0x0000, 0x0000, 0x0000, 0x0000, 0x0000, 0x0000, 0x0000,
    0x0000, 0x0000, 0x2104, 0x8430, 0xFFFF, 0xE71C, 0x630C, 0x528A, 0x528A, 0x528A, 0x528A, 0x73AE,
    0xE71C, 0xE71C, 0x73AE, 0x2104, 0x0000, 0x0000, 0xF81F, 0xF81F, 0xF81F, 0xF81F, 0xF81F, 0xF81F,
    0xF81F, 0xF81F, 0xF81F, 0xF81F, 0xF81F, 0xF81F, 0xF81F, 0xF81F, 0xF81F, 0xF81F, 0xF81F, 0xF81F,
    0xF81F, 0xF81F, 0xF81F, 0xF81F, 0xF81F, 0xF81F, 0xF81F, 0xF81F, 0xF81F, 0xF81F, 0xF81F, 0xF81F,
    0xF81F, 0xF81F, 0xF81F, 0xF81F, 0xF81F, 0xF81F, 0xF81F, 0xF81F, 0xF81F, 0xF81F, 0xF81F, 0xF81F,
    0xF81F, 0xF81F, 0xF81F, 0xF81F, 0xF81F, 0xF81F, 0xF81F, 0xF81F, 0xF81F, 0xF81F, 0xF81F, 0xF81F,
    0xF81F, 0xF81F, 0xF81F, 0xF81F, 0xF81F, 0xF81F, 0xF81F, 0xF81F, 0xF81F, 0xF81F, 0xF81F, 0xF81F,
    0xF81F, 0xF81F, 0xF81F, 0xF81F, 0xF81F, 0xF81F, 0xF81F, 0xF81F, 0xF81F, 0xF81F, 0xF81F, 0xF81F,
    0xF81F, 0xF81F, 0xF81F, 0xF81F, 0xF81F, 0xF81F, 0xF81F, 0xF81F, 0xF81F, 0xF81F, 0xF81F, 0xF81F,
    0xF81F, 0xF81F, 0xF81F, 0xF81F, 0xF81F, 0xF81F, 0xF81F, 0xF81F, 0xF81F, 0xF81F, 0xF81F, 0xF81F,
    0xF81F, 0xF81F, 0xF81F, 0xF81F, 0xF81F, 0xF81F, 0xF81F, 0xF81F, 0xF81F, 0xF81F, 0xF81F, 0xF81F,
    0xF81F, 0xF81F, 0xF81F, 0xF81F, 0xF81F, 0xF81F, 0xF81F, 0x0000, 0x0000, 0x0000, 0x0000, 0x0000,
    0x3186, 0x8430, 0xE71C, 0xE71C, 0xFFFF, 0xE71C, 0xE71C, 0xE71C, 0x630C, 0x3186, 0x0000, 0x0000,
    0x0000, 0xF81F, 0xF81F, 0xF81F, 0xF81F, 0xF81F, 0xF81F, 0xF81F, 0xF81F, 0xF81F, 0xF81F, 0xF81F,
    0xF81F, 0xF81F, 0xF81F, 0xF81F, 0xF81F, 0xF81F, 0xF81F, 0xF81F, 0xF81F, 0xF81F, 0xF81F, 0xF81F,
    0xF81F, 0xF81F, 0xF81F, 0xF81F, 0xF81F, 0xF81F, 0xF81F, 0xF81F, 0xF81F, 0xF81F, 0xF81F, 0xF81F,
    0xF81F, 0xF81F, 0xF81F, 0xF81F, 0xF81F, 0xF81F, 0xF81F, 0xF81F, 0xF81F, 0xF81F, 0xF81F, 0xF81F,
    0xF81F, 0xF81F, 0xF81F, 0xF81F, 0xF81F, 0xF81F, 0xF81F, 0xF81F, 0xF81F, 0xF81F, 0xF81F, 0xF81F,
    0xF81F, 0xF81F, 0xF81F, 0xF81F, 0xF81F, 0xF81F, 0xF81F, 0xF81F, 0xF81F, 0xF81F, 0xF81F, 0xF81F,
    0xF81F, 0xF81F, 0xF81F, 0xF81F, 0xF81F, 0xF81F, 0xF81F, 0xF81F, 0xF81F, 0xF81F, 0xF81F, 0xF81F,
    0xF81F, 0xF81F, 0xF81F, 0xF81F, 0xF81F, 0xF81F, 0xF81F, 0xF81F, 0xF81F, 0xF81F, 0xF81F, 0xF81F,
    0xF81F, 0xF81F, 0xF81F, 0xF81F, 0xF81F, 0xF81F, 0xF81F, 0xF81F, 0xF81F, 0xF81F, 0xF81F, 0xF81F,
    0xF81F, 0xF81F, 0xF81F, 0xF81F, 0xF81F, 0xF81F, 0xF81F, 0xF81F, 0xF81F, 0xF81F, 0xF81F, 0xF81F,
    0xF81F, 0xF81F, 0xF81F, 0xF81F, 0xF81F, 0x0000, 0x0000, 0x0000, 0x0000, 0x0000, 0x1082, 0x2104,
    0x4208, 0x3186, 0x2104, 0x0000, 0x0000, 0x0000, 0x0000, 0x0000, 0xF81F, 0xF81F, 0xF81F, 0xF81F,
    0xF81F, 0xF81F, 0xF81F, 0xF81F, 0xF81F, 0xF81F, 0xF81F, 0xF81F, 0xF81F, 0xF81F, 0xF81F, 0xF81F,
    0xF81F, 0xF81F, 0xF81F, 0xF81F, 0xF81F, 0xF81F, 0xF81F, 0xF81F, 0xF81F, 0xF81F, 0xF81F, 0xF81F,
    0xF81F, 0xF81F, 0xF81F, 0xF81F, 0xF81F, 0xF81F, 0xF81F, 0xF81F, 0xF81F, 0xF81F, 0xF81F, 0xF81F,
    0xF81F, 0xF81F, 0xF81F, 0xF81F, 0xF81F, 0xF81F, 0xF81F, 0xF81F, 0xF81F, 0xF81F, 0xF81F, 0xF81F,
    0xF81F, 0xF81F, 0xF81F, 0xF81F, 0xF81F, 0xF81F, 0xF81F, 0xF81F, 0xF81F, 0xF81F, 0xF81F, 0xF81F,
    0xF81F, 0xF81F, 0xF81F, 0xF81F, 0xF81F, 0xF81F, 0xF81F, 0xF81F, 0xF81F, 0xF81F, 0xF81F, 0xF81F,
    0xF81F, 0xF81F, 0xF81F, 0xF81F, 0xF81F, 0xF81F, 0xF81F, 0xF81F, 0xF81F, 0xF81F, 0xF81F, 0xF81F,
    0xF81F, 0xF81F, 0xF81F, 0xF81F, 0xF81F, 0xF81F, 0xF81F, 0xF81F, 0xF81F, 0xF81F, 0xF81F, 0xF81F,
    0xF81F, 0xF81F, 0xF81F, 0xF81F, 0xF81F, 0xF81F, 0xF81F, 0xF81F, 0xF81F, 0xF81F, 0xF81F, 0xF81F,
    0xF81F, 0xF81F, 0xF81F, 0xF81F, 0xF81F, 0xF81F, 0xF81F, 0xF81F, 0xF81F, 0xF81F, 0xF81F, 0xF81F,
    0xF81F, 0xF81F, 0xF81F, 0x0000, 0x0000, 0x0000, 0x0000, 0x0000, 0x0000, 0x0000, 0x0000, 0x0000,
    0x0000, 0x0000, 0xF81F, 0xF81F, 0xF81F, 0xF81F, 0xF81F, 0xF81F, 0xF81F, 0xF81F, 0xF81F, 0xF81F,
    0xF81F, 0xF81F, 0xF81F, 0xF81F, 0xF81F, 0xF81F, 0xF81F, 0xF81F, 0xF81F, 0xF81F, 0xF81F, 0xF81F,
    0xF81F, 0xF81F, 0xF81F, 0xF81F, 0xF81F, 0xF81F, 0xF81F, 0xF81F, 0xF81F, 0xF81F, 0xF81F, 0xF81F,
    0xF81F, 0xF81F, 0xF81F, 0xF81F, 0xF81F, 0xF81F, 0xF81F, 0xF81F, 0xF81F, 0xF81F, 0xF81F, 0xF81F,
    0xF81F, 0xF81F, 0xF81F, 0xF81F, 0xF81F, 0xF81F, 0xF81F, 0xF81F, 0xF81F, 0xF81F, 0xF81F, 0xF81F,
    0xF81F, 0xF81F, 0xF81F, 0xF81F, 0xF81F, 0xF81F, 0xF81F, 0xF81F, 0xF81F, 0xF81F, 0xF81F, 0xF81F,
    0xF81F, 0xF81F, 0xF81F, 0xF81F, 0xF81F, 0xF81F, 0xF81F, 0xF81F, 0xF81F, 0xF81F, 0xF81F, 0xF81F,
    0xF81F, 0xF81F, 0xF81F, 0xF81F, 0xF81F, 0xF81F, 0xF81F, 0xF81F, 0xF81F, 0xF81F, 0xF81F, 0xF81F,
    0xF81F, 0xF81F, 0xF81F, 0xF81F, 0xF81F, 0xF81F, 0xF81F, 0xF81F, 0xF81F, 0xF81F, 0xF81F, 0xF81F,
    0xF81F, 0xF81F, 0xF81F, 0xF81F, 0xF81F, 0xF81F, 0xF81F, 0xF81F, 0xF81F, 0xF81F, 0xF81F, 0xF81F,
    0xF81F, 0xF81F, 0xF81F, 0xF81F, 0xF81F, 0xF81F, 0xF81F, 0xF81F, 0xF81F, 0xF81F, 0xF81F, 0xF81F,
    0xF81F, 0xF81F, 0x0000, 0x0000, 0x0000, 0x0000, 0x0000, 0xF81F, 0xF81F, 0xF81F, 0xF81F, 0xF81F,
    0xF81F, 0xF81F, 0xF81F, 0xF81F, 0xF81F, 0xF81F, 0xF81F, 0xF81F, 0xF81F, 0xF81F, 0xF81F, 0xF81F,
    0xF81F, 0xF81F, 0xF81F, 0xF81F, 0xF81F, 0xF81F, 0xF81F, 0xF81F, 0xF81F, 0xF81F, 0xF81F, 0xF81F,
    0xF81F, 0xF81F, 0xF81F, 0xF81F, 0xF81F, 0xF81F, 0xF81F, 0xF81F, 0xF81F, 0xF81F, 0xF81F, 0xF81F,
    0xF81F, 0xF81F, 0xF81F, 0xF81F, 0xF81F, 0xF81F, 0xF81F, 0xF81F, 0xF81F, 0xF81F, 0xF81F, 0xF81F,
    0xF81F, 0xF81F, 0xF81F, 0xF81F, 0xF81F, 0xF81F, 0xF81F, 0xF81F, 0xF81F, 0xF81F, 0xF81F, 0xF81F,
    0xF81F, 0xF81F, 0xF81F, 0xF81F, 0xF81F, 0xF81F, 0xF81F, 0xF81F, 0xF81F, 0xF81F, 0xF81F, 0xF81F,
    0xF81F, 0xF81F, 0xF81F, 0xF81F, 0xF81F, 0xF81F, 0xF81F, 0xF81F, 0xF81F, 0xF81F, 0xF81F, 0xF81F,
    0xF81F, 0xF81F, 0xF81F, 0xF81F, 0xF81F, 0xF81F, 0xF81F, 0xF81F, 0xF81F, 0xF81F, 0xF81F, 0xF81F,
    0xF81F, 0xF81F, 0xF81F, 0xF81F, 0xF81F, 0xF81F, 0xF81F, 0xF81F, 0xF81F, 0xF81F, 0xF81F, 0xF81F,
    0xF81F, 0xF81F, 0xF81F, 0xF81F, 0xF81F, 0xF81F, 0xF81F, 0xF81F, 0xF81F, 0xF81F, 0xF81F, 0xF81F,
    0xF81F, 0xF81F, 0xF81F, 0xF81F, 0xF81F, 0xF81F, 0xF81F, 0xF81F, 0xF81F, 0xF81F, 0xF81F, 0xF81F,
    0xF81F, 0xF81F, 0xF81F, 0xF81F, 0xF81F, 0xF81F, 0xF81F, 0xF81F, 0xF81F, 0xF81F, 0xF81F, 0xF81F,
    0xF81F, 0xF81F, 0xF81F, 0xF81F, 0xF81F, 0xF81F, 0xF81F, 0xF81F, 0xF81F, 0xF81F, 0xF81F, 0xF81F,
    0xF81F, 0xF81F, 0xF81F, 0xF81F, 0xF81F, 0xF81F, 0xF81F, 0xF81F, 0xF81F, 0xF81F, 0xF81F, 0xF81F,
    0xF81F, 0xF81F, 0xF81F, 0xF81F, 0xF81F, 0xF81F, 0xF81F, 0xF81F, 0xF81F, 0xF81F, 0xF81F, 0xF81F,
    0xF81F, 0xF81F, 0xF81F, 0xF81F, 0xF81F, 0xF81F, 0xF81F, 0xF81F, 0xF81F, 0xF81F, 0xF81F, 0xF81F,
    0xF81F, 0xF81F, 0xF81F, 0xF81F, 0xF81F, 0xF81F, 0xF81F, 0xF81F, 0xF81F, 0xF81F, 0xF81F, 0xF81F,
    0xF81F, 0xF81F, 0xF81F, 0xF81F, 0xF81F, 0xF81F, 0xF81F, 0xF81F, 0xF81F, 0xF81F, 0xF81F, 0xF81F,
    0xF81F, 0xF81F, 0xF81F, 0xF81F, 0xF81F, 0xF81F, 0xF81F, 0xF81F, 0xF81F, 0xF81F, 0xF81F, 0xF81F,
    0xF81F, 0xF81F, 0xF81F, 0xF81F, 0xF81F, 0xF81F, 0xF81F, 0xF81F, 0xF81F, 0xF81F, 0xF81F, 0xF81F,
    0xF81F, 0xF81F, 0xF81F, 0xF81F, 0xF81F, 0xF81F, 0xF81F, 0xF81F, 0xF81F, 0xF81F, 0xF81F, 0xF81F,
    0xF81F, 0xF81F, 0xF81F, 0xF81F, 0xF81F, 0xF81F, 0xF81F, 0xF81F, 0xF81F, 0xF81F, 0xF81F, 0xF81F,
    0xF81F, 0xF81F, 0xF81F, 0xF81F, 0xF81F, 0xF81F, 0xF81F, 0xF81F, 0xF81F, 0xF81F, 0xF81F, 0xF81F,
    0xF81F, 0xF81F, 0xF81F, 0xF81F, 0xF81F, 0xF81F, 0xF81F, 0xF81F, 0xF81F, 0xF81F, 0xF81F, 0xF81F,
    0xF81F, 0xF81F, 0xF81F, 0xF81F, 0xF81F, 0xF81F, 0xF81F, 0xF81F, 0xF81F, 0xF81F, 0xF81F, 0xF81F,
    0xF81F, 0xF81F, 0xF81F, 0xF81F, 0xF81F, 0xF81F, 0xF81F, 0xF81F, 0xF81F, 0xF81F, 0xF81F, 0xF81F,
    0xF81F, 0xF81F, 0xF81F, 0xF81F, 0xF81F, 0xF81F, 0xF81F, 0xF81F, 0xF81F, 0xF81F, 0xF81F, 0xF81F,
    0xF81F, 0xF81F, 0xF81F, 0xF81F, 0xF81F, 0xF81F, 0xF81F, 0xF81F, 0xF81F, 0xF81F, 0xF81F, 0xF81F,
    0xF81F, 0xF81F, 0xF81F, 0xF81F, 0xF81F, 0xF81F, 0xF81F, 0xF81F, 0xF81F, 0xF81F, 0xF81F, 0xF81F,
    0xF81F, 0xF81F, 0xF81F, 0xF81F, 0xF81F, 0xF81F, 0xF81F, 0xF81F, 0xF81F, 0xF81F, 0xF81F, 0xF81F,
    0xF81F, 0xF81F, 0xF81F, 0xF81F, 0xF81F, 0xF81F, 0xF81F, 0xF81F, 0xF81F, 0xF81F, 0xF81F, 0xF81F,
    0xF81F, 0xF81F, 0xF81F, 0xF81F, 0xF81F, 0xF81F, 0xF81F, 0xF81F, 0xF81F, 0xF81F, 0xF81F, 0xF81F,
    0xF81F, 0xF81F, 0xF81F, 0xF81F, 0xF81F, 0xF81F, 0xF81F, 0xF81F, 0xF81F, 0xF81F, 0xF81F, 0xF81F,
    0xF81F, 0xF81F, 0xF81F, 0xF81F, 0xF81F, 0xF81F, 0xF81F, 0xF81F, 0xF81F, 0xF81F, 0xF81F, 0xF81F,
    0xF81F, 0xF81F, 0xF81F, 0xF81F, 0xF81F, 0xF81F, 0xF81F, 0xF81F, 0xF81F, 0xF81F, 0xF81F, 0xF81F,
    0xF81F, 0xF81F, 0xF81F, 0xF81F, 0xF81F, 0xF81F, 0xF81F, 0xF81F, 0xF81F, 0xF81F, 0xF81F, 0xF81F,
    0xF81F, 0xF81F, 0xF81F, 0xF81F, 0xF81F, 0xF81F, 0xF81F, 0xF81F, 0xF81F, 0xF81F, 0xF81F, 0xF81F,
    0xF81F, 0xF81F, 0xF81F, 0xF81F, 0xF81F, 0xF81F, 0xF81F, 0xF81F, 0xF81F, 0xF81F, 0xF81F, 0xF81F,
    0xF81F, 0xF81F, 0xF81F, 0xF81F, 0xF81F, 0xF81F, 0xF81F, 0xF81F, 0xF81F, 0xF81F, 0xF81F, 0xF81F,
    0xF81F, 0xF81F, 0xF81F, 0xF81F, 0xF81F, 0xF81F, 0xF81F, 0xF81F, 0xF81F, 0xF81F, 0xF81F, 0xF81F,
    0xF81F, 0xF81F, 0xF81F, 0xF81F, 0xF81F, 0xF81F, 0xF81F, 0xF81F, 0xF81F, 0xF81F, 0xF81F, 0xF81F,
    0xF81F, 0xF81F, 0xF81F, 0xF81F, 0xF81F, 0xF81F, 0xF81F, 0xF81F, 0xF81F, 0xF81F, 0xF81F, 0xF81F,
    0xF81F, 0xF81F, 0xF81F, 0xF81F, 0xF81F, 0xF81F, 0xF81F, 0xF81F, 0xF81F, 0xF81F, 0xF81F, 0xF81F,
    0xF81F, 0xF81F, 0xF81F, 0xF81F, 0xF81F, 0xF81F, 0xF81F, 0xF81F, 0xF81F, 0xF81F, 0xF81F, 0xF81F,
    0xF81F, 0xF81F, 0xF81F, 0xF81F, 0xF81F, 0xF81F, 0xF81F, 0xF81F, 0xF81F, 0xF81F, 0xF81F, 0xF81F,
    0xF81F, 0xF81F, 0xF81F, 0xF81F, 0xF81F, 0xF81F, 0xF81F, 0xF81F, 0xF81F, 0xF81F, 0xF81F, 0xF81F,
    0xF81F, 0xF81F, 0xF81F, 0xF81F, 0xF81F, 0xF81F, 0xF81F, 0xF81F, 0xF81F, 0xF81F, 0xF81F, 0xF81F,
    0xF81F, 0xF81F, 0xF81F, 0xF81F, 0xF81F, 0xF81F, 0xF81F, 0xF81F, 0xF81F, 0xF81F, 0xF81F, 0xF81F,
    0xF81F, 0xF81F, 0xF81F, 0xF81F, 0xF81F, 0xF81F, 0xF81F, 0xF81F, 0xF81F, 0xF81F, 0xF81F, 0xF81F,
    0xF81F, 0xF81F, 0xF81F, 0xF81F, 0xF81F, 0xF81F, 0xF81F, 0xF81F, 0xF81F, 0xF81F, 0xF81F, 0xF81F,
    0xF81F, 0xF81F, 0xF81F, 0xF81F, 0xF81F, 0xF81F, 0xF81F, 0xF81F, 0xF81F, 0xF81F, 0xF81F, 0xF81F,
    0xF81F, 0xF81F, 0xF81F, 0xF81F, 0xF81F, 0xF81F, 0xF81F, 0xF81F, 0xF81F, 0xF81F, 0xF81F, 0xF81F,
    0xF81F, 0xF81F, 0xF81F, 0xF81F, 0xF81F, 0xF81F, 0xF81F, 0xF81F, 0xF81F, 0xF81F, 0xF81F, 0xF81F,
    0xF81F, 0xF81F, 0xF81F, 0xF81F, 0xF81F, 0xF81F, 0xF81F, 0xF81F, 0xF81F, 0xF81F, 0xF81F, 0xF81F,
    0xF81F, 0xF81F, 0xF81F, 0xF81F, 0xF81F, 0xF81F, 0xF81F, 0xF81F, 0xF81F, 0xF81F, 0xF81F, 0xF81F,
    0xF81F, 0xF81F, 0xF81F, 0xF81F, 0xF81F, 0xF81F, 0xF81F, 0xF81F, 0xF81F, 0xF81F, 0xF81F, 0xF81F,
    0xF81F, 0xF81F, 0xF81F, 0xF81F, 0xF81F, 0xF81F, 0xF81F, 0xF81F, 0xF81F, 0xF81F, 0xF81F, 0xF81F,
    0xF81F, 0xF81F, 0xF81F, 0xF81F, 0xF81F, 0xF81F, 0xF81F, 0xF81F, 0xF81F, 0xF81F, 0xF81F, 0xF81F,
    0xF81F, 0xF81F, 0xF81F, 0xF81F, 0xF81F, 0xF81F, 0xF81F, 0xF81F, 0xF81F, 0xF81F, 0xF81F, 0xF81F,
    0xF81F, 0xF81F, 0xF81F, 0xF81F, 0xF81F, 0xF81F, 0xF81F, 0xF81F, 0xF81F, 0xF81F, 0xF81F, 0xF81F,
    0xF81F, 0xF81F, 0xF81F, 0xF81F, 0xF81F, 0xF81F, 0xF81F, 0xF81F, 0xF81F, 0xF81F, 0xF81F, 0xF81F,
    0xF81F, 0xF81F, 0xF81F, 0xF81F, 0xF81F, 0xF81F, 0xF81F, 0xF81F, 0xF81F, 0xF81F, 0xF81F, 0xF81F,
    0xF81F, 0xF81F, 0xF81F, 0xF81F, 0xF81F, 0xF81F, 0xF81F, 0xF81F, 0xF81F, 0xF81F, 0xF81F, 0xF81F,
    0xF81F, 0xF81F, 0xF81F, 0xF81F, 0xF81F, 0xF81F, 0xF81F, 0xF81F, 0xF81F, 0xF81F, 0xF81F, 0xF81F,
    0xF81F, 0xF81F, 0xF81F, 0xF81F, 0xF81F, 0xF81F, 0xF81F, 0xF81F, 0xF81F, 0xF81F, 0xF81F, 0xF81F,
    0xF81F, 0xF81F, 0xF81F, 0xF81F, 0xF81F, 0xF81F, 0xF81F, 0xF81F, 0xF81F, 0xF81F, 0xF81F, 0xF81F,
    0xF81F, 0xF81F, 0xF81F, 0xF81F, 0xF81F, 0xF81F, 0xF81F, 0xF81F, 0xF81F, 0xF81F, 0xF81F, 0xF81F,
    0xF81F, 0xF81F, 0xF81F, 0xF81F, 0xF81F, 0xF81F, 0xF81F, 0xF81F, 0xF81F, 0xF81F, 0xF81F, 0xF81F,
    0xF81F, 0xF81F, 0xF81F, 0xF81F, 0xF81F, 0xF81F, 0xF81F, 0xF81F, 0xF81F, 0xF81F, 0xF81F, 0xF81F,
    0xF81F, 0xF81F, 0xF81F, 0xF81F, 0xF81F, 0xF81F, 0xF81F, 0xF81F, 0xF81F, 0xF81F, 0xF81F, 0xF81F,
    0xF81F, 0xF81F, 0xF81F, 0xF81F, 0xF81F, 0xF81F, 0xF81F, 0xF81F, 0xF81F, 0xF81F, 0xF81F, 0xF81F,
    0xF81F, 0xF81F, 0xF81F, 0xF81F, 0xF81F, 0xF81F, 0xF81F, 0xF81F, 0xF81F, 0xF81F, 0xF81F, 0xF81F,
    0xF81F, 0xF81F, 0xF81F, 0xF81F, 0xF81F, 0xF81F, 0xF81F, 0xF81F, 0xF81F, 0xF81F, 0xF81F, 0xF81F,
    0xF81F, 0xF81F, 0xF81F, 0xF81F, 0xF81F, 0xF81F, 0xF81F, 0xF81F, 0xF81F, 0xF81F, 0xF81F, 0xF81F,
    0xF81F, 0xF81F, 0xF81F, 0xF81F, 0xF81F, 0xF81F, 0xF81F, 0xF81F, 0xF81F, 0xF81F, 0xF81F, 0xF81F,
    0xF81F, 0xF81F, 0xF81F, 0xF81F, 0xF81F, 0xF81F, 0xF81F, 0xF81F, 0xF81F, 0xF81F, 0xF81F, 0xF81F,
    0xF81F, 0xF81F, 0xF81F, 0xF81F, 0xF81F, 0xF81F, 0xF81F, 0xF81F, 0xF81F, 0xF81F, 0xF81F, 0xF81F,
    0xF81F, 0xF81F, 0xF81F, 0xF81F, 0xF81F, 0xF81F, 0xF81F, 0xF81F, 0xF81F, 0xF81F, 0xF81F, 0xF81F,
    0xF81F, 0xF81F, 0xF81F, 0xF81F, 0xF81F, 0xF81F, 0xF81F, 0xF81F, 0xF81F, 0xF81F, 0xF81F, 0xF81F,
    0xF81F, 0xF81F, 0xF81F, 0xF81F, 0xF81F, 0xF81F, 0xF81F, 0xF81F, 0xF81F, 0xF81F, 0xF81F, 0xF81F,
    0xF81F, 0xF81F, 0xF81F, 0xF81F, 0xF81F, 0xF81F, 0xF81F, 0xF81F, 0xF81F, 0xF81F, 0xF81F, 0xF81F,
    0xF81F, 0xF81F, 0xF81F, 0xF81F, 0xF81F, 0xF81F, 0xF81F, 0xF81F, 0xF81F, 0xF81F, 0xF81F, 0xF81F,
    0xF81F, 0xF81F, 0xF81F, 0xF81F, 0xF81F, 0xF81F, 0xF81F, 0xF81F, 0xF81F, 0xF81F, 0xF81F, 0xF81F,
    0xF81F, 0xF81F, 0xF81F, 0xF81F, 0xF81F, 0xF81F, 0xF81F, 0xF81F, 0xF81F, 0xF81F, 0xF81F, 0xF81F,
    0xF81F, 0xF81F, 0xF81F, 0xF81F, 0xF81F, 0xF81F, 0xF81F, 0xF81F, 0xF81F, 0xF81F, 0xF81F, 0xF81F,
    0xF81F, 0xF81F, 0xF81F, 0xF81F, 0xF81F, 0xF81F, 0xF81F, 0xF81F, 0xF81F, 0xF81F, 0xF81F, 0xF81F,
    0xF81F, 0xF81F, 0xF81F, 0xF81F, 0xF81F, 0xF81F, 0xF81F, 0xF81F, 0xF81F, 0xF81F, 0xF81F, 0xF81F,
    0xF81F, 0xF81F, 0xF81F, 0xF81F, 0xF81F, 0xF81F, 0xF81F, 0xF81F, 0xF81F, 0xF81F, 0xF81F, 0xF81F,
    0xF81F, 0xF81F, 0xF81F, 0xF81F, 0xF81F, 0xF81F, 0xF81F, 0xF81F, 0xF81F, 0xF81F, 0xF81F, 0xF81F,
    0xF81F, 0xF81F, 0xF81F, 0xF81F, 0xF81F, 0xF81F, 0xF81F, 0xF81F, 0xF81F, 0xF81F, 0xF81F, 0xF81F,
};
