#pragma once
#include <stdint.h>

// Wygenerowane w SKALI SZAROSCI (gotowe do kolorowania w ESP)
// Transparent: 0xF81F

const int Laser_pistol_icon_width = 110;
const int Laser_pistol_icon_height = 110;

const uint16_t Laser_pistol_icon[12100] PROGMEM = {
    0xF81F, 0xF81F, 0xF81F, 0xF81F, 0xF81F, 0xF81F, 0xF81F, 0xF81F, 0xF81F, 0xF81F, 0xF81F, 0xF81F,
    0xF81F, 0xF81F, 0xF81F, 0xF81F, 0xF81F, 0xF81F, 0xF81F, 0xF81F, 0xF81F, 0xF81F, 0xF81F, 0xF81F,
    0xF81F, 0xF81F, 0xF81F, 0xF81F, 0xF81F, 0xF81F, 0xF81F, 0xF81F, 0xF81F, 0xF81F, 0xF81F, 0xF81F,
    0xF81F, 0xF81F, 0xF81F, 0xF81F, 0xF81F, 0xF81F, 0xF81F, 0xF81F, 0xF81F, 0xF81F, 0xF81F, 0xF81F,
    0xF81F, 0xF81F, 0xF81F, 0xF81F, 0xF81F, 0xF81F, 0xF81F, 0xF81F, 0xF81F, 0xF81F, 0xF81F, 0xF81F,
    0xF81F, 0xF81F, 0xF81F, 0xF81F, 0xF81F, 0xF81F, 0xF81F, 0xF81F, 0xF81F, 0xF81F, 0xF81F, 0xF81F,
    0xF81F, 0xF81F, 0xF81F, 0xF81F, 0xF81F, 0x0000, 0x0000, 0x0000, 0x0000, 0x0000, 0x0000, 0x0000,
    0xF81F, 0xF81F, 0xF81F, 0xF81F, 0xF81F, 0xF81F, 0xF81F, 0xF81F, 0xF81F, 0xF81F, 0xF81F, 0xF81F,
    0xF81F, 0xF81F, 0xF81F, 0xF81F, 0xF81F, 0xF81F, 0xF81F, 0xF81F, 0xF81F, 0xF81F, 0xF81F, 0xF81F,
    0xF81F, 0xF81F, 0xF81F, 0xF81F, 0xF81F, 0xF81F, 0xF81F, 0xF81F, 0xF81F, 0xF81F, 0xF81F, 0xF81F,
    0xF81F, 0xF81F, 0xF81F, 0xF81F, 0xF81F, 0xF81F, 0xF81F, 0xF81F, 0xF81F, 0xF81F, 0xF81F, 0xF81F,
    0xF81F, 0xF81F, 0xF81F, 0xF81F, 0xF81F, 0xF81F, 0xF81F, 0xF81F, 0xF81F, 0xF81F, 0xF81F, 0xF81F,
    0xF81F, 0xF81F, 0xF81F, 0xF81F, 0xF81F, 0xF81F, 0xF81F, 0xF81F, 0xF81F, 0xF81F, 0xF81F, 0xF81F,
    0xF81F, 0xF81F, 0xF81F, 0xF81F, 0xF81F, 0xF81F, 0xF81F, 0xF81F, 0xF81F, 0xF81F, 0xF81F, 0xF81F,
    0xF81F, 0xF81F, 0xF81F, 0xF81F, 0xF81F, 0xF81F, 0xF81F, 0xF81F, 0xF81F, 0xF81F, 0xF81F, 0xF81F,
    0xF81F, 0xF81F, 0xF81F, 0xF81F, 0xF81F, 0xF81F, 0xF81F, 0x0000, 0x0000, 0x0000, 0x4208, 0x0000,
    0x0000, 0x0000, 0x0000, 0xF81F, 0xF81F, 0xF81F, 0xF81F, 0xF81F, 0xF81F, 0xF81F, 0xF81F, 0xF81F,
    0xF81F, 0xF81F, 0xF81F, 0xF81F, 0xF81F, 0xF81F, 0xF81F, 0xF81F, 0xF81F, 0xF81F, 0xF81F, 0xF81F,
    0xF81F, 0xF81F, 0xF81F, 0xF81F, 0xF81F, 0xF81F, 0xF81F, 0xF81F, 0xF81F, 0xF81F, 0xF81F, 0xF81F,
    0xF81F, 0xF81F, 0xF81F, 0xF81F, 0xF81F, 0xF81F, 0xF81F, 0xF81F, 0xF81F, 0xF81F, 0xF81F, 0xF81F,
    0xF81F, 0xF81F, 0xF81F, 0xF81F, 0xF81F, 0xF81F, 0xF81F, 0xF81F, 0xF81F, 0xF81F, 0xF81F, 0xF81F,
    0xF81F, 0xF81F, 0xF81F, 0xF81F, 0xF81F, 0xF81F, 0xF81F, 0xF81F, 0xF81F, 0xF81F, 0xF81F, 0xF81F,
    0xF81F, 0xF81F, 0xF81F, 0xF81F, 0xF81F, 0xF81F, 0xF81F, 0xF81F, 0xF81F, 0xF81F, 0xF81F, 0xF81F,
    0xF81F, 0xF81F, 0xF81F, 0xF81F, 0xF81F, 0xF81F, 0xF81F, 0xF81F, 0xF81F, 0xF81F, 0xF81F, 0xF81F,
    0xF81F, 0xF81F, 0xF81F, 0xF81F, 0x0000, 0x0000, 0x0000, 0x0000, 0x0000, 0x0000, 0x0000, 0x73AE,
    0xDEFB, 0xDEDB, 0x630C, 0x0841, 0x0000, 0x0000, 0x0000, 0x0000, 0x0000, 0xF81F, 0xF81F, 0xF81F,
    0xF81F, 0xF81F, 0xF81F, 0xF81F, 0xF81F, 0xF81F, 0xF81F, 0xF81F, 0xF81F, 0xF81F, 0xF81F, 0xF81F,
    0xF81F, 0xF81F, 0xF81F, 0xF81F, 0xF81F, 0xF81F, 0xF81F, 0xF81F, 0xF81F, 0xF81F, 0xF81F, 0xF81F,
    0xF81F, 0xF81F, 0xF81F, 0xF81F, 0xF81F, 0xF81F, 0xF81F, 0xF81F, 0xF81F, 0xF81F, 0xF81F, 0xF81F,
    0xF81F, 0xF81F, 0xF81F, 0xF81F, 0xF81F, 0xF81F, 0xF81F, 0xF81F, 0xF81F, 0xF81F, 0xF81F, 0xF81F,
    0xF81F, 0xF81F, 0xF81F, 0xF81F, 0xF81F, 0xF81F, 0xF81F, 0xF81F, 0xF81F, 0xF81F, 0xF81F, 0xF81F,
    0xF81F, 0xF81F, 0xF81F, 0xF81F, 0xF81F, 0xF81F, 0xF81F, 0xF81F, 0xF81F, 0xF81F, 0xF81F, 0xF81F,
    0xF81F, 0xF81F, 0xF81F, 0xF81F, 0xF81F, 0xF81F, 0xF81F, 0xF81F, 0xF81F, 0xF81F, 0xF81F, 0xF81F,
    0xF81F, 0xF81F, 0x0000, 0x0000, 0x0000, 0x0000, 0x0000, 0x0000, 0x0000, 0x0000, 0x0000, 0x0000,
    0x5ACB, 0xE71C, 0xFFDF, 0xFFDF, 0xEF5D, 0x94B2, 0x528A, 0x0841, 0x0000, 0x0000, 0x0000, 0x0000,
    0xF81F, 0xF81F, 0xF81F, 0xF81F, 0xF81F, 0xF81F, 0xF81F, 0xF81F, 0xF81F, 0xF81F, 0xF81F, 0xF81F,
    0xF81F, 0xF81F, 0xF81F, 0xF81F, 0xF81F, 0xF81F, 0xF81F, 0xF81F, 0xF81F, 0xF81F, 0xF81F, 0xF81F,
    0xF81F, 0xF81F, 0xF81F, 0xF81F, 0xF81F, 0xF81F, 0xF81F, 0xF81F, 0xF81F, 0xF81F, 0xF81F, 0xF81F,
    0xF81F, 0xF81F, 0xF81F, 0xF81F, 0xF81F, 0xF81F, 0xF81F, 0xF81F, 0xF81F, 0xF81F, 0xF81F, 0xF81F,
    0xF81F, 0xF81F, 0xF81F, 0xF81F, 0xF81F, 0xF81F, 0xF81F, 0xF81F, 0xF81F, 0xF81F, 0xF81F, 0xF81F,
    0xF81F, 0xF81F, 0xF81F, 0xF81F, 0xF81F, 0xF81F, 0xF81F, 0xF81F, 0xF81F, 0xF81F, 0xF81F, 0xF81F,
    0xF81F, 0xF81F, 0xF81F, 0xF81F, 0xF81F, 0xF81F, 0xF81F, 0xF81F, 0xF81F, 0xF81F, 0xF81F, 0xF81F,
    0xF81F, 0x0000, 0x0000, 0x0000, 0x0000, 0x0000, 0x0000, 0x0000, 0x0000, 0x2945, 0x7BCF, 0x6B4D,
    0x0000, 0x18E3, 0xCE79, 0xFFDF, 0xFFFF, 0xFFDF, 0xFFFF, 0xF7BE, 0xDEDB, 0xC638, 0xAD55, 0x0000,
    0x0000, 0x0000, 0xF81F, 0xF81F, 0xF81F, 0xF81F, 0xF81F, 0xF81F, 0xF81F, 0xF81F, 0xF81F, 0xF81F,
    0xF81F, 0xF81F, 0xF81F, 0xF81F, 0xF81F, 0xF81F, 0xF81F, 0xF81F, 0xF81F, 0xF81F, 0xF81F, 0xF81F,
    0xF81F, 0xF81F, 0xF81F, 0xF81F, 0xF81F, 0xF81F, 0xF81F, 0xF81F, 0xF81F, 0xF81F, 0xF81F, 0xF81F,
    0xF81F, 0xF81F, 0xF81F, 0xF81F, 0xF81F, 0xF81F, 0xF81F, 0xF81F, 0xF81F, 0xF81F, 0xF81F, 0xF81F,
    0xF81F, 0xF81F, 0xF81F, 0xF81F, 0xF81F, 0xF81F, 0xF81F, 0xF81F, 0xF81F, 0xF81F, 0xF81F, 0xF81F,
    0xF81F, 0xF81F, 0xF81F, 0xF81F, 0xF81F, 0xF81F, 0xF81F, 0xF81F, 0xF81F, 0xF81F, 0xF81F, 0xF81F,
    0xF81F, 0xF81F, 0xF81F, 0xF81F, 0xF81F, 0xF81F, 0xF81F, 0xF81F, 0xF81F, 0xF81F, 0xF81F, 0xF81F,
    0xF81F, 0xF81F, 0x0000, 0x0000, 0x0020, 0x0000, 0x0000, 0x0000, 0x0000, 0x0000, 0x4A49, 0xCE79,
    0xF7BE, 0xEF7D, 0xEF5D, 0xEF5D, 0xFFDF, 0xF7BE, 0xFFFF, 0xFFFF, 0xFFFF, 0xFFFF, 0xFFFF, 0xFFFF,
    0xF79E, 0xBDD7, 0x1082, 0x0000, 0x0000, 0xF81F, 0xF81F, 0xF81F, 0xF81F, 0xF81F, 0xF81F, 0xF81F,
    0xF81F, 0xF81F, 0xF81F, 0xF81F, 0xF81F, 0xF81F, 0xF81F, 0xF81F, 0xF81F, 0xF81F, 0xF81F, 0xF81F,
    0xF81F, 0xF81F, 0xF81F, 0xF81F, 0xF81F, 0xF81F, 0xF81F, 0xF81F, 0xF81F, 0xF81F, 0xF81F, 0xF81F,
    0xF81F, 0xF81F, 0xF81F, 0xF81F, 0xF81F, 0xF81F, 0xF81F, 0xF81F, 0xF81F, 0xF81F, 0xF81F, 0xF81F,
    0xF81F, 0xF81F, 0xF81F, 0xF81F, 0xF81F, 0xF81F, 0xF81F, 0xF81F, 0xF81F, 0xF81F, 0xF81F, 0xF81F,
    0xF81F, 0xF81F, 0xF81F, 0xF81F, 0xF81F, 0xF81F, 0xF81F, 0xF81F, 0xF81F, 0xF81F, 0xF81F, 0xF81F,
    0xF81F, 0xF81F, 0xF81F, 0xF81F, 0xF81F, 0xF81F, 0xF81F, 0xF81F, 0xF81F, 0xF81F, 0xF81F, 0xF81F,
    0xF81F, 0xF81F, 0x0000, 0x0000, 0x0000, 0x0000, 0x4A49, 0x10A2, 0x0000, 0x0000, 0x0000, 0x52AA,
    0xD69A, 0xFFFF, 0xFFFF, 0xFFFF, 0xFFFF, 0xFFFF, 0xFFFF, 0xFFFF, 0xF7BE, 0xFFFF, 0xF7BE, 0xFFFF,
    0xFFFF, 0xFFDF, 0xFFFF, 0xF7BE, 0x9CF3, 0x0020, 0x0000, 0x0000, 0xF81F, 0xF81F, 0xF81F, 0xF81F,
    0xF81F, 0xF81F, 0xF81F, 0xF81F, 0xF81F, 0xF81F, 0xF81F, 0xF81F, 0xF81F, 0xF81F, 0xF81F, 0xF81F,
    0xF81F, 0xF81F, 0xF81F, 0xF81F, 0xF81F, 0xF81F, 0xF81F, 0xF81F, 0xF81F, 0xF81F, 0xF81F, 0xF81F,
    0xF81F, 0xF81F, 0xF81F, 0xF81F, 0xF81F, 0xF81F, 0xF81F, 0xF81F, 0xF81F, 0xF81F, 0xF81F, 0xF81F,
    0xF81F, 0xF81F, 0xF81F, 0xF81F, 0xF81F, 0xF81F, 0xF81F, 0xF81F, 0xF81F, 0xF81F, 0xF81F, 0xF81F,
    0xF81F, 0xF81F, 0xF81F, 0xF81F, 0xF81F, 0xF81F, 0xF81F, 0xF81F, 0xF81F, 0xF81F, 0xF81F, 0xF81F,
    0xF81F, 0xF81F, 0xF81F, 0xF81F, 0xF81F, 0xF81F, 0xF81F, 0xF81F, 0xF81F, 0xF81F, 0xF81F, 0xF81F,
    0xF81F, 0xF81F, 0xF81F, 0xF81F, 0x0000, 0x0000, 0x0000, 0x0000, 0xCE79, 0xAD75, 0x2104, 0x0000,
    0x6B4D, 0xD6BA, 0xF7BE, 0xFFFF, 0xFFFF, 0xFFDF, 0xFFDF, 0xFFFF, 0xF7BE, 0xC618, 0xB596, 0xE73C,
    0xF7BE, 0xFFDF, 0xFFFF, 0xFFFF, 0xF7BE, 0xFFFF, 0xEF5D, 0x4A69, 0x0000, 0x0000, 0x0000, 0xF81F,
    0xF81F, 0xF81F, 0xF81F, 0xF81F, 0xF81F, 0xF81F, 0xF81F, 0xF81F, 0xF81F, 0xF81F, 0xF81F, 0xF81F,
    0xF81F, 0xF81F, 0xF81F, 0xF81F, 0xF81F, 0xF81F, 0xF81F, 0xF81F, 0xF81F, 0xF81F, 0xF81F, 0xF81F,
    0xF81F, 0xF81F, 0xF81F, 0xF81F, 0xF81F, 0xF81F, 0xF81F, 0xF81F, 0xF81F, 0xF81F, 0xF81F, 0xF81F,
    0xF81F, 0xF81F, 0xF81F, 0xF81F, 0xF81F, 0xF81F, 0xF81F, 0xF81F, 0xF81F, 0xF81F, 0xF81F, 0xF81F,
    0xF81F, 0xF81F, 0xF81F, 0xF81F, 0xF81F, 0x0000, 0x0000, 0x0000, 0x0000, 0x0000, 0xF81F, 0xF81F,
    0xF81F, 0xF81F, 0xF81F, 0xF81F, 0xF81F, 0xF81F, 0xF81F, 0xF81F, 0xF81F, 0xF81F, 0xF81F, 0xF81F,
    0xF81F, 0xF81F, 0xF81F, 0xF81F, 0xF81F, 0xF81F, 0x0000, 0x0000, 0x0000, 0x0000, 0xF79E, 0xF7BE,
    0xEF5D, 0xEF5D, 0xEF7D, 0xEF7D, 0xEF5D, 0x7BCF, 0x738E, 0xEF7D, 0xF7BE, 0xDEFB, 0x73AE, 0x3186,
    0x1082, 0x73AE, 0xE73C, 0xF7BE, 0xF7BE, 0xFFDF, 0xFFFF, 0xFFFF, 0xF7BE, 0xEF5D, 0x7BEF, 0x0000,
    0x0000, 0x0000, 0xF81F, 0xF81F, 0xF81F, 0xF81F, 0xF81F, 0xF81F, 0xF81F, 0xF81F, 0xF81F, 0xF81F,
    0xF81F, 0xF81F, 0xF81F, 0xF81F, 0xF81F, 0xF81F, 0xF81F, 0xF81F, 0xF81F, 0xF81F, 0xF81F, 0xF81F,
    0xF81F, 0xF81F, 0xF81F, 0xF81F, 0xF81F, 0xF81F, 0xF81F, 0xF81F, 0xF81F, 0xF81F, 0xF81F, 0xF81F,
    0xF81F, 0xF81F, 0xF81F, 0xF81F, 0xF81F, 0xF81F, 0xF81F, 0xF81F, 0xF81F, 0xF81F, 0xF81F, 0xF81F,
    0xF81F, 0xF81F, 0xF81F, 0xF81F, 0xF81F, 0x0000, 0x0000, 0x0000, 0x0000, 0x0000, 0x0000, 0x0000,
    0x0000, 0x0000, 0x0000, 0xF81F, 0xF81F, 0xF81F, 0xF81F, 0xF81F, 0xF81F, 0xF81F, 0xF81F, 0xF81F,
    0xF81F, 0xF81F, 0xF81F, 0xF81F, 0xF81F, 0xF81F, 0xF81F, 0xF81F, 0x0000, 0x0000, 0x0000, 0x0000,
    0xF7BE, 0xFFDF, 0xF7BE, 0xFFDF, 0xFFDF, 0xDEFB, 0x528A, 0x9CD3, 0x8C71, 0x52AA, 0x31A6, 0x18E3,
    0x7BEF, 0x8C71, 0x8C71, 0x3186, 0x7BEF, 0xEF5D, 0xFFDF, 0xF7BE, 0xEF5D, 0xDEDB, 0xDEFB, 0xFFDF,
    0xE73C, 0x5AEB, 0x0000, 0x0000, 0xF81F, 0xF81F, 0xF81F, 0xF81F, 0xF81F, 0xF81F, 0xF81F, 0xF81F,
    0xF81F, 0xF81F, 0xF81F, 0xF81F, 0xF81F, 0xF81F, 0xF81F, 0xF81F, 0xF81F, 0xF81F, 0xF81F, 0xF81F,
    0xF81F, 0xF81F, 0xF81F, 0xF81F, 0xF81F, 0xF81F, 0xF81F, 0xF81F, 0xF81F, 0xF81F, 0xF81F, 0xF81F,
    0x0000, 0x0000, 0x0000, 0x0000, 0x0000, 0xF81F, 0xF81F, 0xF81F, 0xF81F, 0xF81F, 0xF81F, 0xF81F,
    0xF81F, 0xF81F, 0xF81F, 0xF81F, 0xF81F, 0xF81F, 0x0000, 0x0000, 0x0000, 0x0000, 0x39C7, 0x4A69,
    0x0861, 0x0000, 0x0000, 0x0000, 0x0000, 0xF81F, 0xF81F, 0xF81F, 0xF81F, 0xF81F, 0xF81F, 0xF81F,
    0xF81F, 0xF81F, 0xF81F, 0xF81F, 0xF81F, 0xF81F, 0xF81F, 0xF81F, 0xF81F, 0xF81F, 0x0000, 0x0000,
    0x0000, 0x0000, 0xC638, 0xFFFF, 0xFFFF, 0xFFFF, 0xE73C, 0x52AA, 0x9CD3, 0xFFFF, 0xFFFF, 0xDEFB,
    0xCE79, 0xD69A, 0xEF7D, 0xFFFF, 0xFFFF, 0xC638, 0x4A69, 0x9492, 0xCE59, 0xA534, 0x632C, 0x2945,
    0x5ACB, 0xA514, 0xFFFF, 0xCE59, 0x2965, 0x0000, 0x0000, 0xF81F, 0xF81F, 0xF81F, 0xF81F, 0xF81F,
    0xF81F, 0xF81F, 0xF81F, 0xF81F, 0xF81F, 0xF81F, 0xF81F, 0xF81F, 0xF81F, 0xF81F, 0xF81F, 0xF81F,
    0xF81F, 0xF81F, 0xF81F, 0xF81F, 0xF81F, 0xF81F, 0xF81F, 0xF81F, 0xF81F, 0xF81F, 0xF81F, 0xF81F,
    0x0000, 0x0000, 0x0000, 0x2104, 0x4228, 0x2945, 0x0000, 0x0000, 0x0000, 0xF81F, 0xF81F, 0xF81F,
    0xF81F, 0xF81F, 0xF81F, 0xF81F, 0xF81F, 0xF81F, 0x0000, 0x0000, 0x0000, 0x2124, 0x7BCF, 0xDEDB,
    0xE71C, 0xE71C, 0xDEFB, 0x7BCF, 0x0841, 0x0000, 0x0000, 0x0000, 0x0000, 0x0000, 0x0000, 0x0000,
    0xF81F, 0xF81F, 0xF81F, 0xF81F, 0xF81F, 0xF81F, 0xF81F, 0xF81F, 0xF81F, 0xF81F, 0xF81F, 0xF81F,
    0xF81F, 0x0000, 0x0000, 0x0000, 0x5ACB, 0xF7BE, 0xF79E, 0xEF5D, 0x52AA, 0x9CD3, 0xF79E, 0xFFFF,
    0xFFFF, 0xFFFF, 0xFFDF, 0xFFFF, 0xFFFF, 0xFFFF, 0xFFDF, 0xFFFF, 0xCE79, 0x630C, 0x6B4D, 0x9CD3,
    0xCE59, 0xDEFB, 0x630C, 0x2945, 0xBDF7, 0xF7BE, 0x630C, 0x0000, 0x0000, 0xF81F, 0xF81F, 0xF81F,
    0xF81F, 0xF81F, 0xF81F, 0xF81F, 0xF81F, 0xF81F, 0xF81F, 0xF81F, 0xF81F, 0xF81F, 0xF81F, 0xF81F,
    0xF81F, 0xF81F, 0xF81F, 0xF81F, 0xF81F, 0xF81F, 0xF81F, 0xF81F, 0xF81F, 0xF81F, 0xF81F, 0xF81F,
    0x0000, 0x0000, 0x0000, 0x0000, 0x630C, 0xB596, 0xDEFB, 0xBDD7, 0x73AE, 0x0000, 0x0000, 0xF81F,
    0xF81F, 0xF81F, 0xF81F, 0xF81F, 0xF81F, 0xF81F, 0xF81F, 0xF81F, 0x0000, 0x0000, 0x528A, 0xB5B6,
    0xDEDB, 0x7BEF, 0x2104, 0x0000, 0x528A, 0xD69A, 0x630C, 0x0000, 0x0000, 0x0000, 0x0000, 0x0000,
    0x0000, 0x0000, 0xF81F, 0xF81F, 0xF81F, 0xF81F, 0xF81F, 0xF81F, 0xF81F, 0xF81F, 0xF81F, 0xF81F,
    0xF81F, 0xF81F, 0x0000, 0x0000, 0x0000, 0x4228, 0x8430, 0x6B4D, 0x8410, 0x4228, 0x8C71, 0xE73C,
    0xF7BE, 0xFFFF, 0xFFFF, 0xFFFF, 0xF7BE, 0xF7BE, 0xFFFF, 0xF7BE, 0xF79E, 0xF79E, 0xFFFF, 0xFFFF,
    0xFFFF, 0xFFFF, 0xFFDF, 0xFFFF, 0xCE59, 0x31A6, 0x9492, 0xFFFF, 0xC618, 0x0000, 0x0000, 0x0000,
    0xF81F, 0xF81F, 0xF81F, 0xF81F, 0xF81F, 0xF81F, 0xF81F, 0xF81F, 0xF81F, 0xF81F, 0xF81F, 0xF81F,
    0xF81F, 0xF81F, 0xF81F, 0xF81F, 0xF81F, 0xF81F, 0xF81F, 0xF81F, 0xF81F, 0xF81F, 0xF81F, 0xF81F,
    0xF81F, 0xF81F, 0x0000, 0x0000, 0x0000, 0x4208, 0xD69A, 0xA514, 0x630C, 0x8C71, 0xE71C, 0x8430,
    0x0000, 0x0000, 0xF81F, 0xF81F, 0x0000, 0x0000, 0x0000, 0x0000, 0x0000, 0x0000, 0x0000, 0x528A,
    0xD6BA, 0xA514, 0x39C7, 0x39E7, 0x738E, 0x94B2, 0x4228, 0xBDF7, 0x7BEF, 0x39C7, 0x73AE, 0x7BEF,
    0x18C3, 0x0000, 0x0000, 0x0000, 0x0000, 0x0000, 0xF81F, 0xF81F, 0xF81F, 0xF81F, 0xF81F, 0xF81F,
    0xF81F, 0xF81F, 0xF81F, 0xF81F, 0x0000, 0x0000, 0x0000, 0x8430, 0xE73C, 0x2965, 0x9492, 0x9CD3,
    0x8430, 0x9CF3, 0xFFDF, 0xFFFF, 0xFFFF, 0xFFFF, 0xFFFF, 0xF7BE, 0xFFFF, 0xDEFB, 0x8C71, 0xAD55,
    0xFFFF, 0xFFDF, 0xFFFF, 0xFFFF, 0xF7BE, 0xFFFF, 0xCE59, 0x39E7, 0x9CD3, 0xFFFF, 0xF7BE, 0x0841,
    0x0000, 0x0000, 0xF81F, 0xF81F, 0xF81F, 0xF81F, 0xF81F, 0xF81F, 0xF81F, 0xF81F, 0xF81F, 0xF81F,
    0xF81F, 0xF81F, 0xF81F, 0xF81F, 0xF81F, 0xF81F, 0xF81F, 0x0000, 0x0000, 0x0000, 0x0000, 0x0000,
    0x0000, 0x0000, 0x0000, 0xF81F, 0x0000, 0x0000, 0x0861, 0x9CD3, 0xAD55, 0x2104, 0x0000, 0x0841,
    0x8410, 0xCE79, 0x4A69, 0x0000, 0x0000, 0x0000, 0x0000, 0x0020, 0x0020, 0x10A2, 0x1082, 0x0000,
    0x52AA, 0xCE79, 0x8410, 0x4A49, 0x5AEB, 0x6B4D, 0xC618, 0xA514, 0x2945, 0x52AA, 0x39E7, 0x2124,
    0x9492, 0xE71C, 0xEF5D, 0xBDD7, 0x632C, 0x39E7, 0x1082, 0x0020, 0x0000, 0x0000, 0x0000, 0xF81F,
    0xF81F, 0xF81F, 0xF81F, 0xF81F, 0xF81F, 0xF81F, 0x0000, 0x0000, 0x0000, 0x4228, 0xA534, 0x4A49,
    0x9CD3, 0x6B4D, 0x528A, 0x8C51, 0xFFFF, 0xFFFF, 0xFFFF, 0xFFFF, 0xFFDF, 0xFFFF, 0xFFFF, 0xCE59,
    0x31A6, 0x2965, 0xBDF7, 0xFFDF, 0xFFFF, 0xFFDF, 0xFFFF, 0xEF5D, 0x738E, 0x5AEB, 0xEF7D, 0xFFFF,
    0xF7BE, 0x2104, 0x0000, 0x0000, 0xF81F, 0xF81F, 0xF81F, 0xF81F, 0xF81F, 0xF81F, 0xF81F, 0xF81F,
    0xF81F, 0xF81F, 0xF81F, 0xF81F, 0xF81F, 0xF81F, 0xF81F, 0xF81F, 0x0000, 0x0000, 0x0000, 0x0000,
    0x0000, 0x0000, 0x0000, 0x0000, 0x0000, 0x0000, 0x0000, 0x0000, 0x2965, 0xA514, 0x630C, 0x0000,
    0x0000, 0x0000, 0x0000, 0xA534, 0xB596, 0x0020, 0x0000, 0x0000, 0x1082, 0x31A6, 0x5AEB, 0x7BCF,
    0x4228, 0x4208, 0xC638, 0x94B2, 0x5ACB, 0xCE79, 0xFFDF, 0xD69A, 0x94B2, 0x528A, 0x31A6, 0x10A2,
    0x4228, 0x7BCF, 0xA534, 0x8C51, 0x9CF3, 0xDEFB, 0xFFFF, 0xDEFB, 0xA534, 0x8C51, 0x3186, 0x0000,
    0x0000, 0x0000, 0xF81F, 0xF81F, 0xF81F, 0xF81F, 0xF81F, 0xF81F, 0x0000, 0x0000, 0x0000, 0x0000,
    0x18C3, 0xA534, 0xFFFF, 0xFFDF, 0xFFFF, 0xFFFF, 0xFFFF, 0xFFFF, 0xFFFF, 0xFFFF, 0xFFFF, 0xFFDF,
    0xFFFF, 0xF7BE, 0xCE79, 0x9492, 0x6B6D, 0xEF5D, 0xFFFF, 0xFFFF, 0xF79E, 0x6B6D, 0x0000, 0xE73C,
    0xF7BE, 0xFFFF, 0xF7BE, 0x10A2, 0x0000, 0x0000, 0xF81F, 0xF81F, 0xF81F, 0xF81F, 0xF81F, 0xF81F,
    0xF81F, 0xF81F, 0xF81F, 0xF81F, 0xF81F, 0xF81F, 0xF81F, 0xF81F, 0xF81F, 0x0000, 0x0000, 0x0861,
    0x632C, 0x9CD3, 0xA534, 0xD69A, 0x630C, 0x0020, 0x0020, 0x0000, 0x0000, 0x0000, 0x18C3, 0x4A49,
    0x5ACB, 0x7BEF, 0xA534, 0xCE59, 0xC638, 0x31A6, 0xC638, 0xC638, 0x94B2, 0x9492, 0x52AA, 0x39E7,
    0x52AA, 0x5ACB, 0x4228, 0xCE79, 0xAD55, 0x5ACB, 0xD6BA, 0xFFDF, 0xFFDF, 0xFFFF, 0xFFDF, 0xE73C,
    0xB596, 0x2965, 0x632C, 0xD6BA, 0xCE79, 0x7BCF, 0x1082, 0x31A6, 0xAD55, 0xEF7D, 0xCE79, 0xB596,
    0x630C, 0x2124, 0x0000, 0x0000, 0x0000, 0xF81F, 0xF81F, 0xF81F, 0xF81F, 0xF81F, 0x0000, 0x0000,
    0x0000, 0x0000, 0x4208, 0xEF5D, 0xFFFF, 0xFFDF, 0xFFFF, 0xF7BE, 0xFFFF, 0xFFDF, 0xFFFF, 0xF7BE,
    0xFFFF, 0xFFDF, 0xFFDF, 0xFFFF, 0xFFFF, 0xEF7D, 0xD6BA, 0xF79E, 0xFFFF, 0xFFFF, 0xF7BE, 0x632C,
    0x31A6, 0x9492, 0xF79E, 0xFFDF, 0xF79E, 0x0000, 0x0000, 0x0000, 0xF81F, 0xF81F, 0xF81F, 0xF81F,
    0xF81F, 0xF81F, 0xF81F, 0xF81F, 0xF81F, 0xF81F, 0xF81F, 0xF81F, 0xF81F, 0xF81F, 0x0000, 0x0000,
    0x2104, 0xBDF7, 0x52AA, 0xDEDB, 0xEF7D, 0xF7BE, 0xF79E, 0xBDF7, 0x52AA, 0x738E, 0xE73C, 0xF79E,
    0xF79E, 0xF7BE, 0xF79E, 0xF7BE, 0xF7BE, 0xFFFF, 0xF7BE, 0xC638, 0x4A69, 0x7BEF, 0xAD55, 0xDEDB,
    0xE71C, 0xE71C, 0xE73C, 0xE73C, 0xEF7D, 0xA514, 0x4228, 0xCE59, 0xFFDF, 0xFFFF, 0xF7BE, 0xFFFF,
    0xF7BE, 0xF7BE, 0xE73C, 0xE71C, 0x9CD3, 0x4A69, 0x31A6, 0x630C, 0x7BEF, 0x6B4D, 0x31A6, 0x5ACB,
    0x6B4D, 0x6B4D, 0x630C, 0x738E, 0x630C, 0x0000, 0x0000, 0xF81F, 0xF81F, 0xF81F, 0xF81F, 0xF81F,
    0x0000, 0x0000, 0x0000, 0x0020, 0x73AE, 0xF7BE, 0xF7BE, 0x6B4D, 0xA534, 0xF7BE, 0xFFFF, 0xFFDF,
    0xB5B6, 0xCE59, 0xFFDF, 0xFFFF, 0xF7BE, 0xCE79, 0xC638, 0xFFDF, 0xFFFF, 0xFFDF, 0xFFFF, 0xFFFF,
    0xF7BE, 0xB596, 0x39C7, 0x528A, 0x8C71, 0xF7BE, 0xCE79, 0x0000, 0x0000, 0x0000, 0xF81F, 0xF81F,
    0xF81F, 0xF81F, 0xF81F, 0xF81F, 0xF81F, 0xF81F, 0xF81F, 0xF81F, 0xF81F, 0xF81F, 0xF81F, 0xF81F,
    0x0000, 0x0000, 0x4228, 0xFFDF, 0xD69A, 0xA514, 0x9492, 0xE71C, 0xF7BE, 0xFFFF, 0xEF7D, 0xAD55,
    0x8430, 0xC618, 0xFFDF, 0xFFDF, 0xFFDF, 0xF7BE, 0xFFFF, 0xFFDF, 0xFFDF, 0xFFFF, 0xC638, 0xA514,
    0x9CF3, 0x7BCF, 0x528A, 0x39C7, 0x528A, 0x5ACB, 0x4228, 0x5ACB, 0xA534, 0xDEFB, 0xD6BA, 0xCE59,
    0xCE59, 0xC618, 0x8C71, 0x6B4D, 0x4A69, 0x4228, 0x5AEB, 0x6B6D, 0x6B6D, 0xD6BA, 0xFFFF, 0xCE59,
    0x738E, 0x9CD3, 0xC638, 0xC638, 0xC618, 0xD69A, 0xBDF7, 0x1082, 0x0000, 0xF81F, 0xF81F, 0xF81F,
    0xF81F, 0xF81F, 0x0000, 0x0000, 0x0000, 0x0020, 0xDEDB, 0xFFFF, 0xB596, 0x18C3, 0x8430, 0xEF7D,
    0xFFFF, 0xEF5D, 0x7BCF, 0xD6BA, 0xFFDF, 0xF7BE, 0xEF7D, 0x528A, 0x3186, 0xF7BE, 0xFFFF, 0xF7BE,
    0xF7BE, 0xFFFF, 0xFFDF, 0xA514, 0x738E, 0x4A69, 0x52AA, 0xCE79, 0x73AE, 0x0000, 0x0000, 0xF81F,
    0xF81F, 0xF81F, 0xF81F, 0xF81F, 0xF81F, 0xF81F, 0xF81F, 0xF81F, 0xF81F, 0xF81F, 0xF81F, 0xF81F,
    0xF81F, 0xF81F, 0x0000, 0x0020, 0x6B6D, 0xC638, 0x9CD3, 0xF79E, 0xCE59, 0x8410, 0xAD55, 0xF7BE,
    0xFFFF, 0xFFFF, 0xDEFB, 0x7BEF, 0x9492, 0xD6BA, 0xFFFF, 0xF7BE, 0xFFFF, 0xFFDF, 0xFFFF, 0xFFFF,
    0xFFFF, 0xFFFF, 0xFFFF, 0xD6BA, 0xA514, 0x6B4D, 0x4A49, 0x2124, 0x2104, 0x4228, 0x630C, 0x4228,
    0x4A69, 0x5ACB, 0x8430, 0xAD75, 0xDEFB, 0xDEDB, 0xDEDB, 0xE71C, 0xE73C, 0xE71C, 0x94B2, 0xDEDB,
    0xE71C, 0x9CF3, 0x7BEF, 0xB5B6, 0xDEDB, 0xDEDB, 0xCE79, 0xBDF7, 0xBDF7, 0x1082, 0x0000, 0xF81F,
    0xF81F, 0xF81F, 0xF81F, 0xF81F, 0x0000, 0x0000, 0x0000, 0x4228, 0xEF7D, 0xFFFF, 0xAD55, 0x18C3,
    0x9492, 0xF7BE, 0xF7BE, 0xAD55, 0x6B6D, 0xF7BE, 0xFFDF, 0xFFDF, 0xEF5D, 0x0000, 0x2104, 0xF7BE,
    0xFFFF, 0xFFFF, 0xFFFF, 0xF7BE, 0xFFDF, 0xBDF7, 0x4228, 0x4228, 0x4228, 0x9492, 0x4A49, 0x0020,
    0x0000, 0xF81F, 0xF81F, 0xF81F, 0xF81F, 0xF81F, 0xF81F, 0xF81F, 0xF81F, 0xF81F, 0xF81F, 0xF81F,
    0xF81F, 0xF81F, 0xF81F, 0xF81F, 0x0000, 0x0000, 0x6B4D, 0x9CD3, 0x0000, 0x39C7, 0x9CD3, 0xEF7D,
    0x9CD3, 0x52AA, 0x528A, 0x4228, 0x52AA, 0x4228, 0x3186, 0x5ACB, 0xDEDB, 0xE73C, 0xEF7D, 0xBDF7,
    0x8C51, 0x738E, 0x5ACB, 0x52AA, 0x52AA, 0x6B4D, 0x6B4D, 0x632C, 0x73AE, 0x9492, 0xBDD7, 0xD6BA,
    0xF7BE, 0xF7BE, 0xF7BE, 0xF7BE, 0xFFDF, 0xF7BE, 0xFFFF, 0xF7BE, 0xEF7D, 0xC618, 0x8430, 0x7BCF,
    0x4228, 0x528A, 0x4208, 0x2104, 0xD69A, 0xF7BE, 0xFFFF, 0xFFDF, 0xEF5D, 0xC638, 0xB5B6, 0x10A2,
    0x0000, 0xF81F, 0xF81F, 0xF81F, 0xF81F, 0xF81F, 0xF81F, 0x0000, 0x0000, 0x6B6D, 0xF79E, 0xFFFF,
    0xF7BE, 0x8C51, 0xD6BA, 0xF7BE, 0xD6BA, 0x18C3, 0xDEFB, 0xFFFF, 0xFFDF, 0xFFFF, 0xEF7D, 0x6B4D,
    0x73AE, 0xFFFF, 0xFFFF, 0xFFFF, 0xF7BE, 0xFFFF, 0xF7BE, 0x94B2, 0x7BCF, 0x2965, 0x2104, 0x2124,
    0x0841, 0x0000, 0x0000, 0xF81F, 0xF81F, 0xF81F, 0xF81F, 0xF81F, 0xF81F, 0xF81F, 0xF81F, 0xF81F,
    0xF81F, 0xF81F, 0xF81F, 0xF81F, 0xF81F, 0xF81F, 0x0000, 0x0000, 0x4A49, 0x94B2, 0x2124, 0x1082,
    0x0000, 0x6B4D, 0xBDF7, 0x4A69, 0x4228, 0x5ACB, 0x7BEF, 0x7BEF, 0x52AA, 0x18C3, 0x31A6, 0x39C7,
    0x738E, 0x9CD3, 0xA514, 0x5ACB, 0xA534, 0xBDF7, 0xD69A, 0xF79E, 0xFFFF, 0xFFFF, 0xFFDF, 0xFFDF,
    0xFFDF, 0xFFDF, 0xF7BE, 0xDEDB, 0xF7BE, 0xFFDF, 0xFFDF, 0xFFDF, 0xF7BE, 0xA534, 0x18E3, 0x7BCF,
    0xCE79, 0xE71C, 0x8C71, 0xC618, 0x6B4D, 0x5ACB, 0xDEDB, 0xF7BE, 0xDEFB, 0xF79E, 0xE73C, 0xBDD7,
    0x9CD3, 0x0841, 0x0000, 0xF81F, 0xF81F, 0xF81F, 0xF81F, 0xF81F, 0xF81F, 0x0000, 0x0000, 0xA534,
    0xFFDF, 0xFFFF, 0xFFDF, 0xFFDF, 0xFFDF, 0xDEDB, 0x3186, 0x8430, 0xF79E, 0xFFFF, 0xFFFF, 0xFFFF,
    0xFFFF, 0xEF5D, 0xF79E, 0xFFFF, 0xFFFF, 0xFFFF, 0xFFDF, 0xFFFF, 0xF7BE, 0xBDD7, 0x6B6D, 0x6B6D,
    0x2104, 0x0020, 0x0000, 0x0000, 0xF81F, 0xF81F, 0xF81F, 0xF81F, 0xF81F, 0xF81F, 0xF81F, 0xF81F,
    0xF81F, 0xF81F, 0xF81F, 0xF81F, 0xF81F, 0xF81F, 0xF81F, 0xF81F, 0x0000, 0x0000, 0x31A6, 0x94B2,
    0x4A49, 0x2124, 0x4A69, 0x0000, 0x18C3, 0x18E3, 0x4A69, 0x738E, 0x8C51, 0x8410, 0x6B4D, 0xB5B6,
    0xEF5D, 0xE73C, 0xF79E, 0xFFFF, 0xF7BE, 0x8410, 0xDEDB, 0xFFDF, 0xFFFF, 0xFFFF, 0xFFDF, 0xFFFF,
    0xFFFF, 0xFFDF, 0xFFDF, 0xFFDF, 0xE71C, 0x52AA, 0xEF7D, 0xFFFF, 0xF7BE, 0xFFDF, 0xFFFF, 0xAD75,
    0x31A6, 0x9CF3, 0xF7BE, 0xF79E, 0x6B6D, 0x8410, 0x4A49, 0x528A, 0xDEDB, 0xEF7D, 0x52AA, 0xDEFB,
    0xEF5D, 0xBDD7, 0x94B2, 0x0020, 0x0000, 0xF81F, 0xF81F, 0xF81F, 0xF81F, 0xF81F, 0xF81F, 0x0000,
    0x0000, 0xCE79, 0xFFFF, 0xFFDF, 0xFFFF, 0xFFFF, 0xFFFF, 0x94B2, 0x31A6, 0xCE59, 0xFFDF, 0xFFFF,
    0xFFFF, 0xFFFF, 0xFFFF, 0xFFDF, 0xFFFF, 0xFFFF, 0xFFFF, 0xFFFF, 0xFFDF, 0xF7BE, 0xEF7D, 0x8C51,
    0x7BEF, 0x8410, 0x528A, 0x0000, 0x0000, 0xF81F, 0xF81F, 0xF81F, 0xF81F, 0xF81F, 0xF81F, 0xF81F,
    0xF81F, 0xF81F, 0xF81F, 0xF81F, 0xF81F, 0xF81F, 0xF81F, 0xF81F, 0xF81F, 0xF81F, 0x0000, 0x0000,
    0x31A6, 0x94B2, 0x2945, 0x4208, 0x5AEB, 0x0000, 0x10A2, 0x5ACB, 0xDEFB, 0xFFDF, 0xDEDB, 0x9CD3,
    0x7BEF, 0xCE79, 0xFFFF, 0xFFFF, 0xFFDF, 0xFFFF, 0xF7BE, 0x7BCF, 0xE71C, 0xFFDF, 0xF7BE, 0xFFFF,
    0xFFDF, 0xF7BE, 0xFFFF, 0xFFFF, 0xFFFF, 0xFFFF, 0xF7BE, 0xDEDB, 0xF7BE, 0xFFFF, 0xFFFF, 0xFFFF,
    0xEF5D, 0x8C71, 0x528A, 0xA514, 0xFFFF, 0xEF7D, 0x8410, 0xD6BA, 0x528A, 0x4228, 0xDEFB, 0xBDF7,
    0x0000, 0x6B4D, 0xE73C, 0xBDD7, 0x9CD3, 0x0020, 0x0000, 0xF81F, 0xF81F, 0xF81F, 0xF81F, 0xF81F,
    0xF81F, 0x0000, 0x0000, 0xC638, 0xFFFF, 0xFFFF, 0xFFFF, 0xFFDF, 0xFFFF, 0xA514, 0x18E3, 0xA534,
    0xF7BE, 0xFFDF, 0xFFFF, 0xFFFF, 0xFFFF, 0xFFFF, 0xFFFF, 0xFFFF, 0xFFFF, 0xFFFF, 0xFFFF, 0xFFFF,
    0xFFFF, 0xC618, 0x94B2, 0xEF5D, 0x5ACB, 0x0000, 0x0000, 0xF81F, 0xF81F, 0xF81F, 0xF81F, 0xF81F,
    0xF81F, 0xF81F, 0xF81F, 0xF81F, 0xF81F, 0xF81F, 0xF81F, 0xF81F, 0xF81F, 0xF81F, 0xF81F, 0xF81F,
    0x0000, 0x0000, 0x31A6, 0x9492, 0x0000, 0x7BEF, 0x8410, 0x4228, 0x7BCF, 0x5AEB, 0xDEDB, 0xF7BE,
    0xDEDB, 0x94B2, 0x7BEF, 0xCE79, 0xFFFF, 0xFFFF, 0xFFFF, 0xFFFF, 0xF7BE, 0x7BCF, 0xE71C, 0xFFDF,
    0xFFFF, 0xFFFF, 0xFFFF, 0xFFFF, 0xFFFF, 0xFFFF, 0xFFFF, 0xFFFF, 0xFFFF, 0xFFFF, 0xF7BE, 0xFFDF,
    0xFFFF, 0xFFDF, 0xE73C, 0x8430, 0x632C, 0x9CF3, 0xFFDF, 0xEF7D, 0x630C, 0xA514, 0x4208, 0x2965,
    0xDEFB, 0xBDD7, 0xB596, 0xCE59, 0xEF5D, 0xBDF7, 0x9CD3, 0x0861, 0x0000, 0xF81F, 0xF81F, 0xF81F,
    0xF81F, 0xF81F, 0xF81F, 0x0000, 0x0000, 0xC618, 0xFFDF, 0xFFFF, 0xFFFF, 0xFFDF, 0xFFFF, 0xEF5D,
    0x6B6D, 0x528A, 0xDEFB, 0xFFDF, 0xFFFF, 0xFFDF, 0xD6BA, 0xE73C, 0xFFFF, 0xFFFF, 0xFFFF, 0xFFFF,
    0xFFFF, 0xFFFF, 0xFFFF, 0xEF7D, 0xE71C, 0xF7BE, 0x9CD3, 0x0000, 0x0000, 0xF81F, 0xF81F, 0xF81F,
    0xF81F, 0xF81F, 0xF81F, 0xF81F, 0xF81F, 0xF81F, 0xF81F, 0xF81F, 0xF81F, 0xF81F, 0xF81F, 0xF81F,
    0xF81F, 0xF81F, 0x0000, 0x0000, 0x31A6, 0xBDD7, 0x9CD3, 0xBDF7, 0x630C, 0xB596, 0x630C, 0x5AEB,
    0xE71C, 0xFFFF, 0xDEDB, 0x9CD3, 0xA534, 0x8430, 0x9CF3, 0x9CD3, 0xB5B6, 0xFFDF, 0xF7BE, 0x7BEF,
    0xE73C, 0xFFFF, 0xFFFF, 0xFFFF, 0xFFFF, 0xFFFF, 0xFFFF, 0xFFFF, 0xFFDF, 0xFFDF, 0xFFDF, 0xFFDF,
    0xFFDF, 0xFFFF, 0xFFFF, 0xFFFF, 0xEF7D, 0x8430, 0x632C, 0xAD75, 0xFFFF, 0xEF7D, 0x6B4D, 0x9CD3,
    0x4A69, 0x0020, 0xDEDB, 0xFFDF, 0xFFDF, 0xFFFF, 0xEF5D, 0xC618, 0x9492, 0x0841, 0x0000, 0xF81F,
    0xF81F, 0xF81F, 0xF81F, 0xF81F, 0xF81F, 0x0000, 0x0000, 0x94B2, 0xF7BE, 0xEF7D, 0xD6BA, 0xF7BE,
    0xF7BE, 0xFFFF, 0xEF5D, 0xE73C, 0xF7BE, 0xF7BE, 0xFFDF, 0xFFDF, 0xBDF7, 0x5AEB, 0xDEFB, 0xFFFF,
    0xFFFF, 0xFFFF, 0xFFFF, 0xFFFF, 0xFFFF, 0xFFFF, 0xF7BE, 0xFFFF, 0xDEFB, 0x3186, 0x0000, 0xF81F,
    0xF81F, 0xF81F, 0xF81F, 0xF81F, 0xF81F, 0xF81F, 0xF81F, 0xF81F, 0xF81F, 0xF81F, 0xF81F, 0xF81F,
    0xF81F, 0xF81F, 0xF81F, 0xF81F, 0x0000, 0x0000, 0x31A6, 0xDEDB, 0x10A2, 0xAD75, 0x52AA, 0x73AE,
    0x0841, 0x5ACB, 0xEF5D, 0xFFDF, 0xDEDB, 0x9CD3, 0xA514, 0x0000, 0x0000, 0x3186, 0x6B6D, 0xE71C,
    0xF7BE, 0x7BCF, 0xE71C, 0xFFDF, 0xFFFF, 0xFFFF, 0xFFFF, 0xFFFF, 0xFFFF, 0xFFFF, 0xFFFF, 0xFFFF,
    0xE73C, 0x73AE, 0xF79E, 0xFFFF, 0xFFFF, 0xFFDF, 0xEF5D, 0x8C51, 0x632C, 0xA514, 0xE73C, 0xDEDB,
    0x528A, 0x39E7, 0x2104, 0x2104, 0xCE59, 0xDEFB, 0xAD75, 0x9492, 0x8430, 0xCE59, 0x8430, 0x0000,
    0x0000, 0xF81F, 0xF81F, 0xF81F, 0xF81F, 0xF81F, 0xF81F, 0x0000, 0x0000, 0x4A69, 0xEF7D, 0xC618,
    0x632C, 0xDEDB, 0xEF7D, 0xF79E, 0xFFFF, 0xFFFF, 0xF79E, 0xEF7D, 0xE71C, 0xBDD7, 0x4A69, 0x2965,
    0x3186, 0xCE59, 0xFFFF, 0xFFDF, 0xFFFF, 0xFFFF, 0xFFFF, 0xFFFF, 0xFFFF, 0xFFDF, 0xDEFB, 0x3186,
    0x0000, 0xF81F, 0xF81F, 0xF81F, 0xF81F, 0xF81F, 0xF81F, 0xF81F, 0xF81F, 0xF81F, 0xF81F, 0xF81F,
    0xF81F, 0xF81F, 0xF81F, 0xF81F, 0xF81F, 0xF81F, 0x0000, 0x0000, 0x3186, 0xDEFB, 0x3186, 0xAD75,
    0x528A, 0xAD75, 0x4208, 0x4A69, 0xDEDB, 0xFFDF, 0xDEDB, 0x9492, 0xAD55, 0x73AE, 0xB596, 0xC638,
    0xEF7D, 0xFFFF, 0xF79E, 0x7BCF, 0xDEFB, 0xFFDF, 0xFFFF, 0xFFFF, 0xFFFF, 0xFFFF, 0xFFFF, 0xFFFF,
    0xFFFF, 0xFFFF, 0xEF7D, 0xC638, 0xFFDF, 0xDEFB, 0xCE79, 0xBDF7, 0xB596, 0x630C, 0x18E3, 0x2945,
    0x4A49, 0x4228, 0x738E, 0xA534, 0xB596, 0x8C71, 0x8430, 0xBDD7, 0xC618, 0xD6BA, 0xE73C, 0xF7BE,
    0x738E, 0x0000, 0x0000, 0xF81F, 0xF81F, 0xF81F, 0xF81F, 0xF81F, 0xF81F, 0x0000, 0x0000, 0x18C3,
    0xE73C, 0x10A2, 0x6B6D, 0x8410, 0x738E, 0xA534, 0xBDD7, 0xB5B6, 0x9492, 0x5ACB, 0x7BEF, 0xB596,
    0xBDF7, 0x7BEF, 0x0000, 0x7BEF, 0xFFFF, 0xFFFF, 0xFFFF, 0xFFFF, 0xFFFF, 0xFFFF, 0xFFDF, 0xFFFF,
    0xBDF7, 0x0000, 0x0000, 0xF81F, 0xF81F, 0xF81F, 0xF81F, 0xF81F, 0xF81F, 0xF81F, 0xF81F, 0xF81F,
    0xF81F, 0xF81F, 0xF81F, 0xF81F, 0xF81F, 0xF81F, 0xF81F, 0xF81F, 0x0000, 0x0000, 0x3186, 0xDEFB,
    0xA534, 0x8430, 0x6B4D, 0x9492, 0xA534, 0x31A6, 0xD6BA, 0xFFDF, 0xDEFB, 0x9CD3, 0xA534, 0xAD75,
    0xFFFF, 0xFFFF, 0xFFFF, 0xFFFF, 0xFFDF, 0xA534, 0xDEFB, 0xFFFF, 0xFFFF, 0xFFFF, 0xFFFF, 0xFFFF,
    0xFFDF, 0xFFDF, 0xFFDF, 0xF7BE, 0xF7BE, 0xF7BE, 0x9492, 0x630C, 0x4228, 0x2965, 0x4228, 0x8410,
    0x630C, 0xBDD7, 0xC638, 0xEF5D, 0xEF7D, 0xF7BE, 0xF79E, 0x8410, 0xB5B6, 0xBDD7, 0x8C71, 0x8410,
    0x73AE, 0x630C, 0x2124, 0x0000, 0x0000, 0xF81F, 0xF81F, 0xF81F, 0xF81F, 0xF81F, 0xF81F, 0x0000,
    0x0000, 0x0020, 0xC618, 0xA534, 0x4208, 0x738E, 0xBDF7, 0xE71C, 0xE73C, 0xE73C, 0xE73C, 0xEF5D,
    0xF79E, 0xBDD7, 0x7BCF, 0x738E, 0x4208, 0xAD55, 0xF7BE, 0xFFFF, 0xFFFF, 0xFFFF, 0xF7BE, 0xFFFF,
    0xFFFF, 0xAD55, 0x39E7, 0x0000, 0x0000, 0xF81F, 0xF81F, 0xF81F, 0xF81F, 0xF81F, 0xF81F, 0xF81F,
    0xF81F, 0xF81F, 0xF81F, 0xF81F, 0xF81F, 0xF81F, 0xF81F, 0xF81F, 0xF81F, 0xF81F, 0xF81F, 0x0020,
    0x2945, 0xDEFB, 0x0000, 0x2124, 0x9CD3, 0x52AA, 0x10A2, 0x31A6, 0xD69A, 0xFFFF, 0xE71C, 0x94B2,
    0xA534, 0xB596, 0xFFFF, 0xFFFF, 0xFFFF, 0xFFFF, 0xF7BE, 0xBDF7, 0xE71C, 0xFFFF, 0xFFFF, 0xFFFF,
    0xFFFF, 0xFFFF, 0xFFDF, 0xFFFF, 0xFFFF, 0xF79E, 0xF7BE, 0xAD55, 0x528A, 0xFFFF, 0xD6BA, 0x738E,
    0xCE79, 0xCE79, 0x73AE, 0xDEDB, 0xDEDB, 0xFFFF, 0xFFDF, 0xFFFF, 0xE73C, 0x18E3, 0x1082, 0x1082,
    0x0020, 0x0000, 0x0000, 0x0000, 0x0000, 0x0000, 0xF81F, 0xF81F, 0xF81F, 0xF81F, 0xF81F, 0xF81F,
    0xF81F, 0xF81F, 0x0000, 0x0000, 0x630C, 0xDEFB, 0xCE79, 0x9CD3, 0x5AEB, 0x6B4D, 0xC618, 0xE71C,
    0xE71C, 0x9CD3, 0x39E7, 0x632C, 0xAD75, 0xFFFF, 0x9CD3, 0xDEDB, 0xFFFF, 0xFFFF, 0xF7BE, 0xFFFF,
    0xEF5D, 0x630C, 0x18E3, 0x1082, 0x0000, 0x0000, 0x0000, 0xF81F, 0xF81F, 0xF81F, 0xF81F, 0xF81F,
    0xF81F, 0xF81F, 0xF81F, 0xF81F, 0xF81F, 0xF81F, 0xF81F, 0xF81F, 0xF81F, 0xF81F, 0xF81F, 0xF81F,
    0xF81F, 0x0000, 0x2965, 0xDEFB, 0x0000, 0x2124, 0x8410, 0x4A69, 0x2104, 0x39E7, 0xDEDB, 0xFFFF,
    0xE73C, 0x8C71, 0xA534, 0xAD75, 0xFFFF, 0xFFFF, 0xFFFF, 0xFFFF, 0xFFDF, 0xC638, 0xE71C, 0xFFFF,
    0xFFFF, 0xFFFF, 0xFFFF, 0xFFFF, 0xFFFF, 0xFFFF, 0xFFFF, 0xF7BE, 0xAD55, 0x8C71, 0x7BEF, 0xF7BE,
    0xFFDF, 0x73AE, 0xDEDB, 0xCE79, 0x73AE, 0xCE79, 0xD6BA, 0xFFFF, 0xEF5D, 0xCE79, 0x9492, 0x0000,
    0x0000, 0x0000, 0x0000, 0x0000, 0x0000, 0x0000, 0xF81F, 0xF81F, 0xF81F, 0xF81F, 0xF81F, 0xF81F,
    0xF81F, 0xF81F, 0xF81F, 0xF81F, 0x0000, 0x0000, 0x31A6, 0xDEDB, 0xFFDF, 0xF7BE, 0xDEDB, 0xBDF7,
    0x6B6D, 0x4228, 0x4228, 0x738E, 0xC638, 0xE73C, 0xFFFF, 0xF7BE, 0xE73C, 0xFFFF, 0xFFFF, 0xFFFF,
    0xF7BE, 0xFFDF, 0x94B2, 0x0000, 0x0000, 0x0000, 0x0000, 0x0000, 0x0000, 0xF81F, 0xF81F, 0xF81F,
    0xF81F, 0xF81F, 0xF81F, 0xF81F, 0xF81F, 0xF81F, 0xF81F, 0xF81F, 0xF81F, 0xF81F, 0xF81F, 0xF81F,
    0xF81F, 0xF81F, 0xF81F, 0x0000, 0x2104, 0xDEDB, 0x7BEF, 0x10A2, 0x4228, 0x31A6, 0x18C3, 0x3186,
    0xD6BA, 0xFFDF, 0xE71C, 0x8430, 0xA514, 0xAD55, 0xFFFF, 0xFFFF, 0xFFFF, 0xFFFF, 0xFFFF, 0xBDF7,
    0xDEFB, 0xFFDF, 0xF7BE, 0xF7BE, 0xF7BE, 0xF7BE, 0xC638, 0xA514, 0x7BEF, 0x738E, 0x2104, 0x6B6D,
    0x630C, 0xF7BE, 0xDEDB, 0x6B4D, 0xA534, 0x7BEF, 0x39E7, 0x632C, 0x630C, 0x6B6D, 0x632C, 0x52AA,
    0x73AE, 0xCE79, 0xAD55, 0x31A6, 0x0000, 0x0000, 0x0000, 0x0000, 0xF81F, 0xF81F, 0xF81F, 0xF81F,
    0xF81F, 0xF81F, 0xF81F, 0xF81F, 0xF81F, 0xF81F, 0x0000, 0x0000, 0x0020, 0x8430, 0xEF7D, 0xFFDF,
    0xFFFF, 0xDEDB, 0x6B4D, 0x4208, 0x8410, 0xEF5D, 0xF7BE, 0xFFFF, 0xFFFF, 0xF7BE, 0xFFFF, 0xFFFF,
    0xFFFF, 0xFFDF, 0xFFDF, 0xB596, 0x2124, 0x0000, 0x0000, 0x0000, 0x0000, 0x0000, 0x0000, 0xF81F,
    0xF81F, 0xF81F, 0xF81F, 0xF81F, 0xF81F, 0xF81F, 0xF81F, 0xF81F, 0xF81F, 0xF81F, 0xF81F, 0xF81F,
    0xF81F, 0xF81F, 0xF81F, 0xF81F, 0xF81F, 0x0000, 0x0020, 0x630C, 0xDEFB, 0x9CD3, 0x2945, 0x0861,
    0x3186, 0x3186, 0xDEDB, 0xFFFF, 0xE73C, 0x8430, 0x9CF3, 0x5ACB, 0x6B4D, 0x5AEB, 0x6B4D, 0xDEFB,
    0xFFDF, 0xC618, 0xC618, 0x9CD3, 0x6B6D, 0x4A49, 0x18E3, 0x1082, 0x0841, 0x0000, 0x0000, 0x0000,
    0x0000, 0x0000, 0x2945, 0x9492, 0x4228, 0x39E7, 0x52AA, 0x4228, 0x0020, 0x632C, 0x6B6D, 0x630C,
    0xFFFF, 0xFFFF, 0xFFFF, 0xFFDF, 0xF7BE, 0xEF5D, 0x39E7, 0x0000, 0x0000, 0x0000, 0xF81F, 0xF81F,
    0xF81F, 0xF81F, 0xF81F, 0xF81F, 0xF81F, 0xF81F, 0xF81F, 0xF81F, 0xF81F, 0xF81F, 0x0000, 0x0000,
    0xBDF7, 0xF7BE, 0xFFFF, 0xF7BE, 0x9CF3, 0x8410, 0xAD75, 0xF79E, 0xFFFF, 0xFFFF, 0xFFFF, 0xFFFF,
    0xFFFF, 0xFFFF, 0xFFFF, 0xFFFF, 0xC638, 0x10A2, 0x0000, 0x0000, 0x0000, 0x0000, 0x0000, 0x0000,
    0xF81F, 0xF81F, 0xF81F, 0xF81F, 0xF81F, 0xF81F, 0xF81F, 0xF81F, 0xF81F, 0xF81F, 0xF81F, 0xF81F,
    0xF81F, 0xF81F, 0xF81F, 0xF81F, 0xF81F, 0xF81F, 0xF81F, 0x0000, 0x0000, 0x0000, 0x630C, 0xD6BA,
    0xBDF7, 0x6B4D, 0x2124, 0x2965, 0xDEDB, 0xF7BE, 0xE73C, 0x7BEF, 0xA514, 0x0000, 0x0000, 0x52AA,
    0xA514, 0xEF7D, 0xFFFF, 0xC638, 0x0000, 0x0000, 0x0000, 0x0000, 0x0000, 0x0000, 0x0000, 0x0000,
    0x0000, 0x0000, 0x0000, 0x0000, 0x2965, 0xC638, 0xC638, 0xCE59, 0xDEFB, 0xD69A, 0x9492, 0x9CF3,
    0x9CD3, 0x7BCF, 0xFFDF, 0xFFFF, 0xFFDF, 0xFFDF, 0xF7BE, 0xF7BE, 0xA534, 0x0000, 0x0000, 0xF81F,
    0xF81F, 0xF81F, 0xF81F, 0xF81F, 0xF81F, 0xF81F, 0xF81F, 0xF81F, 0xF81F, 0xF81F, 0xF81F, 0xF81F,
    0x0000, 0x0000, 0x2945, 0xC638, 0xFFFF, 0xF7BE, 0xFFFF, 0xFFFF, 0xFFFF, 0xFFFF, 0xFFFF, 0xFFFF,
    0xFFFF, 0xFFFF, 0xFFDF, 0xFFFF, 0xEF5D, 0xBDD7, 0x0000, 0x0000, 0x0000, 0x0000, 0x0000, 0x0000,
    0xF81F, 0x0000, 0xF81F, 0xF81F, 0xF81F, 0xF81F, 0xF81F, 0xF81F, 0xF81F, 0xF81F, 0xF81F, 0xF81F,
    0xF81F, 0xF81F, 0xF81F, 0xF81F, 0xF81F, 0xF81F, 0xF81F, 0xF81F, 0xF81F, 0xF81F, 0x0000, 0x0000,
    0x0000, 0x73AE, 0xBDD7, 0xCE79, 0x738E, 0x18E3, 0xCE79, 0xFFFF, 0xE73C, 0x7BEF, 0xA534, 0xA534,
    0xEF5D, 0xF7BE, 0xFFFF, 0xFFFF, 0xFFDF, 0xC618, 0x0000, 0x0000, 0x0000, 0x0000, 0x0000, 0x0000,
    0xF81F, 0xF81F, 0xF81F, 0xF81F, 0x0000, 0x0000, 0x3186, 0xC638, 0xEF7D, 0xF7BE, 0xF7BE, 0xF7BE,
    0xC618, 0xA514, 0x94B2, 0x7BEF, 0xFFFF, 0xF7BE, 0xF7BE, 0xAD55, 0xDEFB, 0xF7BE, 0xC638, 0x0000,
    0x0000, 0x0000, 0x0000, 0x0000, 0x0000, 0x0000, 0xF81F, 0xF81F, 0xF81F, 0xF81F, 0xF81F, 0xF81F,
    0xF81F, 0xF81F, 0x0000, 0x0000, 0x0000, 0x4208, 0xBDD7, 0xFFDF, 0xFFDF, 0xFFFF, 0xFFDF, 0xFFFF,
    0xFFFF, 0xFFFF, 0xFFFF, 0xFFFF, 0xF7BE, 0xEF7D, 0x6B6D, 0x3186, 0x0000, 0x4228, 0x5ACB, 0x2965,
    0x0000, 0x0000, 0x0000, 0x0000, 0x0000, 0x0000, 0xF81F, 0xF81F, 0xF81F, 0xF81F, 0xF81F, 0xF81F,
    0xF81F, 0xF81F, 0xF81F, 0xF81F, 0xF81F, 0xF81F, 0xF81F, 0xF81F, 0xF81F, 0xF81F, 0xF81F, 0xF81F,
    0xF81F, 0x0000, 0x0000, 0x39E7, 0x9CD3, 0x4A69, 0xC638, 0x4208, 0xCE79, 0xFFFF, 0xE73C, 0x7BEF,
    0xBDD7, 0xA514, 0xE73C, 0xDEFB, 0xDEDB, 0xDEDB, 0x9CD3, 0x4208, 0x0000, 0x0000, 0xF81F, 0xF81F,
    0xF81F, 0xF81F, 0xF81F, 0xF81F, 0xF81F, 0xF81F, 0xF81F, 0x0000, 0x0000, 0x0020, 0x3186, 0x52AA,
    0x528A, 0x4228, 0x4228, 0xCE79, 0xA534, 0x738E, 0xF7BE, 0xF7BE, 0xE71C, 0x5ACB, 0xDEDB, 0xFFFF,
    0xCE79, 0x3186, 0x5ACB, 0x2965, 0x0000, 0x0000, 0x0000, 0x0000, 0x0000, 0x0000, 0x0000, 0x0000,
    0x0000, 0x0000, 0x0000, 0x0000, 0x0000, 0x0000, 0x0000, 0x0000, 0x10A2, 0xBDD7, 0xE73C, 0xFFFF,
    0xFFFF, 0xFFDF, 0xFFFF, 0xFFFF, 0xFFFF, 0xFFFF, 0xFFFF, 0xCE59, 0x94B2, 0x9CD3, 0x1082, 0xBDF7,
    0xFFFF, 0xCE59, 0x0000, 0x6B4D, 0x0020, 0x0000, 0x0000, 0x0000, 0x0000, 0x0000, 0x0000, 0x0000,
    0xF81F, 0xF81F, 0xF81F, 0xF81F, 0xF81F, 0xF81F, 0xF81F, 0xF81F, 0xF81F, 0xF81F, 0xF81F, 0xF81F,
    0xF81F, 0xF81F, 0xF81F, 0x0000, 0x0000, 0x4208, 0x94B2, 0x4A49, 0x2965, 0x52AA, 0xA534, 0xC618,
    0xA534, 0x5ACB, 0x94B2, 0x4A69, 0x528A, 0x18E3, 0x0000, 0x0000, 0x0000, 0x0000, 0x0000, 0x0000,
    0xF81F, 0xF81F, 0xF81F, 0xF81F, 0xF81F, 0xF81F, 0xF81F, 0xF81F, 0xF81F, 0x0000, 0x0020, 0x0000,
    0x528A, 0xA534, 0xBDD7, 0x6B4D, 0x39E7, 0xBDF7, 0x9CD3, 0x5AEB, 0xEF7D, 0xEF7D, 0x8430, 0xA514,
    0xF7BE, 0xFFFF, 0xDEDB, 0x528A, 0xA514, 0xCE79, 0xAD55, 0x4A49, 0x0000, 0x0000, 0x0000, 0x0000,
    0x0000, 0x0000, 0x0000, 0x0000, 0x0000, 0x0000, 0x0000, 0x0000, 0x0000, 0x0000, 0x3186, 0x4A49,
    0x630C, 0xAD75, 0xD69A, 0xFFDF, 0xFFFF, 0xFFFF, 0xFFDF, 0xFFFF, 0xFFFF, 0xFFFF, 0xDEDB, 0x4A69,
    0x6B4D, 0xEF5D, 0xFFFF, 0xE71C, 0x2965, 0xDEFB, 0xC638, 0x8C51, 0x10A2, 0x0000, 0x0000, 0x0000,
    0x0000, 0x0000, 0x0000, 0xF81F, 0xF81F, 0xF81F, 0xF81F, 0xF81F, 0xF81F, 0xF81F, 0xF81F, 0xF81F,
    0xF81F, 0xF81F, 0xF81F, 0xF81F, 0xF81F, 0x0000, 0x0000, 0x2945, 0x9492, 0x630C, 0x4208, 0xA534,
    0x2965, 0x4A69, 0x5ACB, 0x6B4D, 0x6B4D, 0x0000, 0x0020, 0x0000, 0x0000, 0x0000, 0x0000, 0x0000,
    0x0000, 0xF81F, 0xF81F, 0xF81F, 0xF81F, 0xF81F, 0xF81F, 0xF81F, 0xF81F, 0xF81F, 0xF81F, 0x0000,
    0x0000, 0x8430, 0xEF7D, 0xF7BE, 0xFFFF, 0xF7BE, 0xDEFB, 0x4228, 0xC618, 0x630C, 0x5ACB, 0x52AA,
    0x630C, 0xF7BE, 0xFFDF, 0xFFFF, 0xE71C, 0x5ACB, 0x9492, 0xFFFF, 0xF7BE, 0xEF7D, 0xEF5D, 0xCE59,
    0x94B2, 0x738E, 0x528A, 0x528A, 0x528A, 0x528A, 0x528A, 0x4A69, 0x528A, 0x6B4D, 0x8C51, 0x630C,
    0x6B4D, 0xDEFB, 0xAD55, 0x0000, 0x4228, 0x630C, 0x7BEF, 0x8C51, 0xA534, 0xFFDF, 0xF7BE, 0x9492,
    0x39E7, 0x528A, 0xDEDB, 0xFFDF, 0xF7BE, 0x8C71, 0x6B6D, 0xF7BE, 0xFFFF, 0xF79E, 0xEF7D, 0x7BEF,
    0x3186, 0x0861, 0x0000, 0x0000, 0x0000, 0xF81F, 0xF81F, 0xF81F, 0xF81F, 0xF81F, 0xF81F, 0xF81F,
    0xF81F, 0xF81F, 0xF81F, 0xF81F, 0xF81F, 0xF81F, 0xF81F, 0x0000, 0x0000, 0x0000, 0x5ACB, 0xA534,
    0x6B6D, 0xE73C, 0x6B6D, 0xEF7D, 0xFFFF, 0xFFFF, 0xDEDB, 0x0000, 0x0000, 0x0000, 0x0000, 0x0000,
    0x0000, 0xF81F, 0xF81F, 0xF81F, 0xF81F, 0xF81F, 0xF81F, 0xF81F, 0xF81F, 0xF81F, 0xF81F, 0xF81F,
    0xF81F, 0x0000, 0x0000, 0x5AEB, 0xCE79, 0xEF7D, 0xFFFF, 0xFFFF, 0xE73C, 0x9492, 0xA514, 0xF79E,
    0xB596, 0x8C51, 0x2945, 0xB5B6, 0xFFDF, 0xFFFF, 0xDEFB, 0x52AA, 0x8C71, 0xFFFF, 0xF7BE, 0xFFFF,
    0xFFFF, 0xFFFF, 0xFFDF, 0xF7BE, 0xFFFF, 0xFFFF, 0xFFFF, 0xFFFF, 0xFFFF, 0xFFDF, 0xF7BE, 0xFFFF,
    0xFFFF, 0xE71C, 0x0861, 0xBDD7, 0xEF7D, 0x8410, 0x0000, 0x0000, 0x18C3, 0x4A69, 0x9CF3, 0x7BEF,
    0x2104, 0x2945, 0x8430, 0xF79E, 0xFFFF, 0xFFDF, 0xE73C, 0x3186, 0xB596, 0xF7BE, 0xFFDF, 0xFFFF,
    0xFFFF, 0xFFFF, 0xD6BA, 0x9492, 0x0020, 0x0000, 0x0000, 0x0000, 0xF81F, 0x0000, 0x0000, 0xF81F,
    0xF81F, 0xF81F, 0xF81F, 0xF81F, 0xF81F, 0xF81F, 0xF81F, 0xF81F, 0xF81F, 0xF81F, 0x0000, 0x0000,
    0x2945, 0xD69A, 0xDEFB, 0xF79E, 0x7BCF, 0xEF7D, 0xFFFF, 0xF7BE, 0xEF7D, 0x0000, 0x0000, 0xF81F,
    0xF81F, 0xF81F, 0xF81F, 0xF81F, 0xF81F, 0xF81F, 0xF81F, 0xF81F, 0xF81F, 0xF81F, 0xF81F, 0xF81F,
    0xF81F, 0xF81F, 0xF81F, 0xF81F, 0x0000, 0x0000, 0x2104, 0x6B6D, 0x9CD3, 0xA514, 0x8410, 0x528A,
    0xDEFB, 0xFFDF, 0xFFFF, 0xF79E, 0x4A69, 0xAD55, 0xF7BE, 0xFFDF, 0xD69A, 0x4228, 0xA514, 0xFFFF,
    0xFFDF, 0xFFFF, 0xFFFF, 0xFFFF, 0xFFFF, 0xFFDF, 0xFFDF, 0xFFDF, 0xFFDF, 0xFFDF, 0xFFFF, 0xFFFF,
    0xF7BE, 0xFFDF, 0xFFFF, 0xFFDF, 0xAD75, 0x2104, 0xC618, 0xF79E, 0xD69A, 0x5ACB, 0x1082, 0x10A2,
    0x0861, 0x52AA, 0xA514, 0xDEDB, 0xEF7D, 0xFFFF, 0xFFFF, 0xDEFB, 0x7BEF, 0x4A49, 0xDEDB, 0xFFFF,
    0xFFFF, 0xF7BE, 0xF7BE, 0xFFDF, 0xFFDF, 0xFFDF, 0xBDF7, 0x4A69, 0x0000, 0x0000, 0x0000, 0x0000,
    0x0000, 0x0000, 0xF81F, 0xF81F, 0xF81F, 0xF81F, 0xF81F, 0xF81F, 0xF81F, 0xF81F, 0xF81F, 0xF81F,
    0xF81F, 0x0000, 0x31A6, 0xAD75, 0xAD55, 0xEF7D, 0x9CD3, 0x9CF3, 0xFFDF, 0xFFFF, 0xF79E, 0x0000,
    0x0000, 0xF81F, 0xF81F, 0xF81F, 0xF81F, 0xF81F, 0xF81F, 0xF81F, 0xF81F, 0xF81F, 0xF81F, 0xF81F,
    0xF81F, 0xF81F, 0xF81F, 0xF81F, 0xF81F, 0xF81F, 0x0000, 0x0000, 0x0000, 0x5AEB, 0xA534, 0xB596,
    0x9CD3, 0x5AEB, 0x630C, 0xE71C, 0xDEDB, 0x7BEF, 0x18E3, 0xAD75, 0xFFFF, 0xFFFF, 0xCE59, 0x2104,
    0xC638, 0xFFDF, 0xFFFF, 0xFFFF, 0xFFFF, 0xFFFF, 0xFFFF, 0xFFFF, 0xFFFF, 0xFFFF, 0xFFFF, 0xFFFF,
    0xFFFF, 0xFFFF, 0xFFFF, 0xFFFF, 0xFFFF, 0xFFDF, 0xF7BE, 0x9CD3, 0x39C7, 0x9CD3, 0xEF5D, 0xEF5D,
    0xEF7D, 0xF79E, 0xF7BE, 0xF7BE, 0xF7BE, 0xFFDF, 0xFFFF, 0xFFFF, 0xAD55, 0x4228, 0x52AA, 0xB5B6,
    0xFFFF, 0xFFFF, 0xFFFF, 0xFFFF, 0xFFDF, 0xFFDF, 0xFFDF, 0xFFDF, 0xF7BE, 0xF79E, 0x738E, 0x18E3,
    0x0000, 0x0000, 0x0000, 0x0000, 0xF81F, 0xF81F, 0xF81F, 0xF81F, 0xF81F, 0xF81F, 0xF81F, 0xF81F,
    0xF81F, 0xF81F, 0xF81F, 0x0000, 0x1082, 0x2945, 0x0020, 0x630C, 0x8430, 0x4208, 0x9CF3, 0xFFFF,
    0xEF7D, 0x0000, 0x0000, 0xF81F, 0xF81F, 0xF81F, 0xF81F, 0xF81F, 0xF81F, 0xF81F, 0xF81F, 0xF81F,
    0xF81F, 0xF81F, 0xF81F, 0xF81F, 0x0000, 0x0000, 0x0000, 0x0000, 0x0000, 0x0000, 0x10A2, 0xEF5D,
    0xFFFF, 0xFFFF, 0xFFFF, 0xF7BE, 0x8C71, 0x2945, 0x6B6D, 0xA514, 0x31A6, 0x8C51, 0xF79E, 0xFFFF,
    0xB5B6, 0x10A2, 0xF79E, 0xFFFF, 0xFFFF, 0xFFFF, 0xFFFF, 0xFFFF, 0xFFFF, 0xFFFF, 0xFFFF, 0xFFFF,
    0xFFFF, 0xFFFF, 0xFFFF, 0xFFFF, 0xFFFF, 0xFFFF, 0xFFFF, 0xFFFF, 0xFFDF, 0xF7BE, 0xAD55, 0x630C,
    0x0020, 0x4A49, 0x630C, 0xA534, 0xE71C, 0xFFFF, 0xFFFF, 0xFFFF, 0xFFFF, 0xFFDF, 0x18C3, 0x8C71,
    0xF7BE, 0xFFFF, 0xFFFF, 0xFFFF, 0xFFFF, 0xFFFF, 0xFFFF, 0xFFFF, 0xFFFF, 0xFFFF, 0xFFFF, 0xF7BE,
    0xF7BE, 0xA534, 0x39C7, 0x0000, 0x0000, 0x0000, 0xF81F, 0xF81F, 0xF81F, 0xF81F, 0xF81F, 0xF81F,
    0xF81F, 0xF81F, 0xF81F, 0xF81F, 0xF81F, 0x0000, 0x0861, 0x18C3, 0x0841, 0x0000, 0x39E7, 0x630C,
    0x9CD3, 0xFFDF, 0xF7BE, 0x0000, 0x0000, 0xF81F, 0xF81F, 0xF81F, 0xF81F, 0xF81F, 0xF81F, 0xF81F,
    0xF81F, 0xF81F, 0xF81F, 0xF81F, 0xF81F, 0x0000, 0x0000, 0x0000, 0x0000, 0x0000, 0x0000, 0x0000,
    0x0000, 0x8C71, 0xB596, 0xEF5D, 0xFFFF, 0xF79E, 0x9CD3, 0x39E7, 0x8C71, 0x9492, 0x7BCF, 0x0000,
    0xB596, 0xEF7D, 0x6B4D, 0x52AA, 0xFFFF, 0xF7BE, 0xFFDF, 0xFFFF, 0xFFFF, 0xFFFF, 0xFFFF, 0xFFFF,
    0xFFFF, 0xFFFF, 0xFFFF, 0xFFFF, 0xFFFF, 0xFFFF, 0xFFFF, 0xFFFF, 0xFFFF, 0xFFFF, 0xF7BE, 0xF7BE,
    0xFFDF, 0xEF5D, 0xD69A, 0xCE79, 0x8430, 0x31A6, 0x7BEF, 0xFFFF, 0xFFFF, 0xFFFF, 0xFFDF, 0xFFDF,
    0x3186, 0xBDF7, 0xFFFF, 0xFFDF, 0xFFFF, 0xFFFF, 0xFFFF, 0xFFFF, 0xFFFF, 0xFFFF, 0xFFFF, 0xFFFF,
    0xFFFF, 0xFFFF, 0xFFDF, 0xF7BE, 0xBDD7, 0x2124, 0x0000, 0x0000, 0x0000, 0xF81F, 0xF81F, 0xF81F,
    0xF81F, 0xF81F, 0xF81F, 0xF81F, 0xF81F, 0xF81F, 0xF81F, 0x0000, 0x0841, 0x10A2, 0x0020, 0x0000,
    0x0000, 0x630C, 0x94B2, 0xFFDF, 0xEF7D, 0x0000, 0x0000, 0x0000, 0xF81F, 0xF81F, 0xF81F, 0xF81F,
    0xF81F, 0xF81F, 0xF81F, 0xF81F, 0xF81F, 0xF81F, 0xF81F, 0x0000, 0x0000, 0x0000, 0x0000, 0x0000,
    0x0000, 0x0861, 0x39E7, 0x6B4D, 0x5AEB, 0x5AEB, 0x5ACB, 0x5AEB, 0x6B4D, 0x7BEF, 0x4A49, 0x52AA,
    0x4A69, 0x8430, 0x630C, 0xBDF7, 0x0000, 0xD6BA, 0xF7BE, 0xFFFF, 0xFFFF, 0xFFDF, 0xFFFF, 0xFFFF,
    0xFFFF, 0xFFFF, 0xFFFF, 0xFFFF, 0xFFFF, 0xFFFF, 0xFFFF, 0xFFFF, 0xFFFF, 0xFFFF, 0xFFDF, 0xFFFF,
    0xF7BE, 0xFFDF, 0xF7BE, 0xF7BE, 0xFFDF, 0xFFFF, 0xF79E, 0x8C51, 0x6B6D, 0xFFDF, 0xFFFF, 0xFFFF,
    0xFFFF, 0xFFFF, 0x632C, 0xA514, 0xF7BE, 0xF7BE, 0xFFFF, 0xFFFF, 0xFFFF, 0xFFFF, 0xFFFF, 0xFFFF,
    0xFFFF, 0xFFFF, 0xFFDF, 0xFFFF, 0xFFFF, 0xFFFF, 0xFFFF, 0xB5B6, 0x2945, 0x0000, 0x0000, 0xF81F,
    0xF81F, 0xF81F, 0xF81F, 0xF81F, 0xF81F, 0xF81F, 0xF81F, 0xF81F, 0xF81F, 0x0000, 0x0841, 0x10A2,
    0x0020, 0x0000, 0x0000, 0x5AEB, 0x9492, 0xFFFF, 0xF79E, 0x0000, 0x0000, 0x0000, 0x0000, 0x0000,
    0xF81F, 0xF81F, 0xF81F, 0xF81F, 0x0000, 0x0000, 0x0000, 0x0000, 0x0000, 0x0000, 0x0000, 0x0000,
    0x0000, 0x0020, 0x528A, 0xA534, 0xDEDB, 0xFFDF, 0xFFFF, 0xDEFB, 0xD6BA, 0xE71C, 0xFFFF, 0x5ACB,
    0xAD55, 0xBDF7, 0x52AA, 0xB5B6, 0x2124, 0x0000, 0x94B2, 0xEF5D, 0xFFFF, 0xFFFF, 0xFFFF, 0xFFFF,
    0xFFFF, 0xFFFF, 0xFFFF, 0xFFFF, 0xFFFF, 0xFFFF, 0xFFFF, 0xFFFF, 0xFFFF, 0xFFDF, 0xFFFF, 0xFFFF,
    0xFFDF, 0xFFFF, 0xFFDF, 0xFFDF, 0xFFFF, 0xFFFF, 0xFFFF, 0xFFFF, 0xFFDF, 0xA534, 0x5ACB, 0xEF5D,
    0xFFFF, 0xFFFF, 0xFFFF, 0xFFFF, 0xBDD7, 0x52AA, 0xF79E, 0xFFFF, 0xFFFF, 0xFFDF, 0xFFDF, 0xFFDF,
    0xFFFF, 0xF7BE, 0xFFFF, 0xFFDF, 0xFFFF, 0xFFFF, 0xFFFF, 0xFFFF, 0xFFFF, 0xFFDF, 0xAD75, 0x2104,
    0x0000, 0x0000, 0xF81F, 0xF81F, 0xF81F, 0xF81F, 0xF81F, 0xF81F, 0xF81F, 0xF81F, 0xF81F, 0x0000,
    0x0841, 0x18C3, 0x0000, 0x0000, 0x0000, 0x630C, 0x94B2, 0xFFFF, 0xF7BE, 0x2945, 0x0000, 0x0000,
    0x0000, 0x0000, 0x0000, 0x0000, 0x0000, 0x0000, 0x0000, 0x0000, 0x0000, 0x0020, 0x0000, 0x0000,
    0x0000, 0x0000, 0x0000, 0x7BCF, 0xDEFB, 0xF7BE, 0xFFFF, 0xFFFF, 0xFFFF, 0xFFFF, 0xFFDF, 0xFFDF,
    0xFFDF, 0x738E, 0x5AEB, 0x52AA, 0xA534, 0x5ACB, 0x0020, 0xA514, 0xEF5D, 0xFFDF, 0xFFFF, 0xFFFF,
    0xFFFF, 0xFFFF, 0xFFFF, 0xFFFF, 0xFFFF, 0xFFFF, 0xFFFF, 0xFFFF, 0xFFFF, 0xFFFF, 0xFFFF, 0xFFFF,
    0xFFDF, 0xFFFF, 0xFFFF, 0xFFFF, 0xFFFF, 0xF7BE, 0xFFFF, 0xFFFF, 0xFFFF, 0xFFFF, 0xF7BE, 0xC618,
    0x39E7, 0xCE59, 0xFFFF, 0xFFFF, 0xFFFF, 0xFFFF, 0xE73C, 0x0000, 0xEF5D, 0xFFFF, 0xFFDF, 0xFFFF,
    0xFFFF, 0xDEDB, 0xEF7D, 0xFFDF, 0xFFDF, 0xFFFF, 0xFFFF, 0xFFFF, 0xFFFF, 0xFFFF, 0xFFFF, 0xFFFF,
    0xF79E, 0x8C51, 0x0861, 0x0000, 0x0000, 0xF81F, 0xF81F, 0xF81F, 0xF81F, 0xF81F, 0xF81F, 0xF81F,
    0xF81F, 0x0000, 0x0841, 0x18E3, 0x0020, 0x0000, 0x0000, 0x7BEF, 0x94B2, 0xFFFF, 0xF7BE, 0x8430,
    0x0000, 0x0000, 0x0000, 0x0000, 0x0000, 0x0000, 0x0020, 0x0861, 0x0841, 0x0000, 0x0000, 0x10A2,
    0x2965, 0x4228, 0x9CD3, 0xB5B6, 0x8430, 0xDEDB, 0xFFDF, 0xFFFF, 0xFFFF, 0xFFFF, 0xFFFF, 0xFFFF,
    0xFFDF, 0xFFDF, 0xF7BE, 0xDEDB, 0x7BEF, 0xAD55, 0x52AA, 0x10A2, 0xCE79, 0xF7BE, 0xF7BE, 0xF7BE,
    0xFFFF, 0xFFFF, 0xFFFF, 0xFFFF, 0xFFFF, 0xFFFF, 0xFFFF, 0xFFFF, 0xFFFF, 0xFFFF, 0xFFFF, 0xFFFF,
    0xF7BE, 0xF7BE, 0xEF5D, 0x9492, 0xE73C, 0xFFDF, 0xFFDF, 0xFFDF, 0xFFFF, 0xFFFF, 0xFFFF, 0xFFFF,
    0xFFFF, 0xF7BE, 0x4208, 0xBDD7, 0xFFFF, 0xFFFF, 0xFFFF, 0xFFFF, 0xE73C, 0x10A2, 0xEF7D, 0xFFFF,
    0xFFFF, 0xFFFF, 0xF7BE, 0xAD75, 0x9CD3, 0xFFDF, 0xFFDF, 0xFFFF, 0xFFFF, 0xFFFF, 0xFFFF, 0xFFFF,
    0xFFFF, 0xFFFF, 0xFFDF, 0xF79E, 0x52AA, 0x0000, 0x0000, 0x0000, 0xF81F, 0xF81F, 0xF81F, 0xF81F,
    0xF81F, 0xF81F, 0xF81F, 0x0000, 0x0861, 0x2945, 0x0841, 0x0000, 0x0020, 0xA514, 0x9CD3, 0xFFDF,
    0xF7BE, 0xE71C, 0x5AEB, 0x0000, 0x0000, 0x3186, 0x5AEB, 0x8C71, 0xAD55, 0xA534, 0x7BEF, 0x8430,
    0xA534, 0xAD55, 0xC618, 0xCE79, 0xEF7D, 0xE73C, 0xC638, 0xE71C, 0xFFFF, 0xFFDF, 0xF7BE, 0xE71C,
    0xD6BA, 0xCE79, 0xCE59, 0xBDD7, 0x9492, 0x528A, 0x39C7, 0x0000, 0x0000, 0x0000, 0x4A49, 0xCE59,
    0xF7BE, 0xFFFF, 0xFFFF, 0xFFFF, 0xFFFF, 0xFFFF, 0xFFFF, 0xFFFF, 0xFFFF, 0xFFFF, 0xFFFF, 0xFFFF,
    0xFFFF, 0xFFFF, 0xE71C, 0xBDD7, 0x3186, 0x9CD3, 0xEF5D, 0xFFFF, 0xFFFF, 0xFFDF, 0xFFFF, 0xFFFF,
    0xFFFF, 0xFFFF, 0xFFFF, 0xFFFF, 0x39C7, 0xBDD7, 0xFFFF, 0xFFFF, 0xFFFF, 0xFFFF, 0xEF7D, 0x6B4D,
    0xD69A, 0xFFFF, 0xFFFF, 0xFFDF, 0xFFFF, 0xA534, 0x4A69, 0xFFFF, 0xFFFF, 0xF7BE, 0xFFFF, 0xFFFF,
    0xFFFF, 0xFFFF, 0xFFFF, 0xFFDF, 0xFFDF, 0xFFFF, 0xCE59, 0x0000, 0x0000, 0x0000, 0xF81F, 0xF81F,
    0xF81F, 0xF81F, 0xF81F, 0xF81F, 0xF81F, 0x0000, 0x0000, 0x4A69, 0x39E7, 0x0000, 0x0000, 0xA534,
    0x9492, 0xFFDF, 0xFFFF, 0xFFFF, 0xEF5D, 0xDEFB, 0xDEFB, 0xE71C, 0xE73C, 0xEF7D, 0xFFDF, 0xFFFF,
    0xEF7D, 0xDEDB, 0xAD75, 0x8C71, 0x8430, 0x738E, 0x7BCF, 0x630C, 0x0000, 0x52AA, 0x8C51, 0x8C71,
    0x7BEF, 0x5AEB, 0x3186, 0x10A2, 0x0000, 0x0000, 0x0000, 0x0000, 0x0000, 0x0000, 0x0000, 0x0000,
    0x0000, 0x2945, 0x8C51, 0xEF5D, 0xFFFF, 0xFFFF, 0xFFFF, 0xFFFF, 0xFFFF, 0xFFDF, 0xFFDF, 0xFFDF,
    0xFFFF, 0xFFDF, 0xDEFB, 0x94B2, 0x5AEB, 0x2124, 0xCE79, 0xF79E, 0xFFFF, 0xFFFF, 0xFFFF, 0xFFFF,
    0xFFFF, 0xFFFF, 0xFFFF, 0xFFFF, 0xFFFF, 0xFFFF, 0x528A, 0xB596, 0xFFDF, 0xFFFF, 0xFFFF, 0xFFFF,
    0xFFDF, 0xAD55, 0x94B2, 0xFFDF, 0xFFFF, 0xFFDF, 0xFFFF, 0xB5B6, 0x4A49, 0xFFDF, 0xFFFF, 0xFFFF,
    0xF7BE, 0xFFDF, 0xFFFF, 0xFFFF, 0xFFFF, 0xFFFF, 0xFFFF, 0xFFFF, 0xF79E, 0x8C71, 0x0000, 0x0000,
    0xF81F, 0xF81F, 0xF81F, 0xF81F, 0xF81F, 0xF81F, 0xF81F, 0x0000, 0x0000, 0x0841, 0x4A49, 0x7BEF,
    0x2965, 0xAD55, 0x8C51, 0xFFDF, 0xFFFF, 0xFFDF, 0xFFFF, 0xFFFF, 0xFFDF, 0xF7BE, 0xFFDF, 0xF7BE,
    0xF7BE, 0xE71C, 0x7BEF, 0x3186, 0x10A2, 0x0020, 0x0000, 0x0000, 0x0000, 0x0000, 0x0000, 0x0000,
    0x0020, 0x0000, 0x0000, 0x0000, 0x0000, 0x0000, 0x0000, 0x0000, 0x0000, 0x0000, 0x0000, 0x0000,
    0x0000, 0x0000, 0x0000, 0x0000, 0x0020, 0x3186, 0x630C, 0xC618, 0xEF7D, 0xEF7D, 0xEF7D, 0xEF7D,
    0xE73C, 0xEF7D, 0x9CD3, 0x5AEB, 0x2945, 0x0861, 0x0000, 0x8430, 0xF79E, 0xFFFF, 0xFFFF, 0xFFFF,
    0xFFFF, 0xFFFF, 0xFFFF, 0xFFFF, 0xFFFF, 0xFFFF, 0xFFDF, 0xFFFF, 0x738E, 0x9492, 0xF7BE, 0xFFFF,
    0xFFFF, 0xFFFF, 0xFFFF, 0xB596, 0x6B6D, 0xFFFF, 0xFFFF, 0xFFFF, 0xFFDF, 0xC638, 0x4A49, 0xCE59,
    0xFFFF, 0xFFFF, 0xFFDF, 0xF7BE, 0xFFDF, 0xFFDF, 0xFFFF, 0xFFFF, 0xFFFF, 0xFFFF, 0xFFDF, 0xC638,
    0x2945, 0x0000, 0x0000, 0xF81F, 0xF81F, 0xF81F, 0xF81F, 0xF81F, 0xF81F, 0xF81F, 0x0000, 0x0000,
    0x0000, 0x52AA, 0x9CD3, 0xE71C, 0x738E, 0xE73C, 0xFFFF, 0xFFFF, 0xFFDF, 0xF7BE, 0xE73C, 0xCE79,
    0xC618, 0xBDF7, 0x9492, 0x4228, 0x0000, 0x0000, 0x0000, 0x0000, 0x0000, 0x0000, 0x0000, 0x0000,
    0xF81F, 0x0000, 0x0000, 0x0000, 0x0000, 0xF81F, 0xF81F, 0xF81F, 0x0000, 0xF81F, 0x0000, 0x0000,
    0x0000, 0x0000, 0x0000, 0xF81F, 0x0000, 0x0000, 0x0000, 0x0000, 0x0000, 0x0000, 0x0000, 0x1082,
    0x4A49, 0x2945, 0x0000, 0x0000, 0x0000, 0x0000, 0x0000, 0x0000, 0x0000, 0x528A, 0xF7BE, 0xFFDF,
    0xFFFF, 0xFFFF, 0xFFFF, 0xFFFF, 0xFFFF, 0xFFFF, 0xFFFF, 0xFFFF, 0xFFFF, 0xFFFF, 0x94B2, 0x6B4D,
    0xEF7D, 0xFFFF, 0xFFFF, 0xFFFF, 0xFFFF, 0xC618, 0x528A, 0xFFFF, 0xFFDF, 0xFFFF, 0xF7BE, 0xE73C,
    0x528A, 0xA514, 0xFFFF, 0xF7BE, 0xB5B6, 0xAD75, 0xF7BE, 0xFFDF, 0xFFFF, 0xFFFF, 0xFFFF, 0xFFFF,
    0xFFDF, 0xF79E, 0x6B4D, 0x0000, 0x0000, 0xF81F, 0xF81F, 0xF81F, 0xF81F, 0xF81F, 0xF81F, 0xF81F,
    0xF81F, 0x0000, 0x0000, 0x0000, 0x528A, 0xAD75, 0x630C, 0xD6BA, 0xC638, 0x9CD3, 0x8410, 0x7BEF,
    0x5AEB, 0x3186, 0x0000, 0x0000, 0x0000, 0x0000, 0x0000, 0x0000, 0xF81F, 0xF81F, 0xF81F, 0xF81F,
    0xF81F, 0xF81F, 0xF81F, 0xF81F, 0xF81F, 0xF81F, 0xF81F, 0xF81F, 0xF81F, 0xF81F, 0xF81F, 0xF81F,
    0xF81F, 0xF81F, 0xF81F, 0xF81F, 0xF81F, 0xF81F, 0xF81F, 0xF81F, 0x0000, 0x0000, 0x0000, 0x0000,
    0x0000, 0x0000, 0x0000, 0x0000, 0x0000, 0x0000, 0x0000, 0x0000, 0x0000, 0x0000, 0x0000, 0x2104,
    0xF7BE, 0xFFFF, 0xFFFF, 0xFFFF, 0xFFFF, 0xFFFF, 0xFFFF, 0xFFFF, 0xFFFF, 0xFFFF, 0xFFDF, 0xFFFF,
    0xCE59, 0x39C7, 0xEF5D, 0xFFFF, 0xFFFF, 0xFFFF, 0xF7BE, 0xD6BA, 0x52AA, 0xFFFF, 0xFFFF, 0xFFDF,
    0xFFDF, 0xFFFF, 0x52AA, 0x94B2, 0xFFFF, 0xF79E, 0x31A6, 0x31A6, 0xEF5D, 0xFFFF, 0xFFFF, 0xFFFF,
    0xFFFF, 0xFFFF, 0xFFFF, 0xFFFF, 0x8C51, 0x0000, 0x0000, 0x0000, 0xF81F, 0xF81F, 0xF81F, 0xF81F,
    0xF81F, 0xF81F, 0xF81F, 0xF81F, 0x0000, 0x0000, 0x0000, 0x10A2, 0x0841, 0x2124, 0x2104, 0x0861,
    0x0000, 0x0000, 0x0000, 0x0000, 0x0000, 0x0000, 0x0000, 0x0000, 0x0000, 0x0000, 0xF81F, 0xF81F,
    0xF81F, 0xF81F, 0xF81F, 0xF81F, 0xF81F, 0xF81F, 0xF81F, 0xF81F, 0xF81F, 0xF81F, 0xF81F, 0xF81F,
    0xF81F, 0xF81F, 0xF81F, 0xF81F, 0xF81F, 0xF81F, 0xF81F, 0xF81F, 0xF81F, 0xF81F, 0xF81F, 0xF81F,
    0xF81F, 0x0000, 0x0000, 0x0000, 0x0000, 0x0000, 0x0000, 0x0000, 0xF81F, 0xF81F, 0x0000, 0x0000,
    0x0000, 0x0000, 0xEF5D, 0xFFDF, 0xFFFF, 0xFFFF, 0xFFFF, 0xFFFF, 0xFFFF, 0xFFFF, 0xFFFF, 0xFFFF,
    0xFFFF, 0xFFFF, 0xE73C, 0x0000, 0xE71C, 0xFFFF, 0xFFFF, 0xFFFF, 0xFFFF, 0xFFDF, 0x73AE, 0xF7BE,
    0xFFFF, 0xFFDF, 0xFFFF, 0xFFFF, 0x630C, 0x8C71, 0xFFFF, 0x6B6D, 0x4228, 0xDEDB, 0xFFFF, 0xFFFF,
    0xFFFF, 0xFFFF, 0xFFFF, 0xFFFF, 0xFFDF, 0xFFFF, 0x9CF3, 0x0861, 0x0000, 0x0000, 0xF81F, 0xF81F,
    0xF81F, 0xF81F, 0xF81F, 0xF81F, 0xF81F, 0xF81F, 0xF81F, 0xF81F, 0x0000, 0x0000, 0x0000, 0x0000,
    0x0000, 0x0000, 0x0000, 0x0000, 0xF81F, 0xF81F, 0xF81F, 0x0000, 0x0000, 0xF81F, 0xF81F, 0xF81F,
    0xF81F, 0xF81F, 0xF81F, 0xF81F, 0xF81F, 0xF81F, 0xF81F, 0xF81F, 0xF81F, 0xF81F, 0xF81F, 0xF81F,
    0xF81F, 0xF81F, 0xF81F, 0xF81F, 0xF81F, 0xF81F, 0xF81F, 0xF81F, 0xF81F, 0xF81F, 0xF81F, 0xF81F,
    0xF81F, 0xF81F, 0xF81F, 0xF81F, 0xF81F, 0xF81F, 0xF81F, 0xF81F, 0xF81F, 0xF81F, 0xF81F, 0xF81F,
    0x0000, 0x0000, 0x0000, 0x0000, 0xEF7D, 0xFFFF, 0xFFFF, 0xFFFF, 0xFFFF, 0xFFFF, 0xFFFF, 0xFFFF,
    0xFFFF, 0xFFFF, 0xFFFF, 0xF7BE, 0xE73C, 0x0000, 0xE71C, 0xFFFF, 0xFFFF, 0xFFFF, 0xFFDF, 0xFFFF,
    0x738E, 0xBDF7, 0xFFFF, 0xFFFF, 0xFFFF, 0xFFFF, 0x632C, 0x8430, 0xBDF7, 0x4208, 0xC638, 0xFFFF,
    0xF7BE, 0xFFFF, 0xFFFF, 0xFFFF, 0xFFFF, 0xFFFF, 0xFFFF, 0xFFFF, 0x94B2, 0x0841, 0x0000, 0x0000,
    0xF81F, 0xF81F, 0xF81F, 0xF81F, 0xF81F, 0xF81F, 0xF81F, 0xF81F, 0xF81F, 0xF81F, 0xF81F, 0xF81F,
    0x0000, 0x0000, 0xF81F, 0xF81F, 0xF81F, 0xF81F, 0xF81F, 0xF81F, 0xF81F, 0xF81F, 0xF81F, 0xF81F,
    0xF81F, 0xF81F, 0xF81F, 0xF81F, 0xF81F, 0xF81F, 0xF81F, 0xF81F, 0xF81F, 0xF81F, 0xF81F, 0xF81F,
    0xF81F, 0xF81F, 0xF81F, 0xF81F, 0xF81F, 0xF81F, 0xF81F, 0xF81F, 0xF81F, 0xF81F, 0xF81F, 0xF81F,
    0xF81F, 0xF81F, 0xF81F, 0xF81F, 0xF81F, 0xF81F, 0xF81F, 0xF81F, 0xF81F, 0xF81F, 0xF81F, 0xF81F,
    0xF81F, 0xF81F, 0x0000, 0x0000, 0x0000, 0x0020, 0xEF7D, 0xFFFF, 0xFFFF, 0xFFFF, 0xFFFF, 0xFFFF,
    0xFFFF, 0xFFFF, 0xFFFF, 0xFFFF, 0xFFDF, 0xFFDF, 0xE73C, 0x0000, 0xE71C, 0xFFFF, 0xFFFF, 0xFFFF,
    0xFFFF, 0xF7BE, 0x73AE, 0xA514, 0xFFFF, 0xFFFF, 0xFFFF, 0xFFFF, 0x8C51, 0x4A49, 0x528A, 0x73AE,
    0xF7BE, 0xFFDF, 0xFFFF, 0xFFFF, 0xFFFF, 0xFFFF, 0xFFFF, 0xFFFF, 0xF7BE, 0xFFFF, 0x8410, 0x0000,
    0x0000, 0x0000, 0xF81F, 0xF81F, 0xF81F, 0xF81F, 0xF81F, 0xF81F, 0xF81F, 0xF81F, 0xF81F, 0xF81F,
    0xF81F, 0xF81F, 0xF81F, 0xF81F, 0xF81F, 0xF81F, 0xF81F, 0xF81F, 0xF81F, 0xF81F, 0xF81F, 0xF81F,
    0xF81F, 0xF81F, 0xF81F, 0xF81F, 0xF81F, 0xF81F, 0xF81F, 0xF81F, 0xF81F, 0xF81F, 0xF81F, 0xF81F,
    0xF81F, 0xF81F, 0xF81F, 0xF81F, 0xF81F, 0xF81F, 0xF81F, 0xF81F, 0xF81F, 0xF81F, 0xF81F, 0xF81F,
    0xF81F, 0xF81F, 0xF81F, 0xF81F, 0xF81F, 0xF81F, 0xF81F, 0xF81F, 0xF81F, 0xF81F, 0xF81F, 0xF81F,
    0xF81F, 0xF81F, 0xF81F, 0xF81F, 0x0000, 0x0000, 0x0000, 0x0000, 0xB5B6, 0xFFFF, 0xFFFF, 0xFFFF,
    0xFFFF, 0xFFFF, 0xFFFF, 0xFFFF, 0xFFFF, 0xFFFF, 0xFFFF, 0xFFFF, 0xEF5D, 0x3186, 0xE71C, 0xFFDF,
    0xFFFF, 0xFFFF, 0xF7BE, 0xFFFF, 0x8C71, 0x94B2, 0xFFFF, 0xFFFF, 0xFFFF, 0xFFFF, 0xB5B6, 0x0000,
    0x0000, 0xEF7D, 0xFFFF, 0xFFFF, 0xFFFF, 0xFFDF, 0xFFFF, 0xFFFF, 0xFFFF, 0xFFFF, 0xF7BE, 0xD6BA,
    0x39E7, 0x0000, 0xF81F, 0x0000, 0xF81F, 0xF81F, 0xF81F, 0xF81F, 0xF81F, 0xF81F, 0xF81F, 0xF81F,
    0xF81F, 0xF81F, 0xF81F, 0xF81F, 0xF81F, 0xF81F, 0xF81F, 0xF81F, 0xF81F, 0xF81F, 0xF81F, 0xF81F,
    0xF81F, 0xF81F, 0xF81F, 0xF81F, 0xF81F, 0xF81F, 0xF81F, 0xF81F, 0xF81F, 0xF81F, 0xF81F, 0xF81F,
    0xF81F, 0xF81F, 0xF81F, 0xF81F, 0xF81F, 0xF81F, 0xF81F, 0xF81F, 0xF81F, 0xF81F, 0xF81F, 0xF81F,
    0xF81F, 0xF81F, 0xF81F, 0xF81F, 0xF81F, 0xF81F, 0xF81F, 0xF81F, 0xF81F, 0xF81F, 0xF81F, 0xF81F,
    0xF81F, 0xF81F, 0xF81F, 0xF81F, 0xF81F, 0xF81F, 0xF81F, 0x0000, 0x0000, 0x0000, 0xA514, 0xFFDF,
    0xFFFF, 0xFFFF, 0xFFFF, 0xFFFF, 0xFFFF, 0xFFFF, 0xFFFF, 0xFFFF, 0xF7BE, 0xFFFF, 0xEF7D, 0x39C7,
    0xC638, 0xF7BE, 0xFFFF, 0xFFFF, 0xFFFF, 0xFFDF, 0x9CF3, 0x8430, 0xFFFF, 0xFFFF, 0xFFFF, 0xF7BE,
    0xD6BA, 0x0000, 0x528A, 0xF79E, 0xFFFF, 0xFFFF, 0xFFFF, 0xFFFF, 0xFFFF, 0xFFFF, 0xFFDF, 0xFFFF,
    0xEF7D, 0x9CD3, 0x0000, 0x0000, 0xF81F, 0xF81F, 0xF81F, 0xF81F, 0xF81F, 0xF81F, 0xF81F, 0xF81F,
    0xF81F, 0xF81F, 0xF81F, 0xF81F, 0xF81F, 0xF81F, 0xF81F, 0xF81F, 0xF81F, 0xF81F, 0xF81F, 0xF81F,
    0xF81F, 0xF81F, 0xF81F, 0xF81F, 0xF81F, 0xF81F, 0xF81F, 0xF81F, 0xF81F, 0xF81F, 0xF81F, 0xF81F,
    0xF81F, 0xF81F, 0xF81F, 0xF81F, 0xF81F, 0xF81F, 0xF81F, 0xF81F, 0xF81F, 0xF81F, 0xF81F, 0xF81F,
    0xF81F, 0xF81F, 0xF81F, 0xF81F, 0xF81F, 0xF81F, 0xF81F, 0xF81F, 0xF81F, 0xF81F, 0xF81F, 0xF81F,
    0xF81F, 0xF81F, 0xF81F, 0xF81F, 0xF81F, 0xF81F, 0xF81F, 0xF81F, 0xF81F, 0xF81F, 0x0000, 0x0000,
    0x8410, 0xFFDF, 0xFFFF, 0xFFFF, 0xFFFF, 0xFFFF, 0xFFFF, 0xFFFF, 0xFFFF, 0xFFFF, 0xFFFF, 0xFFDF,
    0xF79E, 0x73AE, 0xA514, 0xF7BE, 0xFFFF, 0xFFDF, 0xFFFF, 0xFFDF, 0xBDD7, 0x8430, 0xFFFF, 0xFFFF,
    0xFFFF, 0xFFFF, 0xF7BE, 0x0000, 0xC618, 0xFFFF, 0xFFFF, 0xFFFF, 0xFFFF, 0xFFFF, 0xFFFF, 0xFFFF,
    0xFFDF, 0xFFFF, 0xCE79, 0x0020, 0x0000, 0x0000, 0xF81F, 0xF81F, 0xF81F, 0xF81F, 0xF81F, 0xF81F,
    0xF81F, 0xF81F, 0xF81F, 0xF81F, 0xF81F, 0xF81F, 0xF81F, 0xF81F, 0xF81F, 0xF81F, 0xF81F, 0xF81F,
    0xF81F, 0xF81F, 0xF81F, 0xF81F, 0xF81F, 0xF81F, 0xF81F, 0xF81F, 0xF81F, 0xF81F, 0xF81F, 0xF81F,
    0xF81F, 0xF81F, 0xF81F, 0xF81F, 0xF81F, 0xF81F, 0xF81F, 0xF81F, 0xF81F, 0xF81F, 0xF81F, 0xF81F,
    0xF81F, 0xF81F, 0xF81F, 0xF81F, 0xF81F, 0xF81F, 0xF81F, 0xF81F, 0xF81F, 0xF81F, 0xF81F, 0xF81F,
    0xF81F, 0xF81F, 0xF81F, 0xF81F, 0xF81F, 0xF81F, 0xF81F, 0xF81F, 0xF81F, 0xF81F, 0xF81F, 0xF81F,
    0x0000, 0x0000, 0x7BCF, 0xFFFF, 0xFFFF, 0xFFFF, 0xFFFF, 0xFFFF, 0xFFFF, 0xFFFF, 0xFFFF, 0xFFFF,
    0xFFDF, 0xFFDF, 0xF79E, 0x7BEF, 0x94B2, 0xFFDF, 0xFFFF, 0xFFFF, 0xFFFF, 0xFFFF, 0xCE59, 0x7BEF,
    0xF7BE, 0xFFDF, 0xFFFF, 0xF7BE, 0xDEDB, 0x0000, 0xAD55, 0xF7BE, 0xFFFF, 0xFFFF, 0xFFFF, 0xFFFF,
    0xFFFF, 0xFFDF, 0xFFFF, 0xEF5D, 0x4208, 0x0000, 0x0000, 0x0000, 0xF81F, 0xF81F, 0xF81F, 0xF81F,
    0xF81F, 0xF81F, 0xF81F, 0xF81F, 0xF81F, 0xF81F, 0xF81F, 0xF81F, 0xF81F, 0xF81F, 0xF81F, 0xF81F,
    0xF81F, 0xF81F, 0xF81F, 0xF81F, 0xF81F, 0xF81F, 0xF81F, 0xF81F, 0xF81F, 0xF81F, 0xF81F, 0xF81F,
    0xF81F, 0xF81F, 0xF81F, 0xF81F, 0xF81F, 0xF81F, 0xF81F, 0xF81F, 0xF81F, 0xF81F, 0xF81F, 0xF81F,
    0xF81F, 0xF81F, 0xF81F, 0xF81F, 0xF81F, 0xF81F, 0xF81F, 0xF81F, 0xF81F, 0xF81F, 0xF81F, 0xF81F,
    0xF81F, 0xF81F, 0xF81F, 0xF81F, 0xF81F, 0xF81F, 0xF81F, 0xF81F, 0xF81F, 0xF81F, 0xF81F, 0xF81F,
    0xF81F, 0xF81F, 0x0000, 0x0020, 0x738E, 0xFFDF, 0xFFFF, 0xFFFF, 0xFFFF, 0xFFFF, 0xFFFF, 0xFFFF,
    0xFFFF, 0xFFFF, 0xFFDF, 0xF7BE, 0xF7BE, 0x8410, 0x738E, 0xFFDF, 0xFFFF, 0xFFFF, 0xF7BE, 0xF7BE,
    0xEF7D, 0x5ACB, 0xE71C, 0xFFFF, 0xEF7D, 0xB5B6, 0x39E7, 0x2945, 0x6B6D, 0xEF7D, 0xFFFF, 0xFFFF,
    0xFFFF, 0xFFFF, 0xFFDF, 0xFFFF, 0xEF7D, 0x7BCF, 0x0000, 0x0000, 0x0000, 0xF81F, 0xF81F, 0xF81F,
    0xF81F, 0xF81F, 0xF81F, 0xF81F, 0xF81F, 0xF81F, 0xF81F, 0xF81F, 0xF81F, 0xF81F, 0xF81F, 0xF81F,
    0xF81F, 0xF81F, 0xF81F, 0xF81F, 0xF81F, 0xF81F, 0xF81F, 0xF81F, 0xF81F, 0xF81F, 0xF81F, 0xF81F,
    0xF81F, 0xF81F, 0xF81F, 0xF81F, 0xF81F, 0xF81F, 0xF81F, 0xF81F, 0xF81F, 0xF81F, 0xF81F, 0xF81F,
    0xF81F, 0xF81F, 0xF81F, 0xF81F, 0xF81F, 0xF81F, 0xF81F, 0xF81F, 0xF81F, 0xF81F, 0xF81F, 0xF81F,
    0xF81F, 0xF81F, 0xF81F, 0xF81F, 0xF81F, 0xF81F, 0xF81F, 0xF81F, 0xF81F, 0xF81F, 0xF81F, 0xF81F,
    0xF81F, 0xF81F, 0xF81F, 0xF81F, 0x0000, 0x0000, 0x5ACB, 0xFFFF, 0xF7BE, 0xFFFF, 0xFFFF, 0xFFFF,
    0xFFFF, 0xFFFF, 0xFFFF, 0xFFFF, 0xF7BE, 0xFFFF, 0xF79E, 0x8430, 0x630C, 0xFFDF, 0xF7BE, 0xF7BE,
    0xFFFF, 0xFFDF, 0xF7BE, 0x2945, 0xCE59, 0xBDF7, 0x632C, 0x4A49, 0xDEFB, 0x6B6D, 0x2104, 0x6B6D,
    0xA514, 0xF79E, 0xF7BE, 0xFFDF, 0xFFFF, 0xF7BE, 0xA514, 0x18C3, 0x0000, 0x0000, 0x0000, 0xF81F,
    0xF81F, 0xF81F, 0xF81F, 0xF81F, 0xF81F, 0xF81F, 0xF81F, 0xF81F, 0xF81F, 0xF81F, 0xF81F, 0xF81F,
    0xF81F, 0xF81F, 0xF81F, 0xF81F, 0xF81F, 0xF81F, 0xF81F, 0xF81F, 0xF81F, 0xF81F, 0xF81F, 0xF81F,
    0xF81F, 0xF81F, 0xF81F, 0xF81F, 0xF81F, 0xF81F, 0xF81F, 0xF81F, 0xF81F, 0xF81F, 0xF81F, 0xF81F,
    0xF81F, 0xF81F, 0xF81F, 0xF81F, 0xF81F, 0xF81F, 0xF81F, 0xF81F, 0xF81F, 0xF81F, 0xF81F, 0xF81F,
    0xF81F, 0xF81F, 0xF81F, 0xF81F, 0xF81F, 0xF81F, 0xF81F, 0xF81F, 0xF81F, 0xF81F, 0xF81F, 0xF81F,
    0xF81F, 0xF81F, 0xF81F, 0xF81F, 0xF81F, 0xF81F, 0x0000, 0x0000, 0x4228, 0xDEFB, 0xF7BE, 0xFFDF,
    0xFFFF, 0xFFFF, 0xFFDF, 0xFFDF, 0xFFDF, 0xFFDF, 0xFFDF, 0xFFFF, 0xE73C, 0x73AE, 0x6B6D, 0xF7BE,
    0xFFFF, 0xFFDF, 0xF7BE, 0xFFFF, 0xFFDF, 0x0000, 0x2104, 0x738E, 0xAD75, 0xEF7D, 0xF7BE, 0x9CD3,
    0x0000, 0x8410, 0x630C, 0x2965, 0xD69A, 0xEF7D, 0xF7BE, 0xD69A, 0x0000, 0x0000, 0x0000, 0x0000,
    0x0000, 0xF81F, 0xF81F, 0xF81F, 0xF81F, 0xF81F, 0xF81F, 0xF81F, 0xF81F, 0xF81F, 0xF81F, 0xF81F,
    0xF81F, 0xF81F, 0xF81F, 0xF81F, 0xF81F, 0xF81F, 0xF81F, 0xF81F, 0xF81F, 0xF81F, 0xF81F, 0xF81F,
    0xF81F, 0xF81F, 0xF81F, 0xF81F, 0xF81F, 0xF81F, 0xF81F, 0xF81F, 0xF81F, 0xF81F, 0xF81F, 0xF81F,
    0xF81F, 0xF81F, 0xF81F, 0xF81F, 0xF81F, 0xF81F, 0xF81F, 0xF81F, 0xF81F, 0xF81F, 0xF81F, 0xF81F,
    0xF81F, 0xF81F, 0xF81F, 0xF81F, 0xF81F, 0xF81F, 0xF81F, 0xF81F, 0xF81F, 0xF81F, 0xF81F, 0xF81F,
    0xF81F, 0xF81F, 0xF81F, 0xF81F, 0xF81F, 0xF81F, 0xF81F, 0xF81F, 0x0000, 0x0000, 0x0000, 0x3186,
    0x9492, 0xAD75, 0xC618, 0xD69A, 0xFFFF, 0xFFFF, 0xFFFF, 0xFFFF, 0xCE59, 0xB5B6, 0x8430, 0x2124,
    0xC638, 0xFFFF, 0xFFDF, 0xFFDF, 0xFFDF, 0xFFDF, 0xF7BE, 0xC618, 0xC638, 0xEF7D, 0xFFFF, 0xFFDF,
    0xF7BE, 0xC638, 0x0000, 0xEF5D, 0xDEFB, 0x8C71, 0x18E3, 0xB596, 0xBDD7, 0x2104, 0x0000, 0x0000,
    0x0000, 0x0000, 0xF81F, 0xF81F, 0xF81F, 0xF81F, 0xF81F, 0xF81F, 0xF81F, 0xF81F, 0xF81F, 0xF81F,
    0xF81F, 0xF81F, 0xF81F, 0xF81F, 0xF81F, 0xF81F, 0xF81F, 0xF81F, 0xF81F, 0xF81F, 0xF81F, 0xF81F,
    0xF81F, 0xF81F, 0xF81F, 0xF81F, 0xF81F, 0xF81F, 0xF81F, 0xF81F, 0xF81F, 0xF81F, 0xF81F, 0xF81F,
    0xF81F, 0xF81F, 0xF81F, 0xF81F, 0xF81F, 0xF81F, 0xF81F, 0xF81F, 0xF81F, 0xF81F, 0xF81F, 0xF81F,
    0xF81F, 0xF81F, 0xF81F, 0xF81F, 0xF81F, 0xF81F, 0xF81F, 0xF81F, 0xF81F, 0xF81F, 0xF81F, 0xF81F,
    0xF81F, 0xF81F, 0xF81F, 0xF81F, 0xF81F, 0xF81F, 0xF81F, 0xF81F, 0xF81F, 0xF81F, 0x0000, 0x0000,
    0x528A, 0x8C51, 0x52AA, 0x39E7, 0x31A6, 0x4228, 0x630C, 0x630C, 0x630C, 0x630C, 0x4208, 0x4228,
    0x738E, 0xE71C, 0xF7BE, 0xFFDF, 0xFFFF, 0xFFFF, 0xFFFF, 0xF7BE, 0xFFDF, 0xF7BE, 0xFFFF, 0xFFFF,
    0xFFFF, 0xF7BE, 0xF7BE, 0xD6BA, 0x0000, 0xF79E, 0xFFDF, 0xEF7D, 0xA534, 0x3186, 0x3186, 0x0000,
    0x0000, 0x0000, 0xF81F, 0xF81F, 0xF81F, 0xF81F, 0xF81F, 0xF81F, 0xF81F, 0xF81F, 0xF81F, 0xF81F,
    0xF81F, 0xF81F, 0xF81F, 0xF81F, 0xF81F, 0xF81F, 0xF81F, 0xF81F, 0xF81F, 0xF81F, 0xF81F, 0xF81F,
    0xF81F, 0xF81F, 0xF81F, 0xF81F, 0xF81F, 0xF81F, 0xF81F, 0xF81F, 0xF81F, 0xF81F, 0xF81F, 0xF81F,
    0xF81F, 0xF81F, 0xF81F, 0xF81F, 0xF81F, 0xF81F, 0xF81F, 0xF81F, 0xF81F, 0xF81F, 0xF81F, 0xF81F,
    0xF81F, 0xF81F, 0xF81F, 0xF81F, 0xF81F, 0xF81F, 0xF81F, 0xF81F, 0xF81F, 0xF81F, 0xF81F, 0xF81F,
    0xF81F, 0xF81F, 0xF81F, 0xF81F, 0xF81F, 0xF81F, 0xF81F, 0xF81F, 0xF81F, 0xF81F, 0xF81F, 0xF81F,
    0x0000, 0x0000, 0x7BEF, 0xFFDF, 0xFFFF, 0xEF5D, 0xBDF7, 0xAD55, 0xA534, 0x9CD3, 0x9CD3, 0xA534,
    0xBDF7, 0xF79E, 0xFFFF, 0xFFFF, 0xFFFF, 0xFFFF, 0xFFFF, 0xFFFF, 0xFFFF, 0xFFFF, 0xFFFF, 0xFFFF,
    0xFFFF, 0xFFDF, 0xFFFF, 0xFFFF, 0xF7BE, 0xCE59, 0x0000, 0xCE59, 0xF7BE, 0xF7BE, 0xF79E, 0x6B6D,
    0x0000, 0x0000, 0xF81F, 0xF81F, 0xF81F, 0xF81F, 0xF81F, 0xF81F, 0xF81F, 0xF81F, 0xF81F, 0xF81F,
    0xF81F, 0xF81F, 0xF81F, 0xF81F, 0xF81F, 0xF81F, 0xF81F, 0xF81F, 0xF81F, 0xF81F, 0xF81F, 0xF81F,
    0xF81F, 0xF81F, 0xF81F, 0xF81F, 0xF81F, 0xF81F, 0xF81F, 0xF81F, 0xF81F, 0xF81F, 0xF81F, 0xF81F,
    0xF81F, 0xF81F, 0xF81F, 0xF81F, 0xF81F, 0xF81F, 0xF81F, 0xF81F, 0xF81F, 0xF81F, 0xF81F, 0xF81F,
    0xF81F, 0xF81F, 0xF81F, 0xF81F, 0xF81F, 0xF81F, 0xF81F, 0xF81F, 0xF81F, 0xF81F, 0xF81F, 0xF81F,
    0xF81F, 0xF81F, 0xF81F, 0xF81F, 0xF81F, 0xF81F, 0xF81F, 0xF81F, 0xF81F, 0xF81F, 0xF81F, 0xF81F,
    0xF81F, 0xF81F, 0x0000, 0x0000, 0x9CF3, 0xFFFF, 0xFFFF, 0xFFFF, 0xFFFF, 0xFFFF, 0xFFFF, 0xFFFF,
    0xFFFF, 0xFFFF, 0xF7BE, 0xFFFF, 0xFFFF, 0xFFFF, 0xFFFF, 0xFFFF, 0xFFFF, 0xFFFF, 0xFFFF, 0xFFFF,
    0xFFFF, 0xFFFF, 0xF7BE, 0xFFDF, 0xFFDF, 0xFFDF, 0xF7BE, 0x738E, 0x0000, 0xB596, 0xFFFF, 0xFFDF,
    0xF79E, 0x8410, 0x0000, 0x0000, 0xF81F, 0xF81F, 0xF81F, 0xF81F, 0xF81F, 0xF81F, 0xF81F, 0xF81F,
    0xF81F, 0xF81F, 0xF81F, 0xF81F, 0xF81F, 0xF81F, 0xF81F, 0xF81F, 0xF81F, 0xF81F, 0xF81F, 0xF81F,
    0xF81F, 0xF81F, 0xF81F, 0xF81F, 0xF81F, 0xF81F, 0xF81F, 0xF81F, 0xF81F, 0xF81F, 0xF81F, 0xF81F,
    0xF81F, 0xF81F, 0xF81F, 0xF81F, 0xF81F, 0xF81F, 0xF81F, 0xF81F, 0xF81F, 0xF81F, 0xF81F, 0xF81F,
    0xF81F, 0xF81F, 0xF81F, 0xF81F, 0xF81F, 0xF81F, 0xF81F, 0xF81F, 0xF81F, 0xF81F, 0xF81F, 0xF81F,
    0xF81F, 0xF81F, 0xF81F, 0xF81F, 0xF81F, 0xF81F, 0xF81F, 0xF81F, 0xF81F, 0xF81F, 0xF81F, 0xF81F,
    0xF81F, 0xF81F, 0xF81F, 0xF81F, 0x0000, 0x0000, 0xB5B6, 0xFFFF, 0xFFDF, 0xFFDF, 0xFFFF, 0xFFDF,
    0xFFFF, 0xFFFF, 0xFFFF, 0xFFFF, 0xFFFF, 0xFFDF, 0xFFDF, 0xFFDF, 0xFFFF, 0xFFFF, 0xFFFF, 0xFFFF,
    0xFFFF, 0xFFFF, 0xFFFF, 0xFFFF, 0xF7BE, 0xFFFF, 0xFFDF, 0xF7BE, 0x73AE, 0x0841, 0x0000, 0xB5B6,
    0xF7BE, 0xF7BE, 0xE73C, 0x1082, 0x0000, 0x0000, 0xF81F, 0xF81F, 0xF81F, 0xF81F, 0xF81F, 0xF81F,
    0xF81F, 0xF81F, 0xF81F, 0xF81F, 0xF81F, 0xF81F, 0xF81F, 0xF81F, 0xF81F, 0xF81F, 0xF81F, 0xF81F,
    0xF81F, 0xF81F, 0xF81F, 0xF81F, 0xF81F, 0xF81F, 0xF81F, 0xF81F, 0xF81F, 0xF81F, 0xF81F, 0xF81F,
    0xF81F, 0xF81F, 0xF81F, 0xF81F, 0xF81F, 0xF81F, 0xF81F, 0xF81F, 0xF81F, 0xF81F, 0xF81F, 0xF81F,
    0xF81F, 0xF81F, 0xF81F, 0xF81F, 0xF81F, 0xF81F, 0xF81F, 0xF81F, 0xF81F, 0xF81F, 0xF81F, 0xF81F,
    0xF81F, 0xF81F, 0xF81F, 0xF81F, 0xF81F, 0xF81F, 0xF81F, 0xF81F, 0xF81F, 0xF81F, 0xF81F, 0xF81F,
    0xF81F, 0xF81F, 0xF81F, 0xF81F, 0xF81F, 0x0000, 0x0000, 0x0000, 0xF7BE, 0xFFFF, 0xFFFF, 0xFFDF,
    0xFFFF, 0xFFFF, 0xFFFF, 0xFFDF, 0xFFDF, 0xFFFF, 0xF7BE, 0xFFFF, 0xFFFF, 0xFFFF, 0xFFFF, 0xFFFF,
    0xFFFF, 0xFFFF, 0xFFFF, 0xFFFF, 0xFFFF, 0xFFFF, 0xFFDF, 0xF7BE, 0xE73C, 0x8430, 0x18E3, 0x8430,
    0x2965, 0x7BCF, 0xEF5D, 0xAD55, 0x2945, 0x0000, 0x0000, 0x0000, 0xF81F, 0xF81F, 0xF81F, 0xF81F,
    0xF81F, 0xF81F, 0xF81F, 0xF81F, 0xF81F, 0xF81F, 0xF81F, 0xF81F, 0xF81F, 0xF81F, 0xF81F, 0xF81F,
    0xF81F, 0xF81F, 0xF81F, 0xF81F, 0xF81F, 0xF81F, 0xF81F, 0xF81F, 0xF81F, 0xF81F, 0xF81F, 0xF81F,
    0xF81F, 0xF81F, 0xF81F, 0xF81F, 0xF81F, 0xF81F, 0xF81F, 0xF81F, 0xF81F, 0xF81F, 0xF81F, 0xF81F,
    0xF81F, 0xF81F, 0xF81F, 0xF81F, 0xF81F, 0xF81F, 0xF81F, 0xF81F, 0xF81F, 0xF81F, 0xF81F, 0xF81F,
    0xF81F, 0xF81F, 0xF81F, 0xF81F, 0xF81F, 0xF81F, 0xF81F, 0xF81F, 0xF81F, 0xF81F, 0xF81F, 0xF81F,
    0xF81F, 0xF81F, 0xF81F, 0xF81F, 0xF81F, 0xF81F, 0xF81F, 0x0000, 0x0000, 0x0000, 0xEF5D, 0xF7BE,
    0xFFFF, 0xF7BE, 0xFFDF, 0xFFFF, 0xFFFF, 0xFFFF, 0xFFFF, 0xFFFF, 0xFFFF, 0xFFFF, 0xFFFF, 0xFFFF,
    0xFFFF, 0xFFFF, 0xFFDF, 0xFFDF, 0xFFFF, 0xFFFF, 0xFFDF, 0xF7BE, 0xF7BE, 0xC618, 0x6B6D, 0x0000,
    0xC638, 0xDEDB, 0x31A6, 0x6B6D, 0x8C71, 0x0000, 0x0000, 0x0000, 0x0000, 0xF81F, 0xF81F, 0xF81F,
    0xF81F, 0xF81F, 0xF81F, 0xF81F, 0xF81F, 0xF81F, 0xF81F, 0xF81F, 0xF81F, 0xF81F, 0xF81F, 0xF81F,
    0xF81F, 0xF81F, 0xF81F, 0xF81F, 0xF81F, 0xF81F, 0xF81F, 0xF81F, 0xF81F, 0xF81F, 0xF81F, 0xF81F,
    0xF81F, 0xF81F, 0xF81F, 0xF81F, 0xF81F, 0xF81F, 0xF81F, 0xF81F, 0xF81F, 0xF81F, 0xF81F, 0xF81F,
    0xF81F, 0xF81F, 0xF81F, 0xF81F, 0xF81F, 0xF81F, 0xF81F, 0xF81F, 0xF81F, 0xF81F, 0xF81F, 0xF81F,
    0xF81F, 0xF81F, 0xF81F, 0xF81F, 0xF81F, 0xF81F, 0xF81F, 0xF81F, 0xF81F, 0xF81F, 0xF81F, 0xF81F,
    0xF81F, 0xF81F, 0xF81F, 0xF81F, 0xF81F, 0xF81F, 0xF81F, 0xF81F, 0xF81F, 0x0000, 0x0000, 0x0000,
    0xF79E, 0xFFDF, 0xFFFF, 0xFFDF, 0xFFFF, 0xFFDF, 0xFFFF, 0xFFFF, 0xFFFF, 0xFFFF, 0xFFFF, 0xFFFF,
    0xFFFF, 0xFFFF, 0xFFFF, 0xFFFF, 0xFFFF, 0xFFFF, 0xFFFF, 0xFFFF, 0xFFFF, 0xF7BE, 0xB596, 0x31A6,
    0x39C7, 0xCE59, 0xF79E, 0xDEDB, 0x39C7, 0x7BEF, 0xF7BE, 0xA514, 0x18E3, 0x0000, 0x0000, 0xF81F,
    0xF81F, 0xF81F, 0xF81F, 0xF81F, 0xF81F, 0xF81F, 0xF81F, 0xF81F, 0xF81F, 0xF81F, 0xF81F, 0xF81F,
    0xF81F, 0xF81F, 0xF81F, 0xF81F, 0xF81F, 0xF81F, 0xF81F, 0xF81F, 0xF81F, 0xF81F, 0xF81F, 0xF81F,
    0xF81F, 0xF81F, 0xF81F, 0xF81F, 0xF81F, 0xF81F, 0xF81F, 0xF81F, 0xF81F, 0xF81F, 0xF81F, 0xF81F,
    0xF81F, 0xF81F, 0xF81F, 0xF81F, 0xF81F, 0xF81F, 0xF81F, 0xF81F, 0xF81F, 0xF81F, 0xF81F, 0xF81F,
    0xF81F, 0xF81F, 0xF81F, 0xF81F, 0xF81F, 0xF81F, 0xF81F, 0xF81F, 0xF81F, 0xF81F, 0xF81F, 0xF81F,
    0xF81F, 0xF81F, 0xF81F, 0xF81F, 0xF81F, 0xF81F, 0xF81F, 0xF81F, 0xF81F, 0xF81F, 0xF81F, 0x0000,
    0x0000, 0x0000, 0xCE59, 0xEF7D, 0xFFFF, 0xFFFF, 0xFFFF, 0xFFFF, 0xFFFF, 0xFFFF, 0xFFFF, 0xFFFF,
    0xFFFF, 0xFFFF, 0xFFFF, 0xFFFF, 0xFFDF, 0xFFFF, 0xFFFF, 0xF7BE, 0xFFDF, 0xE73C, 0xCE59, 0x4228,
    0x0020, 0x8410, 0xD6BA, 0xFFFF, 0xFFDF, 0xDEFB, 0x4A69, 0x630C, 0xD6BA, 0xA534, 0x2945, 0x0000,
    0xF81F, 0xF81F, 0xF81F, 0xF81F, 0xF81F, 0xF81F, 0xF81F, 0xF81F, 0xF81F, 0xF81F, 0xF81F, 0xF81F,
    0xF81F, 0xF81F, 0xF81F, 0xF81F, 0xF81F, 0xF81F, 0xF81F, 0xF81F, 0xF81F, 0xF81F, 0xF81F, 0xF81F,
    0xF81F, 0xF81F, 0xF81F, 0xF81F, 0xF81F, 0xF81F, 0xF81F, 0xF81F, 0xF81F, 0xF81F, 0xF81F, 0xF81F,
    0xF81F, 0xF81F, 0xF81F, 0xF81F, 0xF81F, 0xF81F, 0xF81F, 0xF81F, 0xF81F, 0xF81F, 0xF81F, 0xF81F,
    0xF81F, 0xF81F, 0xF81F, 0xF81F, 0xF81F, 0xF81F, 0xF81F, 0xF81F, 0xF81F, 0xF81F, 0xF81F, 0xF81F,
    0xF81F, 0xF81F, 0xF81F, 0xF81F, 0xF81F, 0xF81F, 0xF81F, 0xF81F, 0xF81F, 0xF81F, 0xF81F, 0xF81F,
    0xF81F, 0x0000, 0x0000, 0x0020, 0x0841, 0x73AE, 0xB596, 0xF7BE, 0xFFFF, 0xF7BE, 0xFFFF, 0xFFFF,
    0xFFFF, 0xFFFF, 0xFFFF, 0xFFFF, 0xFFFF, 0xFFFF, 0xFFDF, 0xFFFF, 0xF7BE, 0xEF5D, 0x9CD3, 0x738E,
    0x0020, 0x4A69, 0xBDD7, 0xF79E, 0xFFFF, 0xFFFF, 0xFFFF, 0xEF5D, 0x632C, 0x1082, 0x2945, 0x0000,
    0x0000, 0x0000, 0xF81F, 0xF81F, 0xF81F, 0xF81F, 0xF81F, 0xF81F, 0xF81F, 0xF81F, 0xF81F, 0xF81F,
    0xF81F, 0xF81F, 0xF81F, 0xF81F, 0xF81F, 0xF81F, 0xF81F, 0xF81F, 0xF81F, 0xF81F, 0xF81F, 0xF81F,
    0xF81F, 0xF81F, 0xF81F, 0xF81F, 0xF81F, 0xF81F, 0xF81F, 0xF81F, 0xF81F, 0xF81F, 0xF81F, 0xF81F,
    0xF81F, 0xF81F, 0xF81F, 0xF81F, 0xF81F, 0xF81F, 0xF81F, 0xF81F, 0xF81F, 0xF81F, 0xF81F, 0xF81F,
    0xF81F, 0xF81F, 0xF81F, 0xF81F, 0xF81F, 0xF81F, 0xF81F, 0xF81F, 0xF81F, 0xF81F, 0xF81F, 0xF81F,
    0xF81F, 0xF81F, 0xF81F, 0xF81F, 0xF81F, 0xF81F, 0xF81F, 0xF81F, 0xF81F, 0xF81F, 0xF81F, 0xF81F,
    0xF81F, 0xF81F, 0xF81F, 0x0000, 0x0000, 0x5AEB, 0x8410, 0x528A, 0x2965, 0x4A49, 0x6B6D, 0xA514,
    0xEF7D, 0xEF7D, 0xEF7D, 0xEF7D, 0xEF5D, 0xEF7D, 0xEF7D, 0xF79E, 0xBDD7, 0x7BCF, 0x4A69, 0x39C7,
    0x2965, 0x52AA, 0xB596, 0xF7BE, 0xFFFF, 0xFFFF, 0xFFFF, 0xFFFF, 0xFFFF, 0xEF5D, 0x6B4D, 0x0000,
    0x0000, 0x0000, 0x0000, 0xF81F, 0xF81F, 0xF81F, 0xF81F, 0xF81F, 0xF81F, 0xF81F, 0xF81F, 0xF81F,
    0xF81F, 0xF81F, 0xF81F, 0xF81F, 0xF81F, 0xF81F, 0xF81F, 0xF81F, 0xF81F, 0xF81F, 0xF81F, 0xF81F,
    0xF81F, 0xF81F, 0xF81F, 0xF81F, 0xF81F, 0xF81F, 0xF81F, 0xF81F, 0xF81F, 0xF81F, 0xF81F, 0xF81F,
    0xF81F, 0xF81F, 0xF81F, 0xF81F, 0xF81F, 0xF81F, 0xF81F, 0xF81F, 0xF81F, 0xF81F, 0xF81F, 0xF81F,
    0xF81F, 0xF81F, 0xF81F, 0xF81F, 0xF81F, 0xF81F, 0xF81F, 0xF81F, 0xF81F, 0xF81F, 0xF81F, 0xF81F,
    0xF81F, 0xF81F, 0xF81F, 0xF81F, 0xF81F, 0xF81F, 0xF81F, 0xF81F, 0xF81F, 0xF81F, 0xF81F, 0xF81F,
    0xF81F, 0xF81F, 0xF81F, 0xF81F, 0xF81F, 0x0000, 0x0000, 0xAD55, 0xF7BE, 0xEF5D, 0xB596, 0xA514,
    0x4228, 0x0000, 0x0000, 0x0000, 0x0000, 0x0000, 0x0000, 0x0000, 0x0000, 0x0000, 0x0000, 0x2945,
    0x7BCF, 0xA534, 0xCE59, 0xF7BE, 0xFFFF, 0xFFFF, 0xFFFF, 0xFFFF, 0xFFFF, 0xFFFF, 0xFFFF, 0xEF5D,
    0x6B4D, 0x0000, 0xF81F, 0xF81F, 0xF81F, 0xF81F, 0xF81F, 0xF81F, 0xF81F, 0xF81F, 0xF81F, 0xF81F,
    0xF81F, 0xF81F, 0xF81F, 0xF81F, 0xF81F, 0xF81F, 0xF81F, 0xF81F, 0xF81F, 0xF81F, 0xF81F, 0xF81F,
    0xF81F, 0xF81F, 0xF81F, 0xF81F, 0xF81F, 0xF81F, 0xF81F, 0xF81F, 0xF81F, 0xF81F, 0xF81F, 0xF81F,
    0xF81F, 0xF81F, 0xF81F, 0xF81F, 0xF81F, 0xF81F, 0xF81F, 0xF81F, 0xF81F, 0xF81F, 0xF81F, 0xF81F,
    0xF81F, 0xF81F, 0xF81F, 0xF81F, 0xF81F, 0xF81F, 0xF81F, 0xF81F, 0xF81F, 0xF81F, 0xF81F, 0xF81F,
    0xF81F, 0xF81F, 0xF81F, 0xF81F, 0xF81F, 0xF81F, 0xF81F, 0xF81F, 0xF81F, 0xF81F, 0xF81F, 0xF81F,
    0xF81F, 0xF81F, 0xF81F, 0xF81F, 0xF81F, 0xF81F, 0xF81F, 0x0000, 0x0000, 0xCE59, 0xFFFF, 0xF7BE,
    0xFFFF, 0xF7BE, 0xE73C, 0xDEDB, 0xDEFB, 0xCE79, 0xB596, 0x9CD3, 0x94B2, 0x9CF3, 0xD6BA, 0xDEFB,
    0xDEFB, 0xE71C, 0xEF5D, 0xFFFF, 0xFFFF, 0xF7BE, 0xFFFF, 0xFFFF, 0xFFFF, 0xFFFF, 0xFFFF, 0xFFFF,
    0xFFDF, 0xEF5D, 0x6B4D, 0x0000, 0xF81F, 0xF81F, 0xF81F, 0xF81F, 0xF81F, 0xF81F, 0xF81F, 0xF81F,
    0xF81F, 0xF81F, 0xF81F, 0xF81F, 0xF81F, 0xF81F, 0xF81F, 0xF81F, 0xF81F, 0xF81F, 0xF81F, 0xF81F,
    0xF81F, 0xF81F, 0xF81F, 0xF81F, 0xF81F, 0xF81F, 0xF81F, 0xF81F, 0xF81F, 0xF81F, 0xF81F, 0xF81F,
    0xF81F, 0xF81F, 0xF81F, 0xF81F, 0xF81F, 0xF81F, 0xF81F, 0xF81F, 0xF81F, 0xF81F, 0xF81F, 0xF81F,
    0xF81F, 0xF81F, 0xF81F, 0xF81F, 0xF81F, 0xF81F, 0xF81F, 0xF81F, 0xF81F, 0xF81F, 0xF81F, 0xF81F,
    0xF81F, 0xF81F, 0xF81F, 0xF81F, 0xF81F, 0xF81F, 0xF81F, 0xF81F, 0xF81F, 0xF81F, 0xF81F, 0xF81F,
    0xF81F, 0xF81F, 0xF81F, 0xF81F, 0xF81F, 0xF81F, 0xF81F, 0xF81F, 0x0000, 0x0000, 0x18C3, 0xD69A,
    0xF7BE, 0xFFFF, 0xF7BE, 0xFFFF, 0xF7BE, 0xFFFF, 0xFFDF, 0xF7BE, 0xF7BE, 0xF7BE, 0xFFDF, 0xF7BE,
    0xFFFF, 0xFFFF, 0xF79E, 0xA534, 0xBDF7, 0xFFFF, 0xF7BE, 0xFFDF, 0xFFFF, 0xFFDF, 0xFFFF, 0xFFFF,
    0xFFFF, 0xFFFF, 0xFFDF, 0xEF5D, 0x6B4D, 0x0000, 0xF81F, 0xF81F, 0xF81F, 0xF81F, 0xF81F, 0xF81F,
    0xF81F, 0xF81F, 0xF81F, 0xF81F, 0xF81F, 0xF81F, 0xF81F, 0xF81F, 0xF81F, 0xF81F, 0xF81F, 0xF81F,
    0xF81F, 0xF81F, 0xF81F, 0xF81F, 0xF81F, 0xF81F, 0xF81F, 0xF81F, 0xF81F, 0xF81F, 0xF81F, 0xF81F,
    0xF81F, 0xF81F, 0xF81F, 0xF81F, 0xF81F, 0xF81F, 0xF81F, 0xF81F, 0xF81F, 0xF81F, 0xF81F, 0xF81F,
    0xF81F, 0xF81F, 0xF81F, 0xF81F, 0xF81F, 0xF81F, 0xF81F, 0xF81F, 0xF81F, 0xF81F, 0xF81F, 0xF81F,
    0xF81F, 0xF81F, 0xF81F, 0xF81F, 0xF81F, 0xF81F, 0xF81F, 0xF81F, 0xF81F, 0xF81F, 0xF81F, 0xF81F,
    0xF81F, 0xF81F, 0xF81F, 0xF81F, 0xF81F, 0xF81F, 0xF81F, 0xF81F, 0xF81F, 0xF81F, 0xF81F, 0x0000,
    0x4A49, 0xDEFB, 0xFFDF, 0xFFFF, 0xFFFF, 0xFFFF, 0xFFFF, 0xFFFF, 0xFFFF, 0xFFFF, 0xFFFF, 0xFFFF,
    0xFFFF, 0xFFDF, 0xFFFF, 0xFFFF, 0x9CD3, 0x4A49, 0xDEFB, 0xFFFF, 0xFFFF, 0xFFFF, 0xFFFF, 0xFFFF,
    0xFFFF, 0xFFFF, 0xFFFF, 0xFFFF, 0xF7BE, 0xE71C, 0x5AEB, 0x0000, 0xF81F, 0xF81F, 0xF81F, 0xF81F,
    0xF81F, 0xF81F, 0xF81F, 0xF81F, 0xF81F, 0xF81F, 0xF81F, 0xF81F, 0xF81F, 0xF81F, 0xF81F, 0xF81F,
    0xF81F, 0xF81F, 0xF81F, 0xF81F, 0xF81F, 0xF81F, 0xF81F, 0xF81F, 0xF81F, 0xF81F, 0xF81F, 0xF81F,
    0xF81F, 0xF81F, 0xF81F, 0xF81F, 0xF81F, 0xF81F, 0xF81F, 0xF81F, 0xF81F, 0xF81F, 0xF81F, 0xF81F,
    0xF81F, 0xF81F, 0xF81F, 0xF81F, 0xF81F, 0xF81F, 0xF81F, 0xF81F, 0xF81F, 0xF81F, 0xF81F, 0xF81F,
    0xF81F, 0xF81F, 0xF81F, 0xF81F, 0xF81F, 0xF81F, 0xF81F, 0xF81F, 0xF81F, 0xF81F, 0xF81F, 0xF81F,
    0xF81F, 0xF81F, 0xF81F, 0xF81F, 0xF81F, 0xF81F, 0xF81F, 0xF81F, 0xF81F, 0xF81F, 0xF81F, 0xF81F,
    0x0000, 0x0000, 0x8430, 0xFFDF, 0xFFDF, 0xFFFF, 0xFFFF, 0xFFFF, 0xFFFF, 0xFFFF, 0xFFFF, 0xFFFF,
    0xFFFF, 0xFFFF, 0xFFDF, 0xFFDF, 0xFFFF, 0xDEFB, 0x528A, 0x8410, 0xFFDF, 0xFFDF, 0xFFFF, 0xFFFF,
    0xFFFF, 0xFFFF, 0xFFFF, 0xFFFF, 0xFFFF, 0xFFFF, 0xFFFF, 0xDEFB, 0x4208, 0x0000, 0xF81F, 0xF81F,
    0xF81F, 0xF81F, 0xF81F, 0xF81F, 0xF81F, 0xF81F, 0xF81F, 0xF81F, 0xF81F, 0xF81F, 0xF81F, 0xF81F,
    0xF81F, 0xF81F, 0xF81F, 0xF81F, 0xF81F, 0xF81F, 0xF81F, 0xF81F, 0xF81F, 0xF81F, 0xF81F, 0xF81F,
    0xF81F, 0xF81F, 0xF81F, 0xF81F, 0xF81F, 0xF81F, 0xF81F, 0xF81F, 0xF81F, 0xF81F, 0xF81F, 0xF81F,
    0xF81F, 0xF81F, 0xF81F, 0xF81F, 0xF81F, 0xF81F, 0xF81F, 0xF81F, 0xF81F, 0xF81F, 0xF81F, 0xF81F,
    0xF81F, 0xF81F, 0xF81F, 0xF81F, 0xF81F, 0xF81F, 0xF81F, 0xF81F, 0xF81F, 0xF81F, 0xF81F, 0xF81F,
    0xF81F, 0xF81F, 0xF81F, 0xF81F, 0xF81F, 0xF81F, 0xF81F, 0xF81F, 0xF81F, 0xF81F, 0xF81F, 0xF81F,
    0xF81F, 0xF81F, 0x0000, 0x0020, 0x9492, 0xFFFF, 0xFFFF, 0xFFDF, 0xFFFF, 0xFFFF, 0xFFFF, 0xFFFF,
    0xFFFF, 0xFFFF, 0xFFFF, 0xFFFF, 0xFFFF, 0xFFDF, 0xFFDF, 0xBDF7, 0x18C3, 0xC638, 0xFFDF, 0xF7BE,
    0xFFFF, 0xFFFF, 0xFFFF, 0xFFFF, 0xFFFF, 0xFFFF, 0xFFFF, 0xFFFF, 0xFFFF, 0xDEFB, 0x3186, 0x0000,
    0xF81F, 0xF81F, 0xF81F, 0xF81F, 0xF81F, 0xF81F, 0xF81F, 0xF81F, 0xF81F, 0xF81F, 0xF81F, 0xF81F,
    0xF81F, 0xF81F, 0xF81F, 0xF81F, 0xF81F, 0xF81F, 0xF81F, 0xF81F, 0xF81F, 0xF81F, 0xF81F, 0xF81F,
    0xF81F, 0xF81F, 0xF81F, 0xF81F, 0xF81F, 0xF81F, 0xF81F, 0xF81F, 0xF81F, 0xF81F, 0xF81F, 0xF81F,
    0xF81F, 0xF81F, 0xF81F, 0xF81F, 0xF81F, 0xF81F, 0xF81F, 0xF81F, 0xF81F, 0xF81F, 0xF81F, 0xF81F,
    0xF81F, 0xF81F, 0xF81F, 0xF81F, 0xF81F, 0xF81F, 0xF81F, 0xF81F, 0xF81F, 0xF81F, 0xF81F, 0xF81F,
    0xF81F, 0xF81F, 0xF81F, 0xF81F, 0xF81F, 0xF81F, 0xF81F, 0xF81F, 0xF81F, 0xF81F, 0xF81F, 0xF81F,
    0xF81F, 0xF81F, 0xF81F, 0xF81F, 0x0000, 0x10A2, 0xB596, 0xFFFF, 0xFFFF, 0xFFFF, 0xFFFF, 0xFFFF,
    0xFFFF, 0xFFFF, 0xFFFF, 0xFFFF, 0xFFFF, 0xFFFF, 0xFFFF, 0xFFFF, 0xF79E, 0x7BCF, 0x4228, 0xF79E,
    0xFFFF, 0xFFDF, 0xFFFF, 0xFFFF, 0xFFFF, 0xFFFF, 0xFFFF, 0xFFFF, 0xFFFF, 0xFFFF, 0xFFDF, 0xDEFB,
    0x31A6, 0x0000, 0xF81F, 0xF81F, 0xF81F, 0xF81F, 0xF81F, 0xF81F, 0xF81F, 0xF81F, 0xF81F, 0xF81F,
    0xF81F, 0xF81F, 0xF81F, 0xF81F, 0xF81F, 0xF81F, 0xF81F, 0xF81F, 0xF81F, 0xF81F, 0xF81F, 0xF81F,
    0xF81F, 0xF81F, 0xF81F, 0xF81F, 0xF81F, 0xF81F, 0xF81F, 0xF81F, 0xF81F, 0xF81F, 0xF81F, 0xF81F,
    0xF81F, 0xF81F, 0xF81F, 0xF81F, 0xF81F, 0xF81F, 0xF81F, 0xF81F, 0xF81F, 0xF81F, 0xF81F, 0xF81F,
    0xF81F, 0xF81F, 0xF81F, 0xF81F, 0xF81F, 0xF81F, 0xF81F, 0xF81F, 0xF81F, 0xF81F, 0xF81F, 0xF81F,
    0xF81F, 0xF81F, 0xF81F, 0xF81F, 0xF81F, 0xF81F, 0xF81F, 0xF81F, 0xF81F, 0xF81F, 0xF81F, 0xF81F,
    0xF81F, 0xF81F, 0xF81F, 0xF81F, 0xF81F, 0x0000, 0x0000, 0x3186, 0xD6BA, 0xFFDF, 0xFFDF, 0xFFDF,
    0xFFFF, 0xFFFF, 0xFFFF, 0xFFFF, 0xFFFF, 0xFFFF, 0xFFFF, 0xFFFF, 0xFFFF, 0xFFFF, 0xDEFB, 0x0000,
    0xCE59, 0xF7BE, 0xFFFF, 0xFFFF, 0xFFFF, 0xFFFF, 0xFFFF, 0xFFFF, 0xFFFF, 0xFFFF, 0xFFFF, 0xFFFF,
    0xFFDF, 0xDEFB, 0x3186, 0x0000, 0xF81F, 0xF81F, 0xF81F, 0xF81F, 0xF81F, 0xF81F, 0xF81F, 0xF81F,
    0xF81F, 0xF81F, 0xF81F, 0xF81F, 0xF81F, 0xF81F, 0xF81F, 0xF81F, 0xF81F, 0xF81F, 0xF81F, 0xF81F,
    0xF81F, 0xF81F, 0xF81F, 0xF81F, 0xF81F, 0xF81F, 0xF81F, 0xF81F, 0xF81F, 0xF81F, 0xF81F, 0xF81F,
    0xF81F, 0xF81F, 0xF81F, 0xF81F, 0xF81F, 0xF81F, 0xF81F, 0xF81F, 0xF81F, 0xF81F, 0xF81F, 0xF81F,
    0xF81F, 0xF81F, 0xF81F, 0xF81F, 0xF81F, 0xF81F, 0xF81F, 0xF81F, 0xF81F, 0xF81F, 0xF81F, 0xF81F,
    0xF81F, 0xF81F, 0xF81F, 0xF81F, 0xF81F, 0xF81F, 0xF81F, 0xF81F, 0xF81F, 0xF81F, 0xF81F, 0xF81F,
    0xF81F, 0xF81F, 0xF81F, 0xF81F, 0xF81F, 0xF81F, 0xF81F, 0x0000, 0x0000, 0x4A49, 0xFFFF, 0xFFFF,
    0xF7BE, 0xFFFF, 0xFFFF, 0xFFFF, 0xFFFF, 0xFFFF, 0xFFFF, 0xFFFF, 0xFFFF, 0xFFFF, 0xFFFF, 0xFFFF,
    0x7BEF, 0x0000, 0xBDF7, 0xF7BE, 0xFFDF, 0xFFFF, 0xFFFF, 0xFFFF, 0xFFFF, 0xFFFF, 0xFFFF, 0xFFFF,
    0xFFFF, 0xFFFF, 0xFFDF, 0xDEDB, 0x2965, 0x0000, 0xF81F, 0xF81F, 0xF81F, 0xF81F, 0xF81F, 0xF81F,
    0xF81F, 0xF81F, 0xF81F, 0xF81F, 0xF81F, 0xF81F, 0xF81F, 0xF81F, 0xF81F, 0xF81F, 0xF81F, 0xF81F,
    0xF81F, 0xF81F, 0xF81F, 0xF81F, 0xF81F, 0xF81F, 0xF81F, 0xF81F, 0xF81F, 0xF81F, 0xF81F, 0xF81F,
    0xF81F, 0xF81F, 0xF81F, 0xF81F, 0xF81F, 0xF81F, 0xF81F, 0xF81F, 0xF81F, 0xF81F, 0xF81F, 0xF81F,
    0xF81F, 0xF81F, 0xF81F, 0xF81F, 0xF81F, 0xF81F, 0xF81F, 0xF81F, 0xF81F, 0xF81F, 0xF81F, 0xF81F,
    0xF81F, 0xF81F, 0xF81F, 0xF81F, 0xF81F, 0xF81F, 0xF81F, 0xF81F, 0xF81F, 0xF81F, 0xF81F, 0xF81F,
    0xF81F, 0xF81F, 0xF81F, 0xF81F, 0xF81F, 0xF81F, 0xF81F, 0xF81F, 0xF81F, 0x0000, 0x0000, 0x738E,
    0xFFFF, 0xFFFF, 0xFFFF, 0xFFFF, 0xFFFF, 0xFFFF, 0xFFFF, 0xFFFF, 0xFFFF, 0xFFFF, 0xFFFF, 0xFFFF,
    0xFFDF, 0xEF7D, 0x31A6, 0x0000, 0x8430, 0xFFFF, 0xFFFF, 0xFFFF, 0xFFFF, 0xFFFF, 0xFFFF, 0xFFFF,
    0xFFFF, 0xFFFF, 0xFFFF, 0xFFFF, 0xFFFF, 0xDEDB, 0x0020, 0x0000, 0xF81F, 0xF81F, 0xF81F, 0xF81F,
    0xF81F, 0xF81F, 0xF81F, 0xF81F, 0xF81F, 0xF81F, 0xF81F, 0xF81F, 0xF81F, 0xF81F, 0xF81F, 0xF81F,
    0xF81F, 0xF81F, 0xF81F, 0xF81F, 0xF81F, 0xF81F, 0xF81F, 0xF81F, 0xF81F, 0xF81F, 0xF81F, 0xF81F,
    0xF81F, 0xF81F, 0xF81F, 0xF81F, 0xF81F, 0xF81F, 0xF81F, 0xF81F, 0xF81F, 0xF81F, 0xF81F, 0xF81F,
    0xF81F, 0xF81F, 0xF81F, 0xF81F, 0xF81F, 0xF81F, 0xF81F, 0xF81F, 0xF81F, 0xF81F, 0xF81F, 0xF81F,
    0xF81F, 0xF81F, 0xF81F, 0xF81F, 0xF81F, 0xF81F, 0xF81F, 0xF81F, 0xF81F, 0xF81F, 0xF81F, 0xF81F,
    0xF81F, 0xF81F, 0xF81F, 0xF81F, 0xF81F, 0xF81F, 0xF81F, 0xF81F, 0xF81F, 0xF81F, 0xF81F, 0x0000,
    0x0000, 0xBDD7, 0xFFDF, 0xFFFF, 0xFFFF, 0xFFFF, 0xFFFF, 0xFFFF, 0xFFFF, 0xFFFF, 0xFFFF, 0xFFFF,
    0xFFFF, 0xFFFF, 0xFFFF, 0xA514, 0x10A2, 0x0000, 0x630C, 0xFFDF, 0xFFFF, 0xFFDF, 0xFFFF, 0xFFFF,
    0xFFFF, 0xFFFF, 0xFFFF, 0xFFFF, 0xFFFF, 0xFFFF, 0xFFFF, 0xD6BA, 0x0000, 0x0000, 0xF81F, 0xF81F,
    0xF81F, 0xF81F, 0xF81F, 0xF81F, 0xF81F, 0xF81F, 0xF81F, 0xF81F, 0xF81F, 0xF81F, 0xF81F, 0xF81F,
    0xF81F, 0xF81F, 0xF81F, 0xF81F, 0xF81F, 0xF81F, 0xF81F, 0xF81F, 0xF81F, 0xF81F, 0xF81F, 0xF81F,
    0xF81F, 0xF81F, 0xF81F, 0xF81F, 0xF81F, 0xF81F, 0xF81F, 0xF81F, 0xF81F, 0xF81F, 0xF81F, 0xF81F,
    0xF81F, 0xF81F, 0xF81F, 0xF81F, 0xF81F, 0xF81F, 0xF81F, 0xF81F, 0xF81F, 0xF81F, 0xF81F, 0xF81F,
    0xF81F, 0xF81F, 0xF81F, 0xF81F, 0xF81F, 0xF81F, 0xF81F, 0xF81F, 0xF81F, 0xF81F, 0xF81F, 0xF81F,
    0xF81F, 0xF81F, 0xF81F, 0xF81F, 0xF81F, 0xF81F, 0xF81F, 0xF81F, 0xF81F, 0xF81F, 0xF81F, 0xF81F,
    0x0000, 0x0000, 0x0000, 0xE73C, 0xFFFF, 0xFFFF, 0xFFFF, 0xFFFF, 0xFFFF, 0xFFFF, 0xFFFF, 0xFFFF,
    0xFFFF, 0xFFFF, 0xFFFF, 0xFFFF, 0xF7BE, 0x7BEF, 0x0000, 0x0000, 0x5ACB, 0xFFFF, 0xFFFF, 0xFFFF,
    0xFFFF, 0xFFFF, 0xFFFF, 0xFFFF, 0xFFFF, 0xFFFF, 0xFFFF, 0xFFFF, 0xFFFF, 0xDEDB, 0x0000, 0x0000,
    0xF81F, 0xF81F, 0xF81F, 0xF81F, 0xF81F, 0xF81F, 0xF81F, 0xF81F, 0xF81F, 0xF81F, 0xF81F, 0xF81F,
    0xF81F, 0xF81F, 0xF81F, 0xF81F, 0xF81F, 0xF81F, 0xF81F, 0xF81F, 0xF81F, 0xF81F, 0xF81F, 0xF81F,
    0xF81F, 0xF81F, 0xF81F, 0xF81F, 0xF81F, 0xF81F, 0xF81F, 0xF81F, 0xF81F, 0xF81F, 0xF81F, 0xF81F,
    0xF81F, 0xF81F, 0xF81F, 0xF81F, 0xF81F, 0xF81F, 0xF81F, 0xF81F, 0xF81F, 0xF81F, 0xF81F, 0xF81F,
    0xF81F, 0xF81F, 0xF81F, 0xF81F, 0xF81F, 0xF81F, 0xF81F, 0xF81F, 0xF81F, 0xF81F, 0xF81F, 0xF81F,
    0xF81F, 0xF81F, 0xF81F, 0xF81F, 0xF81F, 0xF81F, 0xF81F, 0xF81F, 0xF81F, 0xF81F, 0xF81F, 0xF81F,
    0xF81F, 0xF81F, 0x0000, 0x0000, 0x39E7, 0xEF5D, 0xFFFF, 0xFFFF, 0xFFFF, 0xFFFF, 0xFFFF, 0xFFFF,
    0xFFFF, 0xFFFF, 0xFFDF, 0xFFFF, 0xFFFF, 0xFFDF, 0xCE79, 0x2945, 0x0000, 0x0000, 0x2965, 0xFFDF,
    0xFFFF, 0xF7BE, 0xFFFF, 0xFFFF, 0xFFFF, 0xFFFF, 0xFFFF, 0xFFFF, 0xFFFF, 0xFFFF, 0xFFDF, 0xCE79,
    0x0000, 0x0000, 0xF81F, 0xF81F, 0xF81F, 0xF81F, 0xF81F, 0xF81F, 0xF81F, 0xF81F, 0xF81F, 0xF81F,
    0xF81F, 0xF81F, 0xF81F, 0xF81F, 0xF81F, 0xF81F, 0xF81F, 0xF81F, 0xF81F, 0xF81F, 0xF81F, 0xF81F,
    0xF81F, 0xF81F, 0xF81F, 0xF81F, 0xF81F, 0xF81F, 0xF81F, 0xF81F, 0xF81F, 0xF81F, 0xF81F, 0xF81F,
    0xF81F, 0xF81F, 0xF81F, 0xF81F, 0xF81F, 0xF81F, 0xF81F, 0xF81F, 0xF81F, 0xF81F, 0xF81F, 0xF81F,
    0xF81F, 0xF81F, 0xF81F, 0xF81F, 0xF81F, 0xF81F, 0xF81F, 0xF81F, 0xF81F, 0xF81F, 0xF81F, 0xF81F,
    0xF81F, 0xF81F, 0xF81F, 0xF81F, 0xF81F, 0xF81F, 0xF81F, 0xF81F, 0xF81F, 0xF81F, 0xF81F, 0xF81F,
    0xF81F, 0xF81F, 0xF81F, 0xF81F, 0x0000, 0x0000, 0x9CD3, 0xF7BE, 0xFFFF, 0xFFFF, 0xFFFF, 0xFFFF,
    0xFFFF, 0xFFFF, 0xFFFF, 0xFFFF, 0xFFDF, 0xFFFF, 0xFFDF, 0xF7BE, 0xAD75, 0x0000, 0x0000, 0x0000,
    0x2965, 0xFFDF, 0xFFDF, 0xFFFF, 0xFFFF, 0xFFFF, 0xFFFF, 0xFFFF, 0xFFFF, 0xFFFF, 0xFFFF, 0xFFFF,
    0xF7BE, 0x9CD3, 0x0000, 0x0000, 0xF81F, 0xF81F, 0xF81F, 0xF81F, 0xF81F, 0xF81F, 0xF81F, 0xF81F,
    0xF81F, 0xF81F, 0xF81F, 0xF81F, 0xF81F, 0xF81F, 0xF81F, 0xF81F, 0xF81F, 0xF81F, 0xF81F, 0xF81F,
    0xF81F, 0xF81F, 0xF81F, 0xF81F, 0xF81F, 0xF81F, 0xF81F, 0xF81F, 0xF81F, 0xF81F, 0xF81F, 0xF81F,
    0xF81F, 0xF81F, 0xF81F, 0xF81F, 0xF81F, 0xF81F, 0xF81F, 0xF81F, 0xF81F, 0xF81F, 0xF81F, 0xF81F,
    0xF81F, 0xF81F, 0xF81F, 0xF81F, 0xF81F, 0xF81F, 0xF81F, 0xF81F, 0xF81F, 0xF81F, 0xF81F, 0xF81F,
    0xF81F, 0xF81F, 0xF81F, 0xF81F, 0xF81F, 0xF81F, 0xF81F, 0xF81F, 0xF81F, 0xF81F, 0xF81F, 0xF81F,
    0xF81F, 0xF81F, 0xF81F, 0xF81F, 0xF81F, 0xF81F, 0x0000, 0x0000, 0xC638, 0xFFDF, 0xFFFF, 0xFFFF,
    0xFFFF, 0xFFFF, 0xFFFF, 0xFFFF, 0xFFFF, 0xFFFF, 0xFFDF, 0xFFFF, 0xFFDF, 0xEF7D, 0x39E7, 0x0000,
    0x0000, 0x0000, 0x3186, 0xF7BE, 0xFFFF, 0xFFFF, 0xFFFF, 0xFFFF, 0xFFFF, 0xFFFF, 0xFFFF, 0xFFFF,
    0xFFFF, 0xFFFF, 0xF7BE, 0x5AEB, 0x0000, 0x0000, 0xF81F, 0xF81F, 0xF81F, 0xF81F, 0xF81F, 0xF81F,
    0xF81F, 0xF81F, 0xF81F, 0xF81F, 0xF81F, 0xF81F, 0xF81F, 0xF81F, 0xF81F, 0xF81F, 0xF81F, 0xF81F,
    0xF81F, 0xF81F, 0xF81F, 0xF81F, 0xF81F, 0xF81F, 0xF81F, 0xF81F, 0xF81F, 0xF81F, 0xF81F, 0xF81F,
    0xF81F, 0xF81F, 0xF81F, 0xF81F, 0xF81F, 0xF81F, 0xF81F, 0xF81F, 0xF81F, 0xF81F, 0xF81F, 0xF81F,
    0xF81F, 0xF81F, 0xF81F, 0xF81F, 0xF81F, 0xF81F, 0xF81F, 0xF81F, 0xF81F, 0xF81F, 0xF81F, 0xF81F,
    0xF81F, 0xF81F, 0xF81F, 0xF81F, 0xF81F, 0xF81F, 0xF81F, 0xF81F, 0xF81F, 0xF81F, 0xF81F, 0xF81F,
    0xF81F, 0xF81F, 0xF81F, 0xF81F, 0xF81F, 0xF81F, 0xF81F, 0xF81F, 0x0000, 0x31A6, 0xD69A, 0xF7BE,
    0xFFFF, 0xFFFF, 0xFFFF, 0xFFFF, 0xFFFF, 0xFFFF, 0xFFFF, 0xFFFF, 0xFFDF, 0xFFFF, 0xFFDF, 0xBDF7,
    0x0000, 0x0000, 0x0000, 0x0000, 0x3186, 0xFFDF, 0xFFFF, 0xFFDF, 0xFFFF, 0xFFFF, 0xFFFF, 0xFFFF,
    0xFFFF, 0xFFFF, 0xFFFF, 0xFFFF, 0xF7BE, 0x2945, 0x0000, 0x0000, 0xF81F, 0xF81F, 0xF81F, 0xF81F,
    0xF81F, 0xF81F, 0xF81F, 0xF81F, 0xF81F, 0xF81F, 0xF81F, 0xF81F, 0xF81F, 0xF81F, 0xF81F, 0xF81F,
    0xF81F, 0xF81F, 0xF81F, 0xF81F, 0xF81F, 0xF81F, 0xF81F, 0xF81F, 0xF81F, 0xF81F, 0xF81F, 0xF81F,
    0xF81F, 0xF81F, 0xF81F, 0xF81F, 0xF81F, 0xF81F, 0xF81F, 0xF81F, 0xF81F, 0xF81F, 0xF81F, 0xF81F,
    0xF81F, 0xF81F, 0xF81F, 0xF81F, 0xF81F, 0xF81F, 0xF81F, 0xF81F, 0xF81F, 0xF81F, 0xF81F, 0xF81F,
    0xF81F, 0xF81F, 0xF81F, 0xF81F, 0xF81F, 0xF81F, 0xF81F, 0xF81F, 0xF81F, 0xF81F, 0xF81F, 0xF81F,
    0xF81F, 0xF81F, 0xF81F, 0xF81F, 0xF81F, 0xF81F, 0xF81F, 0xF81F, 0xF81F, 0x0000, 0x0000, 0x8430,
    0xF7BE, 0xFFDF, 0xFFFF, 0xFFFF, 0xFFFF, 0xFFFF, 0xFFFF, 0xFFFF, 0xFFFF, 0xFFFF, 0xF7BE, 0xFFFF,
    0xFFDF, 0x630C, 0x0000, 0x0000, 0x0000, 0x0000, 0x3186, 0xF7BE, 0xFFFF, 0xFFFF, 0xFFFF, 0xFFFF,
    0xFFFF, 0xFFFF, 0xFFFF, 0xFFFF, 0xFFFF, 0xFFFF, 0xF7BE, 0x0000, 0x0000, 0x0000, 0xF81F, 0xF81F,
    0xF81F, 0xF81F, 0xF81F, 0xF81F, 0xF81F, 0xF81F, 0xF81F, 0xF81F, 0xF81F, 0xF81F, 0xF81F, 0xF81F,
    0xF81F, 0xF81F, 0xF81F, 0xF81F, 0xF81F, 0xF81F, 0xF81F, 0xF81F, 0xF81F, 0xF81F, 0xF81F, 0xF81F,
    0xF81F, 0xF81F, 0xF81F, 0xF81F, 0xF81F, 0xF81F, 0xF81F, 0xF81F, 0xF81F, 0xF81F, 0xF81F, 0xF81F,
    0xF81F, 0xF81F, 0xF81F, 0xF81F, 0xF81F, 0xF81F, 0xF81F, 0xF81F, 0xF81F, 0xF81F, 0xF81F, 0xF81F,
    0xF81F, 0xF81F, 0xF81F, 0xF81F, 0xF81F, 0xF81F, 0xF81F, 0xF81F, 0xF81F, 0xF81F, 0xF81F, 0xF81F,
    0xF81F, 0xF81F, 0xF81F, 0xF81F, 0xF81F, 0xF81F, 0xF81F, 0xF81F, 0xF81F, 0xF81F, 0xF81F, 0x0000,
    0x0841, 0x9492, 0xFFFF, 0xFFDF, 0xFFFF, 0xFFFF, 0xFFFF, 0xFFFF, 0xFFFF, 0xFFFF, 0xFFFF, 0xFFFF,
    0xFFFF, 0xF7BE, 0xD69A, 0x2945, 0x0000, 0x0000, 0x0000, 0x0000, 0x3186, 0xF7BE, 0xFFDF, 0xFFFF,
    0xFFFF, 0xFFFF, 0xFFFF, 0xFFFF, 0xFFFF, 0xFFFF, 0xFFFF, 0xFFFF, 0xB596, 0x0000, 0x0000, 0x0000,
    0xF81F, 0xF81F, 0xF81F, 0xF81F, 0xF81F, 0xF81F, 0xF81F, 0xF81F, 0xF81F, 0xF81F, 0xF81F, 0xF81F,
    0xF81F, 0xF81F, 0xF81F, 0xF81F, 0xF81F, 0xF81F, 0xF81F, 0xF81F, 0xF81F, 0xF81F, 0xF81F, 0xF81F,
    0xF81F, 0xF81F, 0xF81F, 0xF81F, 0xF81F, 0xF81F, 0xF81F, 0xF81F, 0xF81F, 0xF81F, 0xF81F, 0xF81F,
    0xF81F, 0xF81F, 0xF81F, 0xF81F, 0xF81F, 0xF81F, 0xF81F, 0xF81F, 0xF81F, 0xF81F, 0xF81F, 0xF81F,
    0xF81F, 0xF81F, 0xF81F, 0xF81F, 0xF81F, 0xF81F, 0xF81F, 0xF81F, 0xF81F, 0xF81F, 0xF81F, 0xF81F,
    0xF81F, 0xF81F, 0xF81F, 0xF81F, 0xF81F, 0xF81F, 0xF81F, 0xF81F, 0xF81F, 0xF81F, 0xF81F, 0xF81F,
    0x0000, 0x0000, 0x2124, 0xCE79, 0xFFDF, 0xFFFF, 0xFFFF, 0xFFFF, 0xFFFF, 0xFFFF, 0xFFFF, 0xFFFF,
    0xFFFF, 0xFFFF, 0xFFFF, 0xFFFF, 0x94B2, 0x0841, 0x0000, 0xF81F, 0x0000, 0x0000, 0x39C7, 0xFFDF,
    0xFFDF, 0xFFDF, 0xFFFF, 0xFFFF, 0xFFFF, 0xFFFF, 0xFFFF, 0xFFFF, 0xFFFF, 0xFFFF, 0x8430, 0x0000,
    0x0000, 0x0000, 0xF81F, 0xF81F, 0xF81F, 0xF81F, 0xF81F, 0xF81F, 0xF81F, 0xF81F, 0xF81F, 0xF81F,
    0xF81F, 0xF81F, 0xF81F, 0xF81F, 0xF81F, 0xF81F, 0xF81F, 0xF81F, 0xF81F, 0xF81F, 0xF81F, 0xF81F,
    0xF81F, 0xF81F, 0xF81F, 0xF81F, 0xF81F, 0xF81F, 0xF81F, 0xF81F, 0xF81F, 0xF81F, 0xF81F, 0xF81F,
    0xF81F, 0xF81F, 0xF81F, 0xF81F, 0xF81F, 0xF81F, 0xF81F, 0xF81F, 0xF81F, 0xF81F, 0xF81F, 0xF81F,
    0xF81F, 0xF81F, 0xF81F, 0xF81F, 0xF81F, 0xF81F, 0xF81F, 0xF81F, 0xF81F, 0xF81F, 0xF81F, 0xF81F,
    0xF81F, 0xF81F, 0xF81F, 0xF81F, 0xF81F, 0xF81F, 0xF81F, 0xF81F, 0xF81F, 0xF81F, 0xF81F, 0xF81F,
    0xF81F, 0xF81F, 0x0000, 0x0000, 0x4208, 0xF7BE, 0xFFFF, 0xFFFF, 0xFFFF, 0xFFFF, 0xFFFF, 0xFFFF,
    0xFFFF, 0xFFFF, 0xFFFF, 0xFFFF, 0xFFFF, 0xDEFB, 0x4A69, 0x0000, 0x0000, 0xF81F, 0x0000, 0x0000,
    0x5AEB, 0xFFDF, 0xFFDF, 0xFFFF, 0xFFFF, 0xFFFF, 0xFFFF, 0xFFFF, 0xFFFF, 0xFFFF, 0xFFDF, 0xFFFF,
    0x630C, 0x0000, 0x0000, 0xF81F, 0xF81F, 0xF81F, 0xF81F, 0xF81F, 0xF81F, 0xF81F, 0xF81F, 0xF81F,
    0xF81F, 0xF81F, 0xF81F, 0xF81F, 0xF81F, 0xF81F, 0xF81F, 0xF81F, 0xF81F, 0xF81F, 0xF81F, 0xF81F,
    0xF81F, 0xF81F, 0xF81F, 0xF81F, 0xF81F, 0xF81F, 0xF81F, 0xF81F, 0xF81F, 0xF81F, 0xF81F, 0xF81F,
    0xF81F, 0xF81F, 0xF81F, 0xF81F, 0xF81F, 0xF81F, 0xF81F, 0xF81F, 0xF81F, 0xF81F, 0xF81F, 0xF81F,
    0xF81F, 0xF81F, 0xF81F, 0xF81F, 0xF81F, 0xF81F, 0xF81F, 0xF81F, 0xF81F, 0xF81F, 0xF81F, 0xF81F,
    0xF81F, 0xF81F, 0xF81F, 0xF81F, 0xF81F, 0xF81F, 0xF81F, 0xF81F, 0xF81F, 0xF81F, 0xF81F, 0xF81F,
    0xF81F, 0xF81F, 0xF81F, 0xF81F, 0x0000, 0x0000, 0x8C51, 0xFFFF, 0xFFFF, 0xFFDF, 0xFFFF, 0xFFFF,
    0xFFFF, 0xFFFF, 0xFFFF, 0xFFFF, 0xFFFF, 0xFFFF, 0xFFDF, 0xC618, 0x0020, 0x0000, 0xF81F, 0xF81F,
    0x0000, 0x0000, 0x630C, 0xFFFF, 0xFFDF, 0xFFFF, 0xFFFF, 0xFFFF, 0xFFFF, 0xFFFF, 0xFFFF, 0xFFDF,
    0xFFFF, 0xEF7D, 0x528A, 0x0000, 0x0000, 0xF81F, 0xF81F, 0xF81F, 0xF81F, 0xF81F, 0xF81F, 0xF81F,
    0xF81F, 0xF81F, 0xF81F, 0xF81F, 0xF81F, 0xF81F, 0xF81F, 0xF81F, 0xF81F, 0xF81F, 0xF81F, 0xF81F,
    0xF81F, 0xF81F, 0xF81F, 0xF81F, 0xF81F, 0xF81F, 0xF81F, 0xF81F, 0xF81F, 0xF81F, 0xF81F, 0xF81F,
    0xF81F, 0xF81F, 0xF81F, 0xF81F, 0xF81F, 0xF81F, 0xF81F, 0xF81F, 0xF81F, 0xF81F, 0xF81F, 0xF81F,
    0xF81F, 0xF81F, 0xF81F, 0xF81F, 0xF81F, 0xF81F, 0xF81F, 0xF81F, 0xF81F, 0xF81F, 0xF81F, 0xF81F,
    0xF81F, 0xF81F, 0xF81F, 0xF81F, 0xF81F, 0xF81F, 0xF81F, 0xF81F, 0xF81F, 0xF81F, 0xF81F, 0xF81F,
    0xF81F, 0xF81F, 0xF81F, 0xF81F, 0xF81F, 0x0000, 0x0000, 0x0000, 0xDEDB, 0xFFFF, 0xFFFF, 0xFFFF,
    0xFFFF, 0xFFFF, 0xFFFF, 0xFFFF, 0xFFFF, 0xFFFF, 0xFFFF, 0xFFFF, 0xF79E, 0x7BCF, 0x0000, 0x0000,
    0xF81F, 0xF81F, 0x0000, 0x0000, 0x630C, 0xF7BE, 0xFFFF, 0xFFFF, 0xFFFF, 0xFFFF, 0xFFFF, 0xFFFF,
    0xFFFF, 0xFFFF, 0xFFFF, 0xBDF7, 0x2945, 0x0000, 0xF81F, 0xF81F, 0xF81F, 0xF81F, 0xF81F, 0xF81F,
    0xF81F, 0xF81F, 0xF81F, 0xF81F, 0xF81F, 0xF81F, 0xF81F, 0xF81F, 0xF81F, 0xF81F, 0xF81F, 0xF81F,
    0xF81F, 0xF81F, 0xF81F, 0xF81F, 0xF81F, 0xF81F, 0xF81F, 0xF81F, 0xF81F, 0xF81F, 0xF81F, 0xF81F,
    0xF81F, 0xF81F, 0xF81F, 0xF81F, 0xF81F, 0xF81F, 0xF81F, 0xF81F, 0xF81F, 0xF81F, 0xF81F, 0xF81F,
    0xF81F, 0xF81F, 0xF81F, 0xF81F, 0xF81F, 0xF81F, 0xF81F, 0xF81F, 0xF81F, 0xF81F, 0xF81F, 0xF81F,
    0xF81F, 0xF81F, 0xF81F, 0xF81F, 0xF81F, 0xF81F, 0xF81F, 0xF81F, 0xF81F, 0xF81F, 0xF81F, 0xF81F,
    0xF81F, 0xF81F, 0xF81F, 0xF81F, 0xF81F, 0xF81F, 0xF81F, 0x0000, 0x0000, 0x2124, 0xEF7D, 0xFFDF,
    0xFFDF, 0xFFFF, 0xFFFF, 0xFFFF, 0xFFFF, 0xFFFF, 0xFFFF, 0xFFFF, 0xFFFF, 0xFFFF, 0xE73C, 0x0000,
    0x0020, 0x0000, 0xF81F, 0xF81F, 0x0000, 0x0000, 0x9CF3, 0xFFFF, 0xFFFF, 0xFFFF, 0xFFFF, 0xFFFF,
    0xFFFF, 0xFFFF, 0xFFFF, 0xFFDF, 0xFFFF, 0xB596, 0x1082, 0x0000, 0xF81F, 0xF81F, 0xF81F, 0xF81F,
    0xF81F, 0xF81F, 0xF81F, 0xF81F, 0xF81F, 0xF81F, 0xF81F, 0xF81F, 0xF81F, 0xF81F, 0xF81F, 0xF81F,
    0xF81F, 0xF81F, 0xF81F, 0xF81F, 0xF81F, 0xF81F, 0xF81F, 0xF81F, 0xF81F, 0xF81F, 0xF81F, 0xF81F,
    0xF81F, 0xF81F, 0xF81F, 0xF81F, 0xF81F, 0xF81F, 0xF81F, 0xF81F, 0xF81F, 0xF81F, 0xF81F, 0xF81F,
    0xF81F, 0xF81F, 0xF81F, 0xF81F, 0xF81F, 0xF81F, 0xF81F, 0xF81F, 0xF81F, 0xF81F, 0xF81F, 0xF81F,
    0xF81F, 0xF81F, 0xF81F, 0xF81F, 0xF81F, 0xF81F, 0xF81F, 0xF81F, 0xF81F, 0xF81F, 0xF81F, 0xF81F,
    0xF81F, 0xF81F, 0xF81F, 0xF81F, 0xF81F, 0xF81F, 0xF81F, 0xF81F, 0xF81F, 0x0000, 0x0000, 0x630C,
    0xF7BE, 0xFFDF, 0xFFFF, 0xFFFF, 0xFFFF, 0xFFFF, 0xFFFF, 0xFFFF, 0xFFDF, 0xFFDF, 0xF7BE, 0xFFFF,
    0x8430, 0x0000, 0x0000, 0x0000, 0xF81F, 0xF81F, 0x0000, 0x0000, 0xB596, 0xF7BE, 0xFFFF, 0xFFFF,
    0xFFFF, 0xFFFF, 0xFFFF, 0xFFFF, 0xFFDF, 0xFFFF, 0xFFDF, 0x9CD3, 0x0000, 0x0000, 0xF81F, 0xF81F,
    0xF81F, 0xF81F, 0xF81F, 0xF81F, 0xF81F, 0xF81F, 0xF81F, 0xF81F, 0xF81F, 0xF81F, 0xF81F, 0xF81F,
    0xF81F, 0xF81F, 0xF81F, 0xF81F, 0xF81F, 0xF81F, 0xF81F, 0xF81F, 0xF81F, 0xF81F, 0xF81F, 0xF81F,
    0xF81F, 0xF81F, 0xF81F, 0xF81F, 0xF81F, 0xF81F, 0xF81F, 0xF81F, 0xF81F, 0xF81F, 0xF81F, 0xF81F,
    0xF81F, 0xF81F, 0xF81F, 0xF81F, 0xF81F, 0xF81F, 0xF81F, 0xF81F, 0xF81F, 0xF81F, 0xF81F, 0xF81F,
    0xF81F, 0xF81F, 0xF81F, 0xF81F, 0xF81F, 0xF81F, 0xF81F, 0xF81F, 0xF81F, 0xF81F, 0xF81F, 0xF81F,
    0xF81F, 0xF81F, 0xF81F, 0xF81F, 0xF81F, 0xF81F, 0xF81F, 0xF81F, 0xF81F, 0xF81F, 0xF81F, 0x0000,
    0x0000, 0x9CD3, 0xF7BE, 0xFFDF, 0xFFFF, 0xFFFF, 0xFFFF, 0xFFFF, 0xFFFF, 0xFFFF, 0xFFFF, 0xFFDF,
    0xFFFF, 0xE71C, 0x31A6, 0x0000, 0x0000, 0xF81F, 0xF81F, 0xF81F, 0x0000, 0x0000, 0xD6BA, 0xF7BE,
    0xFFFF, 0xFFFF, 0xFFFF, 0xFFFF, 0xFFFF, 0xFFFF, 0xFFFF, 0xFFFF, 0xEF7D, 0x6B4D, 0x0000, 0xF81F,
    0xF81F, 0xF81F, 0xF81F, 0xF81F, 0xF81F, 0xF81F, 0xF81F, 0xF81F, 0xF81F, 0xF81F, 0xF81F, 0xF81F,
    0xF81F, 0xF81F, 0xF81F, 0xF81F, 0xF81F, 0xF81F, 0xF81F, 0xF81F, 0xF81F, 0xF81F, 0xF81F, 0xF81F,
    0xF81F, 0xF81F, 0xF81F, 0xF81F, 0xF81F, 0xF81F, 0xF81F, 0xF81F, 0xF81F, 0xF81F, 0xF81F, 0xF81F,
    0xF81F, 0xF81F, 0xF81F, 0xF81F, 0xF81F, 0xF81F, 0xF81F, 0xF81F, 0xF81F, 0xF81F, 0xF81F, 0xF81F,
    0xF81F, 0xF81F, 0xF81F, 0xF81F, 0xF81F, 0xF81F, 0xF81F, 0xF81F, 0xF81F, 0xF81F, 0xF81F, 0xF81F,
    0xF81F, 0xF81F, 0xF81F, 0xF81F, 0xF81F, 0xF81F, 0xF81F, 0xF81F, 0xF81F, 0xF81F, 0xF81F, 0xF81F,
    0xF81F, 0x0000, 0x0000, 0xBDF7, 0xFFDF, 0xFFFF, 0xFFFF, 0xFFFF, 0xFFFF, 0xFFFF, 0xFFFF, 0xFFFF,
    0xF7BE, 0xFFFF, 0xFFFF, 0x94B2, 0x0841, 0x0000, 0x0000, 0xF81F, 0xF81F, 0xF81F, 0x0000, 0x0000,
    0xDEFB, 0xFFFF, 0xFFFF, 0xFFFF, 0xFFFF, 0xFFFF, 0xFFFF, 0xFFFF, 0xFFFF, 0xFFFF, 0xE71C, 0x2945,
    0x0000, 0xF81F, 0xF81F, 0xF81F, 0xF81F, 0xF81F, 0xF81F, 0xF81F, 0xF81F, 0xF81F, 0xF81F, 0xF81F,
    0xF81F, 0xF81F, 0xF81F, 0xF81F, 0xF81F, 0xF81F, 0xF81F, 0xF81F, 0xF81F, 0xF81F, 0xF81F, 0xF81F,
    0xF81F, 0xF81F, 0xF81F, 0xF81F, 0xF81F, 0xF81F, 0xF81F, 0xF81F, 0xF81F, 0xF81F, 0xF81F, 0xF81F,
    0xF81F, 0xF81F, 0xF81F, 0xF81F, 0xF81F, 0xF81F, 0xF81F, 0xF81F, 0xF81F, 0xF81F, 0xF81F, 0xF81F,
    0xF81F, 0xF81F, 0xF81F, 0xF81F, 0xF81F, 0xF81F, 0xF81F, 0xF81F, 0xF81F, 0xF81F, 0xF81F, 0xF81F,
    0xF81F, 0xF81F, 0xF81F, 0xF81F, 0xF81F, 0xF81F, 0xF81F, 0xF81F, 0xF81F, 0xF81F, 0xF81F, 0xF81F,
    0xF81F, 0xF81F, 0xF81F, 0x0000, 0x0000, 0xC618, 0xFFDF, 0xFFFF, 0xFFFF, 0xFFFF, 0xFFFF, 0xFFFF,
    0xFFFF, 0xFFFF, 0xFFDF, 0xFFFF, 0xD6BA, 0x4A69, 0x0000, 0x0000, 0x0000, 0xF81F, 0xF81F, 0xF81F,
    0x0000, 0x0000, 0xE73C, 0xFFFF, 0xFFFF, 0xFFFF, 0xFFFF, 0xFFFF, 0xFFFF, 0xFFFF, 0xF7BE, 0xFFDF,
    0xDEDB, 0x0000, 0x0000, 0xF81F, 0xF81F, 0xF81F, 0xF81F, 0xF81F, 0xF81F, 0xF81F, 0xF81F, 0xF81F,
    0xF81F, 0xF81F, 0xF81F, 0xF81F, 0xF81F, 0xF81F, 0xF81F, 0xF81F, 0xF81F, 0xF81F, 0xF81F, 0xF81F,
    0xF81F, 0xF81F, 0xF81F, 0xF81F, 0xF81F, 0xF81F, 0xF81F, 0xF81F, 0xF81F, 0xF81F, 0xF81F, 0xF81F,
    0xF81F, 0xF81F, 0xF81F, 0xF81F, 0xF81F, 0xF81F, 0xF81F, 0xF81F, 0xF81F, 0xF81F, 0xF81F, 0xF81F,
    0xF81F, 0xF81F, 0xF81F, 0xF81F, 0xF81F, 0xF81F, 0xF81F, 0xF81F, 0xF81F, 0xF81F, 0xF81F, 0xF81F,
    0xF81F, 0xF81F, 0xF81F, 0xF81F, 0xF81F, 0xF81F, 0xF81F, 0xF81F, 0xF81F, 0xF81F, 0xF81F, 0xF81F,
    0xF81F, 0xF81F, 0xF81F, 0xF81F, 0xF81F, 0x0000, 0x1082, 0xC638, 0xFFDF, 0xFFDF, 0xFFDF, 0xFFDF,
    0xFFFF, 0xFFFF, 0xFFDF, 0xFFFF, 0xFFFF, 0xF7BE, 0x738E, 0x0000, 0x0000, 0x0000, 0x0000, 0xF81F,
    0xF81F, 0xF81F, 0x0000, 0x0000, 0xA514, 0xF7BE, 0xFFFF, 0xFFDF, 0xFFFF, 0xFFFF, 0xFFFF, 0xFFDF,
    0xFFDF, 0xF7BE, 0x8410, 0x0000, 0x0000, 0x0000, 0xF81F, 0xF81F, 0xF81F, 0xF81F, 0xF81F, 0xF81F,
    0xF81F, 0xF81F, 0xF81F, 0xF81F, 0xF81F, 0xF81F, 0xF81F, 0xF81F, 0xF81F, 0xF81F, 0xF81F, 0xF81F,
    0xF81F, 0xF81F, 0xF81F, 0xF81F, 0xF81F, 0xF81F, 0xF81F, 0xF81F, 0xF81F, 0xF81F, 0xF81F, 0xF81F,
    0xF81F, 0xF81F, 0xF81F, 0xF81F, 0xF81F, 0xF81F, 0xF81F, 0xF81F, 0xF81F, 0xF81F, 0xF81F, 0xF81F,
    0xF81F, 0xF81F, 0xF81F, 0xF81F, 0xF81F, 0xF81F, 0xF81F, 0xF81F, 0xF81F, 0xF81F, 0xF81F, 0xF81F,
    0xF81F, 0xF81F, 0xF81F, 0xF81F, 0xF81F, 0xF81F, 0xF81F, 0xF81F, 0xF81F, 0xF81F, 0xF81F, 0xF81F,
    0xF81F, 0xF81F, 0xF81F, 0xF81F, 0xF81F, 0xF81F, 0xF81F, 0x0000, 0x0000, 0x39C7, 0xDEFB, 0xF79E,
    0xF7BE, 0xFFFF, 0xF7BE, 0xFFDF, 0xFFFF, 0xFFDF, 0xF7BE, 0x94B2, 0x0000, 0x0000, 0x0000, 0xF81F,
    0xF81F, 0xF81F, 0xF81F, 0xF81F, 0x0000, 0x0000, 0x18E3, 0x52AA, 0x4A69, 0x5AEB, 0x738E, 0x7BEF,
    0xAD55, 0x8C51, 0x630C, 0x4208, 0x2124, 0x2965, 0x0020, 0x0000, 0x0000, 0x0000, 0x0000, 0xF81F,
    0xF81F, 0xF81F, 0xF81F, 0xF81F, 0xF81F, 0xF81F, 0xF81F, 0xF81F, 0xF81F, 0xF81F, 0xF81F, 0xF81F,
    0xF81F, 0xF81F, 0xF81F, 0xF81F, 0xF81F, 0xF81F, 0xF81F, 0xF81F, 0xF81F, 0xF81F, 0xF81F, 0xF81F,
    0xF81F, 0xF81F, 0xF81F, 0xF81F, 0xF81F, 0xF81F, 0xF81F, 0xF81F, 0xF81F, 0xF81F, 0xF81F, 0xF81F,
    0xF81F, 0xF81F, 0xF81F, 0xF81F, 0xF81F, 0xF81F, 0xF81F, 0xF81F, 0xF81F, 0xF81F, 0xF81F, 0xF81F,
    0xF81F, 0xF81F, 0xF81F, 0xF81F, 0xF81F, 0xF81F, 0xF81F, 0xF81F, 0xF81F, 0xF81F, 0xF81F, 0xF81F,
    0xF81F, 0xF81F, 0xF81F, 0xF81F, 0xF81F, 0xF81F, 0xF81F, 0xF81F, 0x0000, 0x0000, 0x0000, 0x0000,
    0x0000, 0x6B4D, 0xBDF7, 0xCE59, 0xCE79, 0xD6BA, 0xD6BA, 0xCE79, 0x7BCF, 0x0000, 0x0000, 0x0000,
    0xF81F, 0xF81F, 0xF81F, 0xF81F, 0xF81F, 0xF81F, 0xF81F, 0x0000, 0x0861, 0xA514, 0xBDD7, 0xAD55,
    0x630C, 0x9CD3, 0x8C51, 0xA514, 0xAD55, 0xB596, 0xBDD7, 0xBDF7, 0xA534, 0x4A49, 0x0000, 0x0020,
    0x0000, 0x0000, 0xF81F, 0xF81F, 0xF81F, 0xF81F, 0xF81F, 0xF81F, 0xF81F, 0xF81F, 0xF81F, 0xF81F,
    0xF81F, 0xF81F, 0xF81F, 0xF81F, 0xF81F, 0xF81F, 0xF81F, 0xF81F, 0xF81F, 0xF81F, 0xF81F, 0xF81F,
    0xF81F, 0xF81F, 0xF81F, 0xF81F, 0xF81F, 0xF81F, 0xF81F, 0xF81F, 0xF81F, 0xF81F, 0xF81F, 0xF81F,
    0xF81F, 0xF81F, 0xF81F, 0xF81F, 0xF81F, 0xF81F, 0xF81F, 0xF81F, 0xF81F, 0xF81F, 0xF81F, 0xF81F,
    0xF81F, 0xF81F, 0xF81F, 0xF81F, 0xF81F, 0xF81F, 0xF81F, 0xF81F, 0xF81F, 0xF81F, 0xF81F, 0xF81F,
    0xF81F, 0xF81F, 0xF81F, 0xF81F, 0xF81F, 0xF81F, 0xF81F, 0xF81F, 0xF81F, 0xF81F, 0xF81F, 0x0000,
    0x0000, 0x9492, 0xB5B6, 0x5ACB, 0x2945, 0x0000, 0x2965, 0x3186, 0x2945, 0x18C3, 0x0000, 0x0000,
    0x0000, 0xF81F, 0xF81F, 0xF81F, 0xF81F, 0xF81F, 0xF81F, 0xF81F, 0xF81F, 0x0000, 0x0000, 0x52AA,
    0x8C71, 0x8C51, 0x4A49, 0x8430, 0xA514, 0xEF7D, 0xFFFF, 0xFFFF, 0xFFFF, 0xFFFF, 0xFFFF, 0xDEFB,
    0xAD75, 0x31A6, 0x0000, 0x0000, 0x0000, 0xF81F, 0xF81F, 0xF81F, 0xF81F, 0xF81F, 0xF81F, 0xF81F,
    0xF81F, 0xF81F, 0xF81F, 0xF81F, 0xF81F, 0xF81F, 0xF81F, 0xF81F, 0xF81F, 0xF81F, 0xF81F, 0xF81F,
    0xF81F, 0xF81F, 0xF81F, 0xF81F, 0xF81F, 0xF81F, 0xF81F, 0xF81F, 0xF81F, 0xF81F, 0xF81F, 0xF81F,
    0xF81F, 0xF81F, 0xF81F, 0xF81F, 0xF81F, 0xF81F, 0xF81F, 0xF81F, 0xF81F, 0xF81F, 0xF81F, 0xF81F,
    0xF81F, 0xF81F, 0xF81F, 0xF81F, 0xF81F, 0xF81F, 0xF81F, 0xF81F, 0xF81F, 0xF81F, 0xF81F, 0xF81F,
    0xF81F, 0xF81F, 0xF81F, 0xF81F, 0xF81F, 0xF81F, 0xF81F, 0xF81F, 0xF81F, 0xF81F, 0xF81F, 0xF81F,
    0xF81F, 0x0000, 0x31A6, 0xCE59, 0xF7BE, 0xF7BE, 0xF7BE, 0xF79E, 0xCE79, 0xBDD7, 0xB596, 0x39C7,
    0x0000, 0x0000, 0xF81F, 0xF81F, 0xF81F, 0xF81F, 0xF81F, 0xF81F, 0xF81F, 0xF81F, 0xF81F, 0xF81F,
    0x0000, 0x0000, 0x0000, 0x0000, 0x0000, 0x0020, 0x18C3, 0x31A6, 0x632C, 0x8C51, 0xC618, 0xE73C,
    0xEF5D, 0xEF7D, 0xE71C, 0xA514, 0x0861, 0x0000, 0x0000, 0xF81F, 0xF81F, 0xF81F, 0xF81F, 0xF81F,
    0xF81F, 0xF81F, 0xF81F, 0xF81F, 0xF81F, 0xF81F, 0xF81F, 0xF81F, 0xF81F, 0xF81F, 0xF81F, 0xF81F,
    0xF81F, 0xF81F, 0xF81F, 0xF81F, 0xF81F, 0xF81F, 0xF81F, 0xF81F, 0xF81F, 0xF81F, 0xF81F, 0xF81F,
    0xF81F, 0xF81F, 0xF81F, 0xF81F, 0xF81F, 0xF81F, 0xF81F, 0xF81F, 0xF81F, 0xF81F, 0xF81F, 0xF81F,
    0xF81F, 0xF81F, 0xF81F, 0xF81F, 0xF81F, 0xF81F, 0xF81F, 0xF81F, 0xF81F, 0xF81F, 0xF81F, 0xF81F,
    0xF81F, 0xF81F, 0xF81F, 0xF81F, 0xF81F, 0xF81F, 0xF81F, 0xF81F, 0xF81F, 0xF81F, 0xF81F, 0xF81F,
    0xF81F, 0xF81F, 0xF81F, 0x0000, 0x528A, 0xDEDB, 0xFFDF, 0xFFFF, 0xFFDF, 0xFFDF, 0xF7BE, 0xFFDF,
    0xD69A, 0x2124, 0x0000, 0x0000, 0xF81F, 0xF81F, 0xF81F, 0xF81F, 0xF81F, 0xF81F, 0xF81F, 0xF81F,
    0xF81F, 0xF81F, 0xF81F, 0x0000, 0x0000, 0x0000, 0x0000, 0x0000, 0x0000, 0x0000, 0x0000, 0x0000,
    0x0000, 0x0000, 0x0000, 0x0000, 0x0000, 0x0000, 0x0000, 0x0000, 0x0000, 0xF81F, 0xF81F, 0xF81F,
    0xF81F, 0xF81F, 0xF81F, 0xF81F, 0xF81F, 0xF81F, 0xF81F, 0xF81F, 0xF81F, 0xF81F, 0xF81F, 0xF81F,
    0xF81F, 0xF81F, 0xF81F, 0xF81F, 0xF81F, 0xF81F, 0xF81F, 0xF81F, 0xF81F, 0xF81F, 0xF81F, 0xF81F,
    0xF81F, 0xF81F, 0xF81F, 0xF81F, 0xF81F, 0xF81F, 0xF81F, 0xF81F, 0xF81F, 0xF81F, 0xF81F, 0xF81F,
    0xF81F, 0xF81F, 0xF81F, 0xF81F, 0xF81F, 0xF81F, 0xF81F, 0xF81F, 0xF81F, 0xF81F, 0xF81F, 0xF81F,
    0xF81F, 0xF81F, 0xF81F, 0xF81F, 0xF81F, 0xF81F, 0xF81F, 0xF81F, 0xF81F, 0xF81F, 0xF81F, 0xF81F,
    0xF81F, 0xF81F, 0xF81F, 0xF81F, 0xF81F, 0x0000, 0x10A2, 0xC638, 0xFFDF, 0xFFFF, 0xFFFF, 0xFFFF,
    0xF7BE, 0xBDF7, 0x4A49, 0x0000, 0x0000, 0x0000, 0xF81F, 0xF81F, 0xF81F, 0xF81F, 0xF81F, 0xF81F,
    0xF81F, 0xF81F, 0xF81F, 0xF81F, 0x0000, 0x0000, 0x0000, 0x0000, 0x0000, 0x0000, 0xF81F, 0x0000,
    0x0000, 0x0000, 0x0000, 0x0000, 0x0000, 0x0000, 0x0000, 0x0000, 0x0000, 0x0000, 0xF81F, 0xF81F,
    0xF81F, 0xF81F, 0xF81F, 0xF81F, 0xF81F, 0xF81F, 0xF81F, 0xF81F, 0xF81F, 0xF81F, 0xF81F, 0xF81F,
    0xF81F, 0xF81F, 0xF81F, 0xF81F, 0xF81F, 0xF81F, 0xF81F, 0xF81F, 0xF81F, 0xF81F, 0xF81F, 0xF81F,
    0xF81F, 0xF81F, 0xF81F, 0xF81F, 0xF81F, 0xF81F, 0xF81F, 0xF81F, 0xF81F, 0xF81F, 0xF81F, 0xF81F,
    0xF81F, 0xF81F, 0xF81F, 0xF81F, 0xF81F, 0xF81F, 0xF81F, 0xF81F, 0xF81F, 0xF81F, 0xF81F, 0xF81F,
    0xF81F, 0xF81F, 0xF81F, 0xF81F, 0xF81F, 0xF81F, 0xF81F, 0xF81F, 0xF81F, 0xF81F, 0xF81F, 0xF81F,
    0xF81F, 0xF81F, 0xF81F, 0xF81F, 0xF81F, 0xF81F, 0xF81F, 0x0000, 0x0000, 0x2124, 0x8430, 0xEF5D,
    0xEF7D, 0xB596, 0x52AA, 0x10A2, 0x0000, 0x0000, 0xF81F, 0xF81F, 0xF81F, 0xF81F, 0xF81F, 0xF81F,
    0xF81F, 0xF81F, 0xF81F, 0xF81F, 0xF81F, 0xF81F, 0xF81F, 0xF81F, 0xF81F, 0xF81F, 0xF81F, 0xF81F,
    0xF81F, 0xF81F, 0xF81F, 0xF81F, 0xF81F, 0xF81F, 0xF81F, 0xF81F, 0xF81F, 0xF81F, 0xF81F, 0xF81F,
    0xF81F, 0xF81F, 0xF81F, 0xF81F, 0xF81F, 0xF81F, 0xF81F, 0xF81F, 0xF81F, 0xF81F, 0xF81F, 0xF81F,
    0xF81F, 0xF81F, 0xF81F, 0xF81F, 0xF81F, 0xF81F, 0xF81F, 0xF81F, 0xF81F, 0xF81F, 0xF81F, 0xF81F,
    0xF81F, 0xF81F, 0xF81F, 0xF81F, 0xF81F, 0xF81F, 0xF81F, 0xF81F, 0xF81F, 0xF81F, 0xF81F, 0xF81F,
    0xF81F, 0xF81F, 0xF81F, 0xF81F, 0xF81F, 0xF81F, 0xF81F, 0xF81F, 0xF81F, 0xF81F, 0xF81F, 0xF81F,
    0xF81F, 0xF81F, 0xF81F, 0xF81F, 0xF81F, 0xF81F, 0xF81F, 0xF81F, 0xF81F, 0xF81F, 0xF81F, 0xF81F,
    0xF81F, 0xF81F, 0xF81F, 0xF81F, 0xF81F, 0xF81F, 0xF81F, 0xF81F, 0xF81F, 0xF81F, 0x0000, 0x0000,
    0x0000, 0x0000, 0x0000, 0x0000, 0x0000, 0x0000, 0x0000, 0xF81F, 0xF81F, 0xF81F, 0xF81F, 0xF81F,
    0xF81F, 0xF81F, 0xF81F, 0xF81F, 0xF81F, 0xF81F, 0xF81F, 0xF81F, 0xF81F, 0xF81F, 0xF81F, 0xF81F,
    0xF81F, 0xF81F, 0xF81F, 0xF81F, 0xF81F, 0xF81F, 0xF81F, 0xF81F, 0xF81F, 0xF81F, 0xF81F, 0xF81F,
    0xF81F, 0xF81F, 0xF81F, 0xF81F, 0xF81F, 0xF81F, 0xF81F, 0xF81F, 0xF81F, 0xF81F, 0xF81F, 0xF81F,
    0xF81F, 0xF81F, 0xF81F, 0xF81F, 0xF81F, 0xF81F, 0xF81F, 0xF81F, 0xF81F, 0xF81F, 0xF81F, 0xF81F,
    0xF81F, 0xF81F, 0xF81F, 0xF81F, 0xF81F, 0xF81F, 0xF81F, 0xF81F, 0xF81F, 0xF81F, 0xF81F, 0xF81F,
    0xF81F, 0xF81F, 0xF81F, 0xF81F, 0xF81F, 0xF81F, 0xF81F, 0xF81F, 0xF81F, 0xF81F, 0xF81F, 0xF81F,
    0xF81F, 0xF81F, 0xF81F, 0xF81F, 0xF81F, 0xF81F, 0xF81F, 0xF81F, 0xF81F, 0xF81F, 0xF81F, 0xF81F,
    0xF81F, 0xF81F, 0xF81F, 0xF81F, 0xF81F, 0xF81F, 0xF81F, 0xF81F, 0xF81F, 0xF81F, 0xF81F, 0xF81F,
    0x0000, 0x0000, 0x0000, 0x0000, 0x0000, 0x0000, 0x0000, 0x0000, 0xF81F, 0xF81F, 0xF81F, 0xF81F,
    0xF81F, 0xF81F, 0xF81F, 0xF81F, 0xF81F, 0xF81F, 0xF81F, 0xF81F, 0xF81F, 0xF81F, 0xF81F, 0xF81F,
    0xF81F, 0xF81F, 0xF81F, 0xF81F, 0xF81F, 0xF81F, 0xF81F, 0xF81F, 0xF81F, 0xF81F, 0xF81F, 0xF81F,
    0xF81F, 0xF81F, 0xF81F, 0xF81F, 0xF81F, 0xF81F, 0xF81F, 0xF81F, 0xF81F, 0xF81F, 0xF81F, 0xF81F,
    0xF81F, 0xF81F, 0xF81F, 0xF81F,
};
